// Generated by hardware/generate-charm-art.cjs from the supplied astronaut PNG.
#pragma once
#include <stdint.h>
#include <pgmspace.h>
namespace charm_art {
constexpr int kWidth=156;
constexpr int kHeight=184;
static const uint16_t kAstronaut[] PROGMEM = {
  0x0000, 0x0000, 0x0000, 0x0000, 0x0000, 0x0000, 0x0000, 0x0000, 0x0000, 0x0000, 0x0000, 0x0000, 0x0000, 0x0000, 0x0000, 0x0000,
  0x0000, 0x0000, 0x0000, 0x0000, 0x0000, 0x0000, 0x0000, 0x0000, 0x0000, 0x0000, 0x0000, 0x0000, 0x0000, 0x0000, 0x0000, 0x0000,
  0x0000, 0x0000, 0x0000, 0x0000, 0x0000, 0x0000, 0x0000, 0x0000, 0x0000, 0x0000, 0x0000, 0x0000, 0x0000, 0x0000, 0x0000, 0x0000,
  0x0000, 0x0000, 0x0000, 0x0000, 0x0000, 0x0000, 0x0000, 0x0000, 0x0000, 0x0000, 0x0000, 0x0000, 0x0000, 0x1082, 0x2945, 0x4a49,
  0x73ae, 0x94d3, 0xb5b7, 0xbdf8, 0xbdf7, 0xa535, 0x8c51, 0x52aa, 0x2945, 0x0861, 0x0000, 0x0000, 0x0000, 0x0000, 0x0000, 0x0000,
  0x0000, 0x0000, 0x0000, 0x0000, 0x0000, 0x0000, 0x0000, 0x0000, 0x0000, 0x0000, 0x0000, 0x0000, 0x0000, 0x0000, 0x0000, 0x0000,
  0x0000, 0x0000, 0x0000, 0x0000, 0x0000, 0x0000, 0x0000, 0x0000, 0x0000, 0x0000, 0x0000, 0x0000, 0x0000, 0x0000, 0x0000, 0x0000,
  0x0000, 0x0000, 0x0000, 0x0000, 0x0000, 0x0000, 0x0000, 0x0000, 0x0000, 0x0000, 0x0000, 0x0000, 0x0000, 0x0000, 0x0000, 0x0000,
  0x0000, 0x0000, 0x0000, 0x0000, 0x0000, 0x0000, 0x0000, 0x0000, 0x0000, 0x0000, 0x0000, 0x0000, 0x0000, 0x0000, 0x0000, 0x0000,
  0x0000, 0x0000, 0x0000, 0x0000, 0x0000, 0x0000, 0x0000, 0x0000, 0x0000, 0x0000, 0x0000, 0x0000, 0x0000, 0x0000, 0x0000, 0x0000,
  0x0000, 0x0000, 0x0000, 0x0000, 0x0000, 0x0000, 0x0000, 0x0000, 0x0000, 0x0000, 0x0000, 0x0000, 0x0000, 0x0000, 0x0000, 0x0000,
  0x0000, 0x0000, 0x0000, 0x0000, 0x0000, 0x0000, 0x0000, 0x0000, 0x0000, 0x0000, 0x0000, 0x0000, 0x0000, 0x0000, 0x0000, 0x0000,
  0x0000, 0x0000, 0x0000, 0x0000, 0x0000, 0x0000, 0x0000, 0x0000, 0x0000, 0x0000, 0x0000, 0x0000, 0x0000, 0x0000, 0x0000, 0x0000,
  0x0000, 0x0000, 0x0000, 0x0000, 0x18e3, 0x8431, 0xe73d, 0xef9f, 0xef9f, 0xef9f, 0xef9e, 0xef9e, 0xef9e, 0xef9e, 0xef9e, 0xef9e,
  0xef9e, 0xef9e, 0xef9e, 0xef9e, 0xef9e, 0xef9e, 0xef9e, 0xef9e, 0xd6db, 0x630c, 0x0841, 0x0000, 0x0000, 0x0000, 0x0000, 0x0000,
  0x0000, 0x0000, 0x0000, 0x0000, 0x0000, 0x0000, 0x0000, 0x0000, 0x0000, 0x0000, 0x0000, 0x0000, 0x0000, 0x0000, 0x0000, 0x0000,
  0x0000, 0x0000, 0x0000, 0x0000, 0x0000, 0x0000, 0x0000, 0x0000, 0x0000, 0x0000, 0x0000, 0x0000, 0x0000, 0x0000, 0x0000, 0x0000,
  0x0000, 0x0000, 0x0000, 0x0000, 0x0000, 0x0000, 0x0000, 0x0000, 0x0000, 0x0000, 0x0000, 0x0000, 0x0000, 0x0000, 0x0000, 0x0000,
  0x0000, 0x0000, 0x0000, 0x0000, 0x0000, 0x0000, 0x0000, 0x0000, 0x0000, 0x0000, 0x0000, 0x0000, 0x0000, 0x0000, 0x0000, 0x0000,
  0x0000, 0x0000, 0x0000, 0x0000, 0x0000, 0x0000, 0x0000, 0x0000, 0x0000, 0x0000, 0x0000, 0x0000, 0x0000, 0x0000, 0x0000, 0x0000,
  0x0000, 0x0000, 0x0000, 0x0000, 0x0000, 0x0000, 0x0000, 0x0000, 0x0000, 0x0000, 0x0000, 0x0000, 0x0000, 0x0000, 0x0000, 0x0000,
  0x0000, 0x0000, 0x0000, 0x0000, 0x0000, 0x0000, 0x0000, 0x0000, 0x0000, 0x0000, 0x0000, 0x0000, 0x0000, 0x0000, 0x0000, 0x0000,
  0x0000, 0x0000, 0x0000, 0x0000, 0x0000, 0x0000, 0x0000, 0x0000, 0x0000, 0x0000, 0x0000, 0x0000, 0x0020, 0x5acb, 0xd6bb, 0xef9f,
  0xef9f, 0xef9f, 0xef9e, 0xef7e, 0xef7d, 0xef5d, 0xef5d, 0xef5d, 0xef5d, 0xef5d, 0xef5d, 0xef5d, 0xef5d, 0xef5d, 0xef5d, 0xef5d,
  0xef5d, 0xef7e, 0xef9e, 0xef9e, 0xef9e, 0xef9e, 0xef9f, 0xef9e, 0xb596, 0x2965, 0x0000, 0x0000, 0x0000, 0x0000, 0x0000, 0x0000,
  0x0000, 0x0000, 0x0000, 0x0000, 0x0000, 0x0000, 0x0000, 0x0000, 0x0000, 0x0000, 0x0000, 0x0000, 0x0000, 0x0000, 0x0020, 0x1082,
  0x2124, 0x3186, 0x39c7, 0x39e7, 0x39c7, 0x2945, 0x0841, 0x0000, 0x0000, 0x0000, 0x0000, 0x0000, 0x0000, 0x0000, 0x0000, 0x0000,
  0x0000, 0x0000, 0x0000, 0x0000, 0x0000, 0x0000, 0x0000, 0x0000, 0x0000, 0x0000, 0x0000, 0x0000, 0x0000, 0x0000, 0x0000, 0x0000,
  0x0000, 0x0000, 0x0000, 0x0000, 0x0000, 0x0000, 0x0000, 0x0000, 0x0000, 0x0000, 0x0000, 0x0000, 0x0000, 0x0000, 0x0000, 0x0000,
  0x0000, 0x0000, 0x0000, 0x0000, 0x0000, 0x0000, 0x0000, 0x0000, 0x0000, 0x0000, 0x0000, 0x0000, 0x0000, 0x0000, 0x0000, 0x0000,
  0x0000, 0x0000, 0x0000, 0x0000, 0x0000, 0x0000, 0x0000, 0x0000, 0x0000, 0x0000, 0x0000, 0x0000, 0x0000, 0x0000, 0x0000, 0x0000,
  0x0000, 0x0000, 0x0000, 0x0000, 0x0000, 0x0000, 0x0000, 0x0000, 0x0000, 0x0000, 0x0000, 0x0000, 0x0000, 0x0000, 0x0000, 0x0000,
  0x0000, 0x0000, 0x0000, 0x0000, 0x0000, 0x0000, 0x2965, 0xd6bb, 0xef9f, 0xef9f, 0xef9e, 0xef5d, 0xe73d, 0xe73d, 0xe73d, 0xe73d,
  0xe75d, 0xe75d, 0xe75d, 0xe75d, 0xe75d, 0xef5d, 0xe75d, 0xef5d, 0xef5d, 0xe75d, 0xef5d, 0xef5d, 0xef5d, 0xef5d, 0xef5d, 0xef5d,
  0xef5d, 0xef5d, 0xef7e, 0xef9e, 0xef9e, 0xef9e, 0xef9e, 0xd69a, 0x9cd3, 0x632c, 0x6b6d, 0x8c71, 0xad76, 0xc638, 0xce9a, 0xd6bb,
  0xdefc, 0xe73d, 0xe75d, 0xef7e, 0xef7e, 0xef7e, 0xef7e, 0xef7e, 0xef7e, 0xef7e, 0xef7e, 0xef7e, 0xef7e, 0xef7e, 0xef7e, 0xef7e,
  0xef5d, 0xe75d, 0xef5d, 0xe75d, 0x8c72, 0x0000, 0x0000, 0x0000, 0x0000, 0x0000, 0x0000, 0x0000, 0x0000, 0x0000, 0x0000, 0x0000,
  0x0000, 0x0000, 0x0000, 0x0000, 0x0000, 0x0000, 0x0000, 0x0000, 0x0000, 0x0000, 0x0000, 0x0000, 0x0000, 0x0000, 0x0000, 0x0000,
  0x0000, 0x0000, 0x0000, 0x0000, 0x0000, 0x0000, 0x0000, 0x0000, 0x0000, 0x0000, 0x0000, 0x0000, 0x0000, 0x0000, 0x0000, 0x0000,
  0x0000, 0x0000, 0x0000, 0x0000, 0x0000, 0x0000, 0x0000, 0x0000, 0x0000, 0x0000, 0x0000, 0x0000, 0x0000, 0x0000, 0x0000, 0x0000,
  0x0000, 0x0000, 0x0000, 0x0000, 0x0000, 0x0000, 0x0000, 0x0000, 0x0000, 0x0000, 0x0000, 0x0000, 0x0000, 0x0000, 0x0000, 0x0000,
  0x0000, 0x0000, 0x0000, 0x0000, 0x0000, 0x0000, 0x0000, 0x0000, 0x0000, 0x0000, 0x0000, 0x0000, 0x0000, 0x0000, 0x0000, 0x0000,
  0x5acb, 0xef9e, 0xef9e, 0xef9e, 0xe75d, 0xe73d, 0xe73d, 0xe73d, 0xe73d, 0xe73d, 0xe73d, 0xe73d, 0xe73d, 0xe73d, 0xe73d, 0xe73d,
  0xe73d, 0xe73c, 0xe73c, 0xe73c, 0xe73d, 0xe73d, 0xe73d, 0xe73d, 0xe73c, 0xe75d, 0xef5d, 0xef5d, 0xef5d, 0xef5d, 0xef5d, 0xef5d,
  0xef5d, 0xef7e, 0xef9e, 0xef9e, 0xef9e, 0xef9f, 0xef7e, 0xef7e, 0xef7e, 0xef7e, 0xef7e, 0xef7e, 0xef5e, 0xef7e, 0xef7e, 0xef7e,
  0xe75e, 0xef7e, 0xef5e, 0xe75d, 0xe75d, 0xe75d, 0xe75d, 0xe75d, 0xe75d, 0xe75d, 0xe75d, 0xe75d, 0xe73d, 0xe73d, 0xe73d, 0xe73d,
  0xe73d, 0xe73d, 0x39e7, 0x0000, 0x0000, 0x0000, 0x0000, 0x0000, 0x0000, 0x0000, 0x0000, 0x0000, 0x0000, 0x0000, 0x0000, 0x0000,
  0x0000, 0x0000, 0x0000, 0x0000, 0x0000, 0x0000, 0x0000, 0x0000, 0x0000, 0x0000, 0x0000, 0x0000, 0x0000, 0x0000, 0x0000, 0x0000,
  0x0000, 0x0000, 0x0000, 0x0000, 0x0000, 0x0000, 0x0000, 0x0000, 0x0000, 0x0000, 0x0000, 0x0000, 0x0000, 0x0000, 0x0000, 0x0000,
  0x0000, 0x0000, 0x0000, 0x0000, 0x0000, 0x0000, 0x0000, 0x0000, 0x0000, 0x0000, 0x0000, 0x0000, 0x0000, 0x0000, 0x0000, 0x0000,
  0x0000, 0x0000, 0x0000, 0x0000, 0x0000, 0x0000, 0x0000, 0x0000, 0x0000, 0x0000, 0x0000, 0x0000, 0x0000, 0x0000, 0x0000, 0x0000,
  0x0000, 0x0000, 0x0000, 0x0000, 0x0000, 0x0000, 0x0000, 0x0000, 0x0000, 0x0000, 0x52aa, 0xef7e, 0xef9e, 0xef7e, 0xe73d, 0xe73c,
  0xe73c, 0xe73c, 0xe73c, 0xe73c, 0xe73c, 0xe73c, 0xe73c, 0xe73c, 0xe73c, 0xe73c, 0xe73c, 0xe73c, 0xe73c, 0xe73c, 0xe73c, 0xe73c,
  0xe73c, 0xe73c, 0xe73c, 0xe73c, 0xe73d, 0xe73c, 0xe73d, 0xe73d, 0xe73c, 0xef5d, 0xef5d, 0xef5d, 0xef5d, 0xef5d, 0xef5d, 0xef7e,
  0xef7e, 0xef9e, 0xef9e, 0xef9e, 0xe75d, 0xe75d, 0xe73d, 0xe73d, 0xe73d, 0xe73d, 0xe73d, 0xe73d, 0xe73d, 0xe73d, 0xe73d, 0xe71d,
  0xe71d, 0xdf1c, 0xe71d, 0xe73d, 0xe73d, 0xe73c, 0xe73c, 0xe73c, 0xe73c, 0xe71c, 0xe71c, 0xe71c, 0xe71c, 0xe71c, 0xe73c, 0x8410,
  0x0000, 0x0000, 0x0000, 0x0000, 0x0000, 0x0000, 0x0000, 0x0000, 0x0000, 0x0000, 0x0000, 0x0000, 0x0000, 0x0000, 0x0000, 0x0000,
  0x0000, 0x0000, 0x0000, 0x0000, 0x0000, 0x0000, 0x0000, 0x0000, 0x0000, 0x0000, 0x0000, 0x0000, 0x0000, 0x0000, 0x0000, 0x0000,
  0x0000, 0x0000, 0x0000, 0x0000, 0x0000, 0x0000, 0x0000, 0x0000, 0x0000, 0x0000, 0x0000, 0x0000, 0x0000, 0x0000, 0x0000, 0x0000,
  0x0000, 0x0000, 0x0000, 0x0000, 0x0000, 0x0000, 0x0000, 0x0000, 0x0000, 0x0000, 0x0000, 0x0000, 0x0000, 0x0000, 0x0000, 0x0000,
  0x0000, 0x0000, 0x0000, 0x0000, 0x0000, 0x0000, 0x0000, 0x0000, 0x0000, 0x0000, 0x0000, 0x0000, 0x0000, 0x0000, 0x0000, 0x0000,
  0x0000, 0x0000, 0x0000, 0x0000, 0x1082, 0xe73d, 0xef7e, 0xef9e, 0xe71c, 0xe71c, 0xe71c, 0xe71c, 0xe71c, 0xe71c, 0xe71c, 0xe71c,
  0xe71c, 0xe71c, 0xe71c, 0xe71c, 0xe71c, 0xe71c, 0xe71c, 0xe71c, 0xe71c, 0xe71c, 0xe71c, 0xe71c, 0xe73c, 0xe73c, 0xe73c, 0xe73c,
  0xe73c, 0xe73c, 0xe73c, 0xe73d, 0xe73d, 0xe73d, 0xe73d, 0xe75d, 0xef5d, 0xef5d, 0xef5d, 0xe75d, 0xe75d, 0xef7e, 0xef7e, 0xef9e,
  0xef9e, 0xef5e, 0xdf1d, 0xdf1c, 0xdf1c, 0xdf1c, 0xdefc, 0xdefc, 0xdefc, 0xdefc, 0xdefc, 0xdefc, 0xdefc, 0xdefc, 0xdefc, 0xdefc,
  0xdefc, 0xe71c, 0xe71c, 0xe71c, 0xe71c, 0xe71c, 0xe71c, 0xe71c, 0xe71c, 0xe71c, 0xdedb, 0xe71c, 0x528a, 0x0000, 0x0000, 0x0000,
  0x0000, 0x0000, 0x0000, 0x0000, 0x0000, 0x0000, 0x0000, 0x0000, 0x0000, 0x0000, 0x0000, 0x0000, 0x0000, 0x0000, 0x0000, 0x0000,
  0x0000, 0x0000, 0x0000, 0x0000, 0x0000, 0x0000, 0x0000, 0x0000, 0x0000, 0x0000, 0x0000, 0x0000, 0x0000, 0x0000, 0x0000, 0x0000,
  0x0000, 0x0000, 0x0000, 0x0000, 0x0000, 0x0000, 0x0000, 0x0000, 0x0000, 0x0000, 0x0000, 0x0000, 0x0000, 0x0000, 0x0000, 0x0000,
  0x0000, 0x0000, 0x0000, 0x0000, 0x0000, 0x0000, 0x0000, 0x0000, 0x0000, 0x0000, 0x0000, 0x0000, 0x0000, 0x0000, 0x0000, 0x0000,
  0x0000, 0x0000, 0x0000, 0x0000, 0x0000, 0x0000, 0x0000, 0x0000, 0x0000, 0x0000, 0x0000, 0x0000, 0x0000, 0x0000, 0x0000, 0x94d3,
  0xef7e, 0xef7e, 0xe73d, 0xe71c, 0xe71c, 0xe71c, 0xe71c, 0xe71c, 0xe71c, 0xdf1c, 0xe71c, 0xdf1c, 0xe71c, 0xe71c, 0xe71c, 0xe71c,
  0xe71c, 0xe71c, 0xe71c, 0xe71c, 0xe71c, 0xe71c, 0xe71c, 0xe71c, 0xe71c, 0xe71c, 0xe71c, 0xe71c, 0xe73c, 0xe73c, 0xe73c, 0xe73c,
  0xe73c, 0xe73c, 0xe73d, 0xe73d, 0xe73d, 0xef5d, 0xef5d, 0xef5d, 0xef5d, 0xe75d, 0xe75d, 0xef7e, 0xef7e, 0xef9e, 0xf7be, 0xdefc,
  0xdefc, 0xdefc, 0xdefc, 0xdedb, 0xdedb, 0xdedb, 0xdedb, 0xdedb, 0xdedb, 0xdedb, 0xdedb, 0xdedb, 0xdedb, 0xdedb, 0xdefb, 0xdf1c,
  0xdefc, 0xdefc, 0xdefb, 0xdefb, 0xdefb, 0xdefb, 0xdefb, 0xc618, 0xe71c, 0x0000, 0x0000, 0x0000, 0x0000, 0x0000, 0x0000, 0x0000,
  0x0000, 0x0000, 0x0000, 0x0000, 0x0000, 0x0000, 0x0000, 0x0000, 0x0000, 0x0000, 0x0000, 0x0000, 0x0000, 0x0000, 0x0000, 0x0000,
  0x0000, 0x0000, 0x0000, 0x0000, 0x0000, 0x0000, 0x0000, 0x0000, 0x0000, 0x0000, 0x0000, 0x0000, 0x0000, 0x0000, 0x0000, 0x0000,
  0x0000, 0x0000, 0x0000, 0x0000, 0x0000, 0x0000, 0x0000, 0x0000, 0x0000, 0x0000, 0x0000, 0x0000, 0x0000, 0x0000, 0x0000, 0x0000,
  0x0000, 0x0000, 0x0000, 0x0000, 0x0000, 0x0000, 0x0000, 0x0000, 0x0000, 0x0000, 0x0000, 0x0000, 0x0000, 0x0000, 0x0000, 0x0000,
  0x0000, 0x0000, 0x0000, 0x0000, 0x0000, 0x0000, 0x0000, 0x0000, 0x0000, 0x18c3, 0xe73d, 0xe77e, 0xe77e, 0xdefc, 0xdefc, 0xdefc,
  0xdefc, 0xdefc, 0xdefc, 0xdefc, 0xdefc, 0xdefb, 0xdefb, 0xdefb, 0xdefb, 0xdefb, 0xdefb, 0xe6fb, 0xe6fb, 0xe6fb, 0xe6fb, 0xe6fb,
  0xe6fb, 0xe6fc, 0xe6fc, 0xe71c, 0xe71c, 0xe71c, 0xe71c, 0xe71c, 0xe71c, 0xe71c, 0xe71c, 0xe73c, 0xe73c, 0xe73c, 0xe73c, 0xe73d,
  0xe73d, 0xe73d, 0xe73d, 0xe73d, 0xe73d, 0xe73d, 0xe73d, 0xe73d, 0xef5d, 0xef7e, 0xef7e, 0xf79e, 0xe73c, 0xdefc, 0xdefc, 0xdefc,
  0xdefb, 0xdefb, 0xdefb, 0xdefb, 0xdedb, 0xd69a, 0xd69a, 0xd69a, 0xd6bb, 0xdefb, 0xdefb, 0xdedb, 0xdefb, 0xdedb, 0xdedb, 0xdedb,
  0xdedb, 0xdedb, 0xdedb, 0xe6fb, 0xdf1c, 0xb596, 0x0000, 0x0000, 0x0000, 0x0000, 0x0000, 0x0000, 0x0000, 0x0000, 0x0000, 0x0000,
  0x0000, 0x0000, 0x0000, 0x0000, 0x0000, 0x0000, 0x0000, 0x0000, 0x0000, 0x0000, 0x0000, 0x0000, 0x0000, 0x0000, 0x0000, 0x0000,
  0x0000, 0x0000, 0x0000, 0x0000, 0x0000, 0x0000, 0x0000, 0x0000, 0x0000, 0x0000, 0x0000, 0x0000, 0x0000, 0x0000, 0x0000, 0x0000,
  0x0000, 0x0000, 0x0000, 0x0000, 0x0000, 0x0000, 0x0000, 0x0000, 0x0000, 0x0000, 0x0000, 0x0000, 0x0000, 0x0000, 0x0000, 0x0000,
  0x0000, 0x0000, 0x0000, 0x0000, 0x0000, 0x0000, 0x0000, 0x0000, 0x0000, 0x0000, 0x0000, 0x0000, 0x0000, 0x0000, 0x0000, 0x0000,
  0x0000, 0x0000, 0x0000, 0x0000, 0x630c, 0xe77e, 0xe77e, 0xdf1c, 0xdefc, 0xdefc, 0xdefb, 0xdefb, 0xdefb, 0xdefb, 0xdefb, 0xdefb,
  0xdefb, 0xdefb, 0xdefb, 0xdefb, 0xdefb, 0xdefb, 0xdefb, 0xdefb, 0xdefb, 0xdefb, 0xdefb, 0xdefb, 0xdefb, 0xdefb, 0xdefb, 0xe6fb,
  0xe6fb, 0xe6fb, 0xe6fc, 0xe71c, 0xe71c, 0xe71c, 0xe71c, 0xe71c, 0xe71c, 0xe73c, 0xe73c, 0xe73c, 0xe73c, 0xe73d, 0xe73d, 0xe73d,
  0xe73d, 0xef5d, 0xef5c, 0xef5d, 0xef5d, 0xe73d, 0xef7e, 0xef7e, 0xef7e, 0xef7e, 0xe6fb, 0xdefb, 0xdefb, 0xdefb, 0xdedb, 0xdedb,
  0xd69a, 0xd679, 0xd679, 0xd679, 0xd67a, 0xdeba, 0xe6fb, 0xdedb, 0xdedb, 0xdedb, 0xdedb, 0xdebb, 0xdebb, 0xdebb, 0xdebb, 0xdebb,
  0xb575, 0xdefb, 0x0000, 0x0000, 0x0000, 0x0000, 0x0000, 0x0000, 0x0000, 0x0000, 0x0000, 0x0000, 0x0000, 0x0000, 0x0000, 0x0000,
  0x0000, 0x0000, 0x0000, 0x0000, 0x0000, 0x0000, 0x0000, 0x0000, 0x0000, 0x0000, 0x0000, 0x0000, 0x0000, 0x0000, 0x0000, 0x0000,
  0x0000, 0x0000, 0x0000, 0x0000, 0x0000, 0x0000, 0x0000, 0x0000, 0x0000, 0x0000, 0x0000, 0x0000, 0x0000, 0x0000, 0x0000, 0x0000,
  0x0000, 0x0000, 0x0000, 0x0000, 0x0000, 0x0000, 0x0000, 0x0000, 0x0000, 0x0000, 0x0000, 0x0000, 0x0000, 0x0000, 0x0000, 0x0000,
  0x0000, 0x0000, 0x0000, 0x0000, 0x0000, 0x0000, 0x0000, 0x0000, 0x0000, 0x0000, 0x0000, 0x0000, 0x0000, 0x0000, 0x0000, 0x9cf4,
  0xe77e, 0xe77e, 0xdefc, 0xdedb, 0xdedb, 0xdedb, 0xdedb, 0xdedb, 0xdedb, 0xdedb, 0xdedb, 0xdedb, 0xdedb, 0xdedb, 0xdedb, 0xdedb,
  0xdedb, 0xdedb, 0xdedb, 0xdedb, 0xdedb, 0xdedb, 0xdedb, 0xdedb, 0xdefb, 0xdefb, 0xdefb, 0xdefb, 0xdefb, 0xdefb, 0xdefb, 0xe6fb,
  0xe6fb, 0xe71c, 0xe71c, 0xe71c, 0xe71c, 0xe71c, 0xe73c, 0xe73c, 0xe73c, 0xe73c, 0xe73d, 0xe73d, 0xe73d, 0xef5d, 0xef5d, 0xef5d,
  0xef5d, 0xe73d, 0xe73d, 0xef5d, 0xef7e, 0xef7e, 0xef7e, 0xdedb, 0xdedb, 0xdeba, 0xdeba, 0xd69a, 0xd679, 0xce58, 0xce38, 0xce38,
  0xce38, 0xce59, 0xdeba, 0xdefb, 0xd6ba, 0xdeba, 0xd6ba, 0xd6ba, 0xd6ba, 0xd6ba, 0xd69a, 0xd6ba, 0xdeba, 0xd6bb, 0x4a28, 0x0000,
  0x0000, 0x0000, 0x0000, 0x0000, 0x0000, 0x0000, 0x0000, 0x0000, 0x0000, 0x0000, 0x0000, 0x0000, 0x0000, 0x0000, 0x0000, 0x0000,
  0x0000, 0x0000, 0x0000, 0x0000, 0x0000, 0x0000, 0x0000, 0x0000, 0x0000, 0x0000, 0x0000, 0x0000, 0x0000, 0x0000, 0x0000, 0x0000,
  0x0000, 0x0000, 0x0000, 0x0000, 0x0000, 0x0000, 0x0000, 0x0000, 0x0000, 0x0000, 0x0000, 0x0000, 0x0000, 0x0000, 0x0000, 0x0000,
  0x0000, 0x0000, 0x0000, 0x0000, 0x0000, 0x0000, 0x0000, 0x0000, 0x0000, 0x0000, 0x0000, 0x0000, 0x0000, 0x0000, 0x0000, 0x0000,
  0x0000, 0x0000, 0x0000, 0x0000, 0x0000, 0x0000, 0x0000, 0x0000, 0x0000, 0x0000, 0xc618, 0xe75e, 0xe75e, 0xdedb, 0xdedb, 0xd6db,
  0xdedb, 0xdedb, 0xdedb, 0xdedb, 0xdedb, 0xdedb, 0xdedb, 0xdedb, 0xdedb, 0xdedb, 0xdedb, 0xdedb, 0xdedb, 0xdebb, 0xdebb, 0xd6bb,
  0xdebb, 0xdebb, 0xdebb, 0xdedb, 0xdedb, 0xdedb, 0xdedb, 0xdedb, 0xdedb, 0xdedb, 0xdefb, 0xdefb, 0xdefb, 0xe6fb, 0xe6fb, 0xe6fb,
  0xe71c, 0xe71c, 0xe71c, 0xef5d, 0xf79e, 0xf79e, 0xef7d, 0xe73c, 0xe73d, 0xe75d, 0xe75d, 0xe73d, 0xe73d, 0xe73d, 0xe73d, 0xe73c,
  0xe73d, 0xef7e, 0xef7e, 0xf79e, 0xde9a, 0xde9a, 0xd699, 0xd679, 0xce38, 0xce18, 0xc5f7, 0xc5f7, 0xc5f7, 0xc618, 0xce38, 0xdeba,
  0xd69a, 0xd67a, 0xd69a, 0xd67a, 0xd67a, 0xd67a, 0xd67a, 0xd679, 0xd69a, 0xd69a, 0xad75, 0x0000, 0x0000, 0x0000, 0x0000, 0x0000,
  0x0000, 0x0000, 0x0000, 0x0000, 0x0000, 0x0000, 0x0000, 0x0000, 0x0000, 0x0000, 0x0000, 0x0000, 0x0000, 0x0000, 0x0000, 0x0000,
  0x0000, 0x0000, 0x0000, 0x0000, 0x0000, 0x0000, 0x0000, 0x0000, 0x0000, 0x0000, 0x0000, 0x0000, 0x0000, 0x0000, 0x0000, 0x0000,
  0x0000, 0x0000, 0x0000, 0x0000, 0x0000, 0x0000, 0x0000, 0x0000, 0x0000, 0x0000, 0x0000, 0x0000, 0x0000, 0x0000, 0x0000, 0x0000,
  0x0000, 0x0000, 0x0000, 0x0000, 0x0000, 0x0000, 0x0000, 0x0000, 0x0000, 0x0000, 0x0000, 0x0000, 0x0000, 0x0000, 0x0000, 0x0000,
  0x0000, 0x0000, 0x0000, 0x0000, 0x0000, 0xce7a, 0xe75e, 0xe73d, 0xd6bb, 0xd6bb, 0xd6bb, 0xd6bb, 0xd6dc, 0xd6dc, 0xe6fb, 0xe6b9,
  0xe696, 0xe653, 0xe632, 0xee11, 0xee31, 0xee74, 0xe6d8, 0xe6fb, 0xdefd, 0xdedc, 0xd6db, 0xd6bb, 0xd6ba, 0xd6ba, 0xd6ba, 0xd6ba,
  0xd6bb, 0xd6bb, 0xdebb, 0xdebb, 0xdebb, 0xdedb, 0xdedb, 0xdedb, 0xdedb, 0xdefb, 0xdefb, 0xdefb, 0xe6fb, 0xe71c, 0xe71c, 0xe71c,
  0xf79e, 0xf79e, 0xf79e, 0xf79e, 0xf79e, 0xef5d, 0xe73d, 0xe73d, 0xe73d, 0xe73d, 0xe73c, 0xe73c, 0xe73c, 0xe73c, 0xef7d, 0xef7e,
  0xf79e, 0xd679, 0xd679, 0xce38, 0xce17, 0xc5f7, 0xc5d7, 0xc5d6, 0xc5d7, 0xc5d7, 0xc5f7, 0xce38, 0xd67a, 0xce59, 0xce59, 0xd659,
  0xd679, 0xce59, 0xce59, 0xce59, 0xce59, 0xad56, 0xce7a, 0x0000, 0x0000, 0x0000, 0x0000, 0x0000, 0x0000, 0x0000, 0x0000, 0x0000,
  0x0000, 0x0000, 0x0000, 0x0000, 0x0000, 0x0000, 0x0000, 0x0000, 0x0000, 0x0000, 0x0000, 0x0000, 0x0000, 0x0000, 0x0000, 0x0000,
  0x0000, 0x0000, 0x0000, 0x0000, 0x0000, 0x0000, 0x0000, 0x0000, 0x0000, 0x0000, 0x0000, 0x0000, 0x0000, 0x0000, 0x0000, 0x0000,
  0x0000, 0x0000, 0x0000, 0x0000, 0x0000, 0x0000, 0x0000, 0x0000, 0x0000, 0x0000, 0x0000, 0x0000, 0x0000, 0x0000, 0x0000, 0x0000,
  0x0000, 0x0000, 0x0000, 0x0000, 0x0000, 0x0000, 0x0000, 0x0000, 0x0000, 0x0000, 0x0000, 0x0000, 0x0000, 0x0000, 0x0000, 0x0000,
  0xc659, 0xe75e, 0xdf3d, 0xd69a, 0xd6bb, 0xdedc, 0xe611, 0xed25, 0xed04, 0xed25, 0xed45, 0xed65, 0xed66, 0xed66, 0xed66, 0xed66,
  0xed45, 0xed44, 0xed24, 0xed03, 0xed02, 0xece1, 0xecc0, 0xece3, 0xe5ae, 0xd69a, 0xd69c, 0xd69b, 0xd69a, 0xd69a, 0xd6ba, 0xd6ba,
  0xdeba, 0xdebb, 0xdebb, 0xdedb, 0xdedb, 0xdedb, 0xdedb, 0xdefb, 0xdefb, 0xdefb, 0xe71c, 0xe71c, 0xef7d, 0xf79e, 0xf79e, 0xf79e,
  0xf79e, 0xf79e, 0xf79e, 0xe73d, 0xe73d, 0xe73d, 0xe73c, 0xe73c, 0xe73c, 0xe73c, 0xe73c, 0xef5d, 0xef5d, 0xef7e, 0xce38, 0xce18,
  0xc5f7, 0xc5d6, 0xbdb6, 0xbd96, 0xbd96, 0xbd96, 0xbdb6, 0xc5d7, 0xce38, 0xce38, 0xce39, 0xce59, 0xce59, 0xce59, 0xce39, 0xce39,
  0xce39, 0x9451, 0xd67a, 0x0000, 0x0000, 0x0000, 0x0000, 0x0000, 0x0000, 0x0000, 0x0000, 0x0000, 0x0000, 0x0000, 0x0000, 0x0000,
  0x0000, 0x0000, 0x0000, 0x0000, 0x0000, 0x0000, 0x0000, 0x0000, 0x0000, 0x0000, 0x0000, 0x0000, 0x0000, 0x0000, 0x0000, 0x0000,
  0x0000, 0x0000, 0x0000, 0x0000, 0x0000, 0x0000, 0x0000, 0x0000, 0x0000, 0x0000, 0x0000, 0x0000, 0x0000, 0x0000, 0x0000, 0x0000,
  0x0000, 0x0000, 0x0000, 0x0000, 0x0000, 0x0000, 0x0000, 0x0000, 0x0000, 0x0000, 0x0000, 0x0000, 0x0000, 0x0000, 0x0000, 0x0000,
  0x0000, 0x0000, 0x0000, 0x0000, 0x0000, 0x0000, 0x0000, 0x0000, 0x0000, 0x0000, 0x0000, 0xb596, 0xe73e, 0xdf1d, 0xce9c, 0xee95,
  0xf503, 0xed25, 0xed45, 0xed66, 0xfda6, 0xfda6, 0xed26, 0xdca6, 0xd446, 0xcc05, 0xc3e5, 0xcbc6, 0xcbe6, 0xd447, 0xe506, 0xf565,
  0xed22, 0xe4e1, 0xe4e1, 0xe4c1, 0xecc0, 0xece0, 0xece0, 0xecc0, 0xde14, 0xd69c, 0xd69a, 0xd67a, 0xd69a, 0xd6ba, 0xd6ba, 0xd6ba,
  0xdeba, 0xdebb, 0xdebb, 0xdedb, 0xdefb, 0xdefb, 0xdefb, 0xe71c, 0xef5d, 0xef7d, 0xf79e, 0xf79e, 0xf77d, 0xf79e, 0xf79e, 0xf79e,
  0xf79d, 0xe73c, 0xe73c, 0xe73c, 0xe73c, 0xe73c, 0xe71c, 0xe71c, 0xef5d, 0xef5d, 0xef5d, 0xc5f7, 0xc5d7, 0xc5b6, 0xbd96, 0xbd76,
  0xb575, 0xb555, 0xb576, 0xbd96, 0xc5d7, 0xc5f8, 0xc618, 0xc618, 0xc618, 0xc619, 0xc619, 0xc619, 0xc618, 0x9431, 0xce5a, 0x0000,
  0x0000, 0x0000, 0x0000, 0x0000, 0x0000, 0x0000, 0x0000, 0x0000, 0x0000, 0x0000, 0x0000, 0x0000, 0x0000, 0x0000, 0x0000, 0x0000,
  0x0000, 0x0000, 0x0000, 0x0000, 0x0000, 0x0000, 0x0000, 0x0000, 0x0000, 0x0000, 0x0000, 0x0000, 0x0000, 0x0000, 0x0000, 0x0000,
  0x0000, 0x0000, 0x0000, 0x0000, 0x0000, 0x0000, 0x0000, 0x0000, 0x0000, 0x0000, 0x0000, 0x0000, 0x0000, 0x0000, 0x0000, 0x0000,
  0x0000, 0x0000, 0x0000, 0x0000, 0x0000, 0x0000, 0x0000, 0x0000, 0x0000, 0x0000, 0x0000, 0x0000, 0x0000, 0x0000, 0x0000, 0x0000,
  0x0000, 0x0000, 0x0000, 0x0000, 0x0000, 0x0000, 0x6b8e, 0xdf3e, 0xdf3e, 0xee72, 0xf503, 0xed04, 0xed24, 0xdc65, 0xab69, 0x9bac,
  0x9bee, 0x9c30, 0x9c71, 0x9c93, 0x9cb4, 0x9cb5, 0x94d6, 0x94d6, 0x94b5, 0x9452, 0x93ce, 0x934a, 0x9329, 0x9309, 0xa306, 0xcbc1,
  0xdc60, 0xdc81, 0xe4a1, 0xe4a1, 0xe4c1, 0xecc0, 0xecc1, 0xde15, 0xce7b, 0xd67a, 0xd69a, 0xd69a, 0xd69a, 0xd6ba, 0xdeba, 0xdebb,
  0xdedb, 0xdedb, 0xdefb, 0xdefb, 0xef5d, 0xef7d, 0xef7d, 0xef7d, 0xf77d, 0xf77d, 0xf79e, 0xf77d, 0xf79e, 0xf79e, 0xe73d, 0xe73c,
  0xe73c, 0xe73c, 0xe73c, 0xe73c, 0xe71c, 0xef5d, 0xef5d, 0xd679, 0xc5b6, 0xbd95, 0xbd75, 0xb555, 0xb555, 0xb535, 0xb535, 0xb555,
  0xbd76, 0xbdb7, 0xc5f8, 0xc5f8, 0xc5f8, 0xc618, 0xc619, 0xc619, 0xc619, 0xa4d3, 0xce5a, 0x0000, 0x0000, 0x0000, 0x0000, 0x0000,
  0x0000, 0x0000, 0x0000, 0x0000, 0x0000, 0x0000, 0x0000, 0x0000, 0x0000, 0x0000, 0x0000, 0x0000, 0x0000, 0x0000, 0x0000, 0x0000,
  0x0000, 0x0000, 0x0000, 0x0000, 0x0000, 0x0000, 0x0000, 0x0000, 0x0000, 0x0000, 0x0000, 0x0000, 0x0000, 0x0000, 0x0000, 0x0000,
  0x0000, 0x0000, 0x0000, 0x0000, 0x0000, 0x0000, 0x0000, 0x0000, 0x0000, 0x0000, 0x0000, 0x0000, 0x0000, 0x0000, 0x0000, 0x0000,
  0x0000, 0x0000, 0x0000, 0x0000, 0x0000, 0x0000, 0x0000, 0x0000, 0x0000, 0x0000, 0x0000, 0x0000, 0x0000, 0x0000, 0x0000, 0x0000,
  0x0000, 0x39c7, 0xdf3e, 0xef7e, 0xf565, 0xed25, 0xdc65, 0x93ac, 0x8c32, 0x9494, 0x9cd5, 0x9d17, 0x8c33, 0x8b2b, 0xab66, 0xcbe5,
  0xd3e3, 0xdc03, 0xe423, 0xdc23, 0xdc23, 0xc3a4, 0x9b06, 0x838e, 0x94b5, 0xa578, 0x9d16, 0x8c94, 0x7b8f, 0x72c9, 0xa303, 0xcbe0,
  0xdc40, 0xe480, 0xe4c0, 0xe4c1, 0xece0, 0xe54a, 0xce7b, 0xd67a, 0xd679, 0xd67a, 0xd69a, 0xd6ba, 0xdeba, 0xdedb, 0xdedb, 0xdefb,
  0xe73c, 0xef7d, 0xef7d, 0xef7d, 0xef7d, 0xef7d, 0xef7d, 0xf77d, 0xf79e, 0xf79e, 0xf77d, 0xef5d, 0xe73c, 0xe71c, 0xe71c, 0xe71c,
  0xe71c, 0xe71c, 0xe73d, 0xef5d, 0xbd95, 0xbd95, 0xbd75, 0xb555, 0xb535, 0xb514, 0xad14, 0xb535, 0xb555, 0xbd97, 0xbdd7, 0xc5f8,
  0xc5f8, 0xc618, 0xc619, 0xc619, 0xc619, 0xb576, 0xce7a, 0x0020, 0x0000, 0x0000, 0x0000, 0x0000, 0x0000, 0x0000, 0x0000, 0x0000,
  0x0000, 0x0000, 0x0000, 0x0000, 0x0000, 0x0000, 0x0000, 0x0000, 0x0000, 0x0000, 0x0000, 0x0000, 0x0000, 0x0000, 0x0000, 0x0000,
  0x0000, 0x0000, 0x0000, 0x0000, 0x0000, 0x0000, 0x0000, 0x0000, 0x0000, 0x0000, 0x0000, 0x0000, 0x0000, 0x0000, 0x0000, 0x0000,
  0x0000, 0x0000, 0x0000, 0x0000, 0x0000, 0x0000, 0x0000, 0x0000, 0x0000, 0x0000, 0x0000, 0x0000, 0x0000, 0x0000, 0x0000, 0x0000,
  0x0000, 0x0000, 0x0000, 0x0000, 0x0000, 0x0000, 0x0000, 0x0000, 0x0000, 0x0000, 0x0000, 0x0000, 0x0861, 0xdf3e, 0xf6d5, 0xf586,
  0xc3a6, 0x9410, 0x9493, 0x9cd6, 0x9c72, 0xa242, 0xd2e0, 0xaa62, 0x92e6, 0x6225, 0x2924, 0x10a3, 0x0863, 0x0043, 0x0843, 0x0843,
  0x1883, 0x4122, 0x8aa3, 0xd402, 0xe442, 0xe422, 0xe401, 0xbb41, 0x7b4b, 0x9cf6, 0x94d6, 0x8434, 0x6aeb, 0xa2e2, 0xd3e0, 0xdc60,
  0xe480, 0xe4a1, 0xece0, 0xe548, 0xce5a, 0xd659, 0xd679, 0xd69a, 0xd69a, 0xdeba, 0xdebb, 0xdedb, 0xe73c, 0xef5d, 0xef7d, 0xef7d,
  0xef7d, 0xef7d, 0xef7d, 0xef7d, 0xef7d, 0xef7d, 0xef7d, 0xef7d, 0xef5c, 0xe71c, 0xe71c, 0xe71c, 0xe71c, 0xe71c, 0xe73c, 0xe73d,
  0xef7d, 0xbd75, 0xb575, 0xb535, 0xb534, 0xb514, 0xad14, 0xad35, 0xb535, 0xbd96, 0xbdd7, 0xc5f8, 0xc5f8, 0xc5f8, 0xc618, 0xc618,
  0xc619, 0xbdd7, 0xce7a, 0x0020, 0x0000, 0x0000, 0x0000, 0x0000, 0x0000, 0x0000, 0x0000, 0x0000, 0x0000, 0x0000, 0x0000, 0x0000,
  0x0000, 0x0000, 0x0000, 0x0000, 0x0000, 0x0000, 0x0000, 0x0000, 0x0000, 0x0000, 0x0000, 0x0000, 0x0000, 0x0000, 0x0000, 0x0000,
  0x0000, 0x0000, 0x0000, 0x0000, 0x0000, 0x0000, 0x0000, 0x0000, 0x0000, 0x0000, 0x0000, 0x0000, 0x0000, 0x0000, 0x0000, 0x0000,
  0x0000, 0x0000, 0x0000, 0x0000, 0x0000, 0x0000, 0x0000, 0x0000, 0x0000, 0x0000, 0x0000, 0x0000, 0x0000, 0x0000, 0x0000, 0x0000,
  0x0000, 0x0000, 0x0000, 0x0000, 0x0000, 0x0000, 0x0000, 0x0000, 0xd6bb, 0xfe6e, 0xdca6, 0x9c10, 0x9475, 0x9cd6, 0x8aa7, 0xa9e0,
  0x3945, 0x31c8, 0x0863, 0x10a4, 0x10e6, 0x19a9, 0x32cf, 0x4392, 0x5454, 0x5cb7, 0x5cd7, 0x5cd6, 0x4412, 0x32cd, 0x1967, 0x0862,
  0x0821, 0x0021, 0x0862, 0x61c2, 0xc382, 0xcb61, 0xcb21, 0x9aa4, 0x9474, 0x8cb6, 0x7bf1, 0x82a6, 0xc380, 0xd421, 0xdc80, 0xe4a1,
  0xf502, 0xd58f, 0xce59, 0xd659, 0xd679, 0xd69a, 0xd6ba, 0xdebb, 0xe73c, 0xef5d, 0xef5d, 0xef7d, 0xef7d, 0xef7d, 0xef7d, 0xef7d,
  0xef7d, 0xef7d, 0xef7d, 0xef7d, 0xef7d, 0xe73c, 0xe71c, 0xe71c, 0xe71c, 0xe71c, 0xe71c, 0xe73c, 0xe73c, 0xe6fb, 0xb574, 0xb534,
  0xb534, 0xb534, 0xad14, 0xad15, 0xb535, 0xbd96, 0xbdd7, 0xc5f8, 0xc5f8, 0xc618, 0xc619, 0xc619, 0xc619, 0xc618, 0xce7a, 0x0841,
  0x0000, 0x0000, 0x0000, 0x0000, 0x0000, 0x0000, 0x0000, 0x0000, 0x0000, 0x0000, 0x0000, 0x0000, 0x0000, 0x0000, 0x0000, 0x0000,
  0x0000, 0x0000, 0x0000, 0x0000, 0x0000, 0x0000, 0x0000, 0x0000, 0x0000, 0x0000, 0x0000, 0x0000, 0x0000, 0x0000, 0x0000, 0x0000,
  0x0000, 0x0000, 0x0000, 0x0000, 0x0000, 0x0000, 0x0000, 0x0000, 0x0000, 0x0000, 0x0000, 0x0000, 0x0000, 0x0000, 0x0000, 0x0000,
  0x0000, 0x0000, 0x0000, 0x0000, 0x0000, 0x0000, 0x0000, 0x0000, 0x0000, 0x0000, 0x0000, 0x0000, 0x0000, 0x0000, 0x0000, 0x0000,
  0x0000, 0x0000, 0x0000, 0x9c90, 0xfe0a, 0xa3aa, 0x9495, 0x94d7, 0x7a25, 0x8960, 0x10e4, 0x08e4, 0x1105, 0x2a6d, 0x6d79, 0x1a6e,
  0x0906, 0x00a4, 0x08a3, 0x08a4, 0x0042, 0x3b70, 0x0946, 0x08a4, 0x0063, 0x0042, 0x0063, 0x08e5, 0x128b, 0x138f, 0x12cd, 0x0882,
  0x0821, 0x0021, 0x1861, 0xaac2, 0xbae0, 0xc300, 0x92a6, 0x94f6, 0x8454, 0x7ac9, 0xbb40, 0xd401, 0xdc61, 0xe4c1, 0xf564, 0xbdd7,
  0xce59, 0xd679, 0xd69a, 0xd6ba, 0xe73c, 0xe73c, 0xef5d, 0xef5d, 0xef5d, 0xef5d, 0xef5d, 0xef5d, 0xef5d, 0xef5d, 0xef5d, 0xef7d,
  0xef5d, 0xef3c, 0xe71c, 0xe71c, 0xe6fb, 0xe6fb, 0xe6fb, 0xe6fb, 0xe73c, 0xe73c, 0xb534, 0xb534, 0xb534, 0xb534, 0xad14, 0xad15,
  0xb535, 0xbd76, 0xbdd7, 0xc5f8, 0xc5f8, 0xc618, 0xc618, 0xc619, 0xc619, 0xce39, 0xce7a, 0x0841, 0x0000, 0x0000, 0x0000, 0x0000,
  0x0000, 0x0000, 0x0000, 0x0000, 0x0000, 0x0000, 0x0000, 0x0000, 0x0000, 0x0000, 0x0000, 0x0000, 0x0000, 0x0000, 0x0000, 0x0000,
  0x0000, 0x0000, 0x0000, 0x0000, 0x0000, 0x0000, 0x0000, 0x0000, 0x0000, 0x0000, 0x0000, 0x0000, 0x0000, 0x0000, 0x0000, 0x0000,
  0x0000, 0x0000, 0x0000, 0x0000, 0x0000, 0x0000, 0x0000, 0x0000, 0x0000, 0x0000, 0x0000, 0x0000, 0x0000, 0x0000, 0x0000, 0x0000,
  0x0000, 0x0000, 0x0000, 0x0000, 0x0000, 0x0000, 0x0000, 0x0000, 0x0000, 0x0000, 0x0000, 0x0000, 0x0000, 0x0000, 0x2923, 0xfe4d,
  0x9410, 0x9495, 0x9432, 0xb240, 0x10e5, 0x19a8, 0x118a, 0x4c14, 0x0907, 0x0906, 0x08e6, 0x08c5, 0xc6bb, 0x1127, 0x08e6, 0x1106,
  0xb6fc, 0xbf5d, 0x1acf, 0x0906, 0x08a5, 0x08a4, 0x0884, 0x0883, 0x0883, 0x0883, 0x0883, 0x0883, 0x08c4, 0x09c9, 0x1167, 0x0041,
  0x0021, 0x4984, 0x8a21, 0xbb01, 0xa2c3, 0x94b5, 0x8c74, 0x82c8, 0xc360, 0xd401, 0xdc81, 0xf523, 0xe5ad, 0xce39, 0xd679, 0xd69a,
  0xe71c, 0xe73c, 0xe73c, 0xef5d, 0xef5d, 0xef5d, 0xef5d, 0xef5d, 0xef5d, 0xef5d, 0xef5d, 0xef5d, 0xef5d, 0xe73c, 0xe71c, 0xe71c,
  0xe6fb, 0xe6fb, 0xe6fb, 0xe6fb, 0xe6fc, 0xe73c, 0xef5d, 0xb534, 0xb534, 0xb534, 0xad14, 0xad15, 0xb535, 0xbd96, 0xbdd7, 0xc5f8,
  0xc5f8, 0xc618, 0xc619, 0xc619, 0xc619, 0xce59, 0xce7a, 0x18c3, 0x0000, 0x0000, 0x0000, 0x0000, 0x0000, 0x0000, 0x0000, 0x0000,
  0x0000, 0x0000, 0x0000, 0x0000, 0x0000, 0x0000, 0x0000, 0x0000, 0x0000, 0x0000, 0x0000, 0x0000, 0x0000, 0x0000, 0x0000, 0x0000,
  0x0000, 0x0000, 0x0000, 0x0000, 0x0000, 0x0000, 0x0000, 0x0000, 0x0000, 0x0000, 0x0000, 0x0000, 0x0000, 0x0000, 0x0000, 0x0000,
  0x0000, 0x0000, 0x0000, 0x0000, 0x0000, 0x0000, 0x0000, 0x0000, 0x0000, 0x0000, 0x0000, 0x0000, 0x0000, 0x0000, 0x0000, 0x0000,
  0x0000, 0x0000, 0x0000, 0x0000, 0x0000, 0x0000, 0x0000, 0x0000, 0x0000, 0x0000, 0xf691, 0x9411, 0x94d7, 0xa2c6, 0x40e1, 0x1a8e,
  0x018c, 0x5414, 0x0927, 0x0928, 0x0928, 0x0907, 0x6bb0, 0xbf3d, 0xbefc, 0x3aee, 0x19a9, 0xaf3d, 0x9edb, 0xa6db, 0x54d5, 0x0927,
  0x08c5, 0x0884, 0x0884, 0x0884, 0x0883, 0x0883, 0x0883, 0x0883, 0x0883, 0x0884, 0x0883, 0x08a4, 0x1167, 0x08a4, 0x0021, 0x1882,
  0x79e2, 0xbb00, 0xaae2, 0x9cd6, 0x8c53, 0x8a85, 0xcbc0, 0xd421, 0xece3, 0xfd85, 0xbdd7, 0xd679, 0xdedb, 0xe6fc, 0xe71c, 0xe73c,
  0xe73c, 0xe73c, 0xef5d, 0xef5d, 0xef5d, 0xef5d, 0xef5d, 0xef5d, 0xe75d, 0xe73c, 0xe71c, 0xe6fb, 0xe6fb, 0xe6fb, 0xe6fb, 0xe6fb,
  0xdefb, 0xe71c, 0xe73c, 0xbd95, 0xb534, 0xb534, 0xad14, 0xad14, 0xb535, 0xbd96, 0xbdd7, 0xc5f8, 0xc5f8, 0xc619, 0xc619, 0xc619,
  0xc619, 0xce5a, 0xce7a, 0x2104, 0x0000, 0x0000, 0x0000, 0x0000, 0x0000, 0x0000, 0x0000, 0x0000, 0x0000, 0x0000, 0x0000, 0x0000,
  0x0000, 0x0000, 0x0000, 0x0000, 0x0000, 0x0000, 0x0000, 0x0000, 0x0000, 0x0000, 0x0000, 0x0000, 0x0000, 0x0000, 0x0000, 0x0000,
  0x0000, 0x0000, 0x0000, 0x0000, 0x0000, 0x0000, 0x0000, 0x0000, 0x0000, 0x0000, 0x0000, 0x0000, 0x0000, 0x0000, 0x0000, 0x0000,
  0x0000, 0x0000, 0x0000, 0x0000, 0x0000, 0x0000, 0x0000, 0x0000, 0x0000, 0x0000, 0x0000, 0x0000, 0x0000, 0x0000, 0x0000, 0x0000,
  0x0000, 0x0000, 0x0000, 0x0000, 0x0000, 0x9ba8, 0xa389, 0x8cb8, 0xa264, 0x1987, 0x026f, 0x9dfa, 0x0969, 0x0948, 0x0948, 0x0948,
  0x0948, 0xdf9e, 0xb71d, 0xaefc, 0x7d57, 0xa6fd, 0x9efc, 0x9efb, 0x9edb, 0x9ebb, 0xb71c, 0x0989, 0x08c5, 0x0884, 0x0884, 0x0883,
  0x0883, 0x0883, 0x0883, 0x0883, 0x0883, 0x0883, 0x0883, 0x0884, 0x0884, 0x0884, 0x1106, 0x1147, 0x0841, 0x1062, 0x69a2, 0xb2c0,
  0x8a64, 0x94d6, 0x83d0, 0xb301, 0xd401, 0xe482, 0xfd84, 0xcd50, 0xce7a, 0xdedb, 0xe6fc, 0xe71c, 0xe71c, 0xe73c, 0xef5d, 0xef5d,
  0xe73d, 0xe75d, 0xe73d, 0xe73d, 0xe73c, 0xe73c, 0xe71c, 0xe6fb, 0xe6fb, 0xe6fb, 0xe6fb, 0xdefb, 0xdefb, 0xdefb, 0xe71c, 0xef5d,
  0xb534, 0xb534, 0xb514, 0xb514, 0xb535, 0xbd96, 0xbdd7, 0xc5f8, 0xc5f8, 0xc618, 0xc619, 0xc619, 0xce39, 0xce59, 0xce7a, 0x2125,
  0x0000, 0x0000, 0x0000, 0x0000, 0x0000, 0x0000, 0x0000, 0x0000, 0x0000, 0x0000, 0x0000, 0x0000, 0x0000, 0x0000, 0x0000, 0x0000,
  0x0000, 0x0000, 0x0000, 0x0000, 0x0000, 0x0000, 0x0000, 0x0000, 0x0000, 0x0000, 0x0000, 0x0000, 0x0000, 0x0000, 0x0000, 0x0000,
  0x0000, 0x0000, 0x0000, 0x0000, 0x0000, 0x0000, 0x0000, 0x0000, 0x0000, 0x0000, 0x0000, 0x0000, 0x0000, 0x0000, 0x0000, 0x0000,
  0x0000, 0x0000, 0x0000, 0x0000, 0x0000, 0x0000, 0x0000, 0x0000, 0x0000, 0x0000, 0x0000, 0x0000, 0x0000, 0x0000, 0x0000, 0x0000,
  0x18a1, 0xd3e3, 0x94b6, 0xa349, 0x21e9, 0x0acf, 0xf7df, 0x016b, 0x0948, 0x0968, 0x0968, 0x1169, 0xcf9e, 0xaf1c, 0xa6fc, 0xa6fc,
  0x9efc, 0x9efc, 0x9edb, 0x9edb, 0x9edb, 0xa6fc, 0x84b3, 0x4aed, 0x08c5, 0x0884, 0x0884, 0x0883, 0x0883, 0x0863, 0x0863, 0x0863,
  0x0863, 0x0883, 0x0883, 0x0883, 0x0884, 0x0884, 0x0884, 0x0884, 0x08c5, 0x1147, 0x0021, 0x28e3, 0x9240, 0xa261, 0x93ae, 0x8c74,
  0x7aa7, 0xcbe0, 0xdc62, 0xf545, 0xe5ae, 0xc618, 0xdebb, 0xdedb, 0xdedb, 0xdefc, 0xe6fc, 0xe71c, 0xe71c, 0xe73d, 0xe73c, 0xe73c,
  0xe73c, 0xe71c, 0xdefb, 0xdefb, 0xe6fb, 0xdefb, 0xdedb, 0xdefb, 0xdefb, 0xdefb, 0xe71c, 0xe71c, 0xbd75, 0xb534, 0xb534, 0xb534,
  0xb535, 0xbd96, 0xbdd7, 0xc5f8, 0xc618, 0xc618, 0xc618, 0xc619, 0xc639, 0xce59, 0xce7a, 0x2965, 0x0000, 0x0000, 0x0000, 0x0000,
  0x0000, 0x0000, 0x0000, 0x0000, 0x0000, 0x0000, 0x0000, 0x0000, 0x0000, 0x0000, 0x0000, 0x0000, 0x0000, 0x0000, 0x0000, 0x0000,
  0x0000, 0x0000, 0x0000, 0x0000, 0x0000, 0x0000, 0x0000, 0x0000, 0x0000, 0x0000, 0x0000, 0x0000, 0x0000, 0x0000, 0x0000, 0x0000,
  0x0000, 0x0000, 0x0000, 0x0000, 0x0000, 0x0000, 0x0000, 0x0000, 0x0000, 0x0000, 0x0000, 0x0000, 0x0000, 0x0000, 0x0000, 0x0000,
  0x0000, 0x0000, 0x0000, 0x0000, 0x0000, 0x0000, 0x0000, 0x0000, 0x0000, 0x0000, 0x0000, 0x0000, 0xe4a8, 0x94b5, 0x9c93, 0x39c7,
  0x5455, 0xdfff, 0x018d, 0x0949, 0x0948, 0x0969, 0x0128, 0xc75d, 0xaefc, 0xa6fc, 0xa6fc, 0x9efc, 0x9efc, 0x9efc, 0x9edb, 0x9edb,
  0x9556, 0x8cb3, 0x7c71, 0x1967, 0x08a5, 0x0884, 0x0884, 0x0883, 0x0863, 0x0863, 0x0863, 0x0863, 0x0863, 0x0863, 0x0863, 0x0863,
  0x0883, 0x0884, 0x0884, 0x0884, 0x0884, 0x0883, 0x08e5, 0x08e5, 0x0042, 0x61a2, 0xa260, 0x9a41, 0x9cf6, 0x7b6e, 0xc381, 0xdc42,
  0xf524, 0xf62e, 0xc5d7, 0xdeba, 0xdefb, 0xdefb, 0xdefb, 0xe71c, 0xe71c, 0xe71c, 0xe73c, 0xe71c, 0xe71c, 0xe6fc, 0xdefb, 0xdefb,
  0xdefb, 0xdefb, 0xdefb, 0xdedb, 0xdedb, 0xdedb, 0xdedb, 0xe71c, 0xef5d, 0xb534, 0xb534, 0xb534, 0xb555, 0xb576, 0xbdd7, 0xc5f8,
  0xc5f8, 0xc618, 0xc619, 0xc619, 0xc639, 0xce39, 0xce7a, 0x3186, 0x0000, 0x0000, 0x0000, 0x0000, 0x0000, 0x0000, 0x0000, 0x0000,
  0x0000, 0x0000, 0x0000, 0x0000, 0x0000, 0x0000, 0x0000, 0x0000, 0x0000, 0x0000, 0x0000, 0x0000, 0x0000, 0x0000, 0x0000, 0x0000,
  0x0000, 0x0000, 0x0000, 0x0000, 0x0000, 0x0000, 0x0000, 0x0000, 0x0000, 0x0000, 0x0000, 0x0000, 0x0000, 0x0000, 0x0000, 0x0000,
  0x0000, 0x0000, 0x0000, 0x0000, 0x0000, 0x0000, 0x0000, 0x0000, 0x0000, 0x0000, 0x0000, 0x0000, 0x0000, 0x0000, 0x0000, 0x0000,
  0x0000, 0x0000, 0x0000, 0x0000, 0x0000, 0x0000, 0x0000, 0x3963, 0xa3ed, 0x9494, 0x69c4, 0x85b9, 0xafdf, 0x09ed, 0x1149, 0x0948,
  0x0949, 0x0928, 0xcf7e, 0xaefc, 0xa6fc, 0xa6fc, 0x9efc, 0x9efc, 0x9edb, 0x9edb, 0xa6fc, 0x8cd3, 0x84d3, 0x5baf, 0x08a5, 0x08c5,
  0x08a5, 0x0884, 0x0884, 0x0883, 0x0863, 0x0863, 0x0063, 0x0063, 0x0063, 0x0063, 0x0863, 0x0863, 0x0863, 0x0883, 0x0883, 0x0883,
  0x0884, 0x0884, 0x0884, 0x0883, 0x1147, 0x0862, 0x0842, 0x9a62, 0xa261, 0x9c93, 0x8411, 0xa2e2, 0xd422, 0xece3, 0xfe0c, 0xc5f8,
  0xd67a, 0xdedb, 0xdefc, 0xdedb, 0xdefc, 0xe71c, 0xe6fc, 0xe6fc, 0xdefb, 0xdefb, 0xdedb, 0xdedb, 0xdedb, 0xdedb, 0xdedb, 0xdedb,
  0xdedb, 0xdedb, 0xdedb, 0xe71c, 0xe71c, 0xb534, 0xb534, 0xb534, 0xb555, 0xbd76, 0xbdd7, 0xc5f8, 0xc5f8, 0xc619, 0xc619, 0xc619,
  0xc639, 0xce39, 0xce5a, 0x4229, 0x0000, 0x0000, 0x0000, 0x0000, 0x0000, 0x0000, 0x0000, 0x0000, 0x0000, 0x0000, 0x0000, 0x0000,
  0x0000, 0x0000, 0x0000, 0x0000, 0x0000, 0x0000, 0x0000, 0x0000, 0x0000, 0x0000, 0x0000, 0x0000, 0x0000, 0x0000, 0x0000, 0x0000,
  0x0000, 0x0000, 0x0000, 0x0000, 0x0000, 0x0000, 0x0000, 0x0000, 0x0000, 0x0000, 0x0000, 0x0000, 0x0000, 0x0000, 0x0000, 0x0000,
  0x0000, 0x0000, 0x0000, 0x0000, 0x0000, 0x0000, 0x0000, 0x0000, 0x0000, 0x0000, 0x0000, 0x0000, 0x0000, 0x0000, 0x0000, 0x0000,
  0x0000, 0x0000, 0x0000, 0xdc26, 0x94b5, 0x834c, 0x8df8, 0x97df, 0x5474, 0x1149, 0x1149, 0x1149, 0x0928, 0xcf7e, 0xaefc, 0xaefc,
  0xa6fc, 0x9efc, 0x9efc, 0x9efc, 0x96fb, 0xa67a, 0x8cf3, 0x8492, 0x1968, 0x08c6, 0x08c5, 0x08c5, 0x08a4, 0x0884, 0x0884, 0x0863,
  0x0863, 0x0063, 0x0063, 0x0063, 0x0063, 0x0063, 0x0063, 0x0063, 0x0863, 0x0863, 0x0863, 0x0863, 0x0883, 0x0883, 0x0883, 0x0883,
  0x0883, 0x08a4, 0x1127, 0x0841, 0x79e2, 0xa281, 0x8b2b, 0x8c52, 0x8265, 0xd402, 0xece4, 0xfdc8, 0xbdd8, 0xd679, 0xd6bb, 0xdedb,
  0xdefb, 0xdedb, 0xdefb, 0xdefb, 0xdedb, 0xdedb, 0xdedb, 0xdedb, 0xdedb, 0xdedb, 0xdeda, 0xdeda, 0xdeba, 0xdedb, 0xdedb, 0xdedb,
  0xe71c, 0xdefb, 0xb534, 0xb534, 0xb555, 0xbd96, 0xbdd7, 0xc5f8, 0xc618, 0xc618, 0xc619, 0xc619, 0xc639, 0xce39, 0xce39, 0x630c,
  0x0000, 0x0000, 0x0000, 0x0000, 0x0000, 0x0000, 0x0000, 0x0000, 0x0000, 0x0000, 0x0000, 0x0000, 0x0000, 0x0000, 0x0000, 0x0000,
  0x0000, 0x0000, 0x0000, 0x0000, 0x0000, 0x0000, 0x0000, 0x0000, 0x0000, 0x0000, 0x0000, 0x0000, 0x0000, 0x0000, 0x0000, 0x0000,
  0x0000, 0x0000, 0x0000, 0x0000, 0x0000, 0x0000, 0x0000, 0x0000, 0x0000, 0x0000, 0x0000, 0x0000, 0x0000, 0x0000, 0x0000, 0x0000,
  0x0000, 0x0000, 0x0000, 0x0000, 0x0000, 0x0000, 0x0000, 0x0000, 0x0000, 0x0000, 0x0000, 0x0000, 0x0000, 0x0000, 0x1881, 0x9c30,
  0x94b4, 0x63f0, 0xa7bf, 0xa79e, 0x116a, 0x1149, 0x1149, 0x0928, 0xd73d, 0xaefc, 0xaefc, 0xa6fc, 0x9efc, 0x9efc, 0x9efc, 0x96fb,
  0x95b7, 0x8cf3, 0x7c92, 0x08c6, 0x08e6, 0x08c6, 0x08c5, 0x08a5, 0x08a4, 0x0884, 0x0884, 0x0863, 0x0863, 0x0063, 0x0063, 0x0063,
  0x0063, 0x0063, 0x0063, 0x0063, 0x0863, 0x0863, 0x0863, 0x0863, 0x0863, 0x0863, 0x0863, 0x0863, 0x0883, 0x0883, 0x0883, 0x1189,
  0x0841, 0x38e2, 0xa281, 0x8a65, 0x9473, 0x7a66, 0xd3e2, 0xe4e4, 0xfda7, 0xbdf9, 0xce59, 0xd69a, 0xd6ba, 0xdebb, 0xdebb, 0xdedb,
  0xdebb, 0xdeba, 0xdeba, 0xdebb, 0xdeba, 0xdeba, 0xdeba, 0xdeba, 0xdeba, 0xdeba, 0xdeba, 0xdeba, 0xe71c, 0xe73c, 0xad14, 0xb535,
  0xb555, 0xbd76, 0xbdd7, 0xc5f8, 0xc618, 0xc618, 0xc619, 0xc619, 0xc619, 0xce39, 0xc619, 0x73af, 0x0000, 0x0000, 0x0000, 0x0000,
  0x0000, 0x0000, 0x0000, 0x0000, 0x0000, 0x0000, 0x0000, 0x0000, 0x0000, 0x0000, 0x0000, 0x0000, 0x0000, 0x0000, 0x0000, 0x0000,
  0x0000, 0x0000, 0x0000, 0x0000, 0x0000, 0x0000, 0x0000, 0x0000, 0x0000, 0x0000, 0x0000, 0x0000, 0x0000, 0x0000, 0x0000, 0x0000,
  0x0000, 0x0000, 0x0000, 0x0000, 0x0000, 0x0000, 0x0000, 0x0000, 0x0000, 0x0000, 0x0000, 0x0000, 0x0000, 0x0000, 0x0000, 0x0000,
  0x0000, 0x0000, 0x0000, 0x0000, 0x0000, 0x0000, 0x0000, 0x0000, 0x0000, 0x0000, 0x9ae6, 0x94b4, 0x7bb0, 0xafdf, 0xafdf, 0x118b,
  0x0969, 0x1149, 0x1149, 0x4aee, 0xb71c, 0xaefc, 0xa6fc, 0x9efc, 0x9efc, 0x9efc, 0x96fb, 0x9576, 0x8cf4, 0x6c11, 0x08c6, 0x08e6,
  0x08c6, 0x08c5, 0x08c5, 0x08a4, 0x0884, 0x0884, 0x0883, 0x0863, 0x0063, 0x0063, 0x0062, 0x0062, 0x0062, 0x0042, 0x0042, 0x0062,
  0x0042, 0x0062, 0x0862, 0x0862, 0x0863, 0x0863, 0x0863, 0x0863, 0x0863, 0x0863, 0x0863, 0x0863, 0x1106, 0x0841, 0x1882, 0x9a41,
  0x8a23, 0x9c72, 0x7a87, 0xcbe2, 0xe4c5, 0xf567, 0xb5b8, 0xce59, 0xd67a, 0xd69a, 0xd69a, 0xd69a, 0xd69a, 0xd69a, 0xd6ba, 0xd6ba,
  0xdeba, 0xdeba, 0xdeba, 0xdeba, 0xdeba, 0xdeba, 0xdeba, 0xdeba, 0xdefc, 0xe71c, 0xb555, 0xb535, 0xb555, 0xbd96, 0xbdd7, 0xc5f8,
  0xc618, 0xc618, 0xc618, 0xc618, 0xc618, 0xc619, 0xbdf8, 0x632d, 0x0000, 0x0000, 0x0000, 0x0000, 0x0000, 0x0000, 0x0000, 0x0000,
  0x0000, 0x0000, 0x0000, 0x0000, 0x0000, 0x0000, 0x0000, 0x0000, 0x0000, 0x0000, 0x0000, 0x0000, 0x0000, 0x0000, 0x0000, 0x0000,
  0x0000, 0x0000, 0x0000, 0x0000, 0x0000, 0x0000, 0x0000, 0x0000, 0x0000, 0x0000, 0x0000, 0x0000, 0x0000, 0x0000, 0x0000, 0x0000,
  0x0000, 0x0000, 0x0000, 0x0000, 0x0000, 0x0000, 0x0000, 0x0000, 0x0000, 0x0000, 0x0000, 0x0000, 0x0000, 0x0000, 0x0000, 0x0000,
  0x0000, 0x0000, 0x0000, 0x0000, 0x0000, 0x0000, 0xbc0a, 0x9472, 0xbfbf, 0xa79f, 0x6d57, 0x116a, 0x0949, 0x1149, 0x0928, 0xbf5d,
  0xaefc, 0xa6fc, 0x9efc, 0x9efc, 0x96fc, 0x96fc, 0x9576, 0x8cf3, 0x6bf0, 0x08c6, 0x08e6, 0x08c6, 0x08c5, 0x08a5, 0x08a5, 0x08a4,
  0x0884, 0x0884, 0x0863, 0x0863, 0x0063, 0x0062, 0x0062, 0x0042, 0x0042, 0x0042, 0x0042, 0x0042, 0x0042, 0x0042, 0x0042, 0x0042,
  0x0062, 0x0062, 0x0062, 0x0862, 0x0863, 0x0063, 0x0063, 0x0863, 0x0863, 0x08a4, 0x0841, 0x0862, 0x9a21, 0x8a23, 0x9451, 0x7a66,
  0xcbe2, 0xe4c4, 0xf547, 0xc5f8, 0xce59, 0xce59, 0xce79, 0xd679, 0xd679, 0xd67a, 0xd69a, 0xd69a, 0xd69a, 0xd69a, 0xd69a, 0xde9a,
  0xdeba, 0xdeba, 0xdeba, 0xdeba, 0xdeba, 0xdf1c, 0xe71c, 0xb535, 0xb555, 0xbd76, 0xbdd7, 0xc5f8, 0xc5f8, 0xc5f8, 0xc5f8, 0xc5f8,
  0xc5f8, 0xc5f9, 0xbdf9, 0x4208, 0x0000, 0x0000, 0x0000, 0x0000, 0x0000, 0x0000, 0x0000, 0x0000, 0x0000, 0x0000, 0x0000, 0x0000,
  0x0000, 0x0000, 0x0000, 0x0000, 0x0000, 0x0000, 0x0000, 0x0000, 0x0000, 0x0000, 0x0000, 0x0000, 0x0000, 0x0000, 0x0000, 0x0000,
  0x0000, 0x0000, 0x0000, 0x0000, 0x0000, 0x0000, 0x0000, 0x0000, 0x0000, 0x0000, 0x0000, 0x0000, 0x0000, 0x0000, 0x0000, 0x0000,
  0x0000, 0x0000, 0x0000, 0x0000, 0x0000, 0x0000, 0x0000, 0x0000, 0x0000, 0x0000, 0x0000, 0x0000, 0x0000, 0x0000, 0x0000, 0x0000,
  0x0000, 0x1061, 0xa491, 0x9557, 0xaf9f, 0xafdf, 0x118b, 0x0949, 0x0949, 0x0949, 0xa597, 0xaefc, 0xa6fc, 0x9efc, 0x9efc, 0x96fc,
  0x96fb, 0x95d8, 0x8cf3, 0x7431, 0x08c6, 0x08e6, 0x08c6, 0x08c5, 0x08c5, 0x08c5, 0x08a4, 0x0884, 0x0884, 0x0883, 0x0863, 0x0063,
  0x0062, 0x0042, 0x0042, 0x0042, 0x0042, 0x0041, 0x0042, 0x0042, 0x0042, 0x0042, 0x0042, 0x0042, 0x0042, 0x0042, 0x0042, 0x0062,
  0x0062, 0x0863, 0x0063, 0x0063, 0x0063, 0x0862, 0x0863, 0x0862, 0x0862, 0x9a21, 0x8203, 0x9431, 0x92c5, 0xcbc2, 0xe4c4, 0xd4e9,
  0xc618, 0xce39, 0xce39, 0xce59, 0xce59, 0xce59, 0xd679, 0xd67a, 0xd69a, 0xd69a, 0xd69a, 0xd699, 0xd699, 0xde99, 0xde9a, 0xd6ba,
  0xdeba, 0xdf1c, 0xe73d, 0xad14, 0xb535, 0xb576, 0xbd97, 0xbdd7, 0xc5f8, 0xc5f8, 0xbdd8, 0xbdd8, 0xbdd8, 0xbdd8, 0xbdf9, 0x18e4,
  0x0000, 0x0000, 0x0000, 0x0000, 0x0000, 0x0000, 0x0000, 0x0000, 0x0000, 0x0000, 0x0000, 0x0000, 0x0000, 0x0000, 0x0000, 0x0000,
  0x0000, 0x0000, 0x0000, 0x0000, 0x0000, 0x0000, 0x0000, 0x0000, 0x0000, 0x0000, 0x0000, 0x0000, 0x0000, 0x0000, 0x0000, 0x0000,
  0x0000, 0x0000, 0x0000, 0x0000, 0x0000, 0x0000, 0x0000, 0x0000, 0x0000, 0x0000, 0x0000, 0x0000, 0x0000, 0x0000, 0x0000, 0x0000,
  0x0000, 0x0000, 0x0000, 0x0000, 0x0000, 0x0000, 0x0000, 0x0000, 0x0000, 0x0000, 0x0000, 0x0000, 0x0000, 0x82c7, 0xa471, 0xc7bf,
  0xa77f, 0x5495, 0x116a, 0x0949, 0x1149, 0x0929, 0xbf3d, 0xa6fc, 0xa6fc, 0x9efc, 0x9efc, 0x96fc, 0x9e9a, 0x8cf3, 0x7c72, 0x08c6,
  0x08e6, 0x08c5, 0x08c5, 0x08c5, 0x08c5, 0x08a4, 0x08a4, 0x0884, 0x0883, 0x0863, 0x0063, 0x0062, 0x0042, 0x0042, 0x0041, 0x0041,
  0x0041, 0x0041, 0x0041, 0x0041, 0x0041, 0x0041, 0x0041, 0x0041, 0x0041, 0x0041, 0x0042, 0x0042, 0x0042, 0x0042, 0x0042, 0x0062,
  0x0063, 0x0063, 0x0062, 0x0862, 0x0041, 0x1082, 0x9a22, 0x7a47, 0x83f0, 0xaae2, 0xcbe3, 0xeca4, 0xbd12, 0xc618, 0xce18, 0xce39,
  0xce39, 0xce59, 0xce59, 0xd679, 0xd679, 0xd679, 0xd679, 0xd679, 0xd679, 0xd699, 0xd699, 0xde9a, 0xd69a, 0xdf1c, 0xdf1c, 0xa4d3,
  0xad15, 0xb555, 0xb576, 0xbdb7, 0xbdb8, 0xbdb8, 0xbdb8, 0xbdb8, 0xbdb8, 0xb5b8, 0xbdf9, 0x0020, 0x0000, 0x0000, 0x0000, 0x0000,
  0x0000, 0x0000, 0x0000, 0x0000, 0x0000, 0x0000, 0x0000, 0x0000, 0x0000, 0x0000, 0x0000, 0x0000, 0x0000, 0x0000, 0x0000, 0x0000,
  0x0000, 0x0000, 0x0000, 0x0000, 0x0000, 0x0000, 0x0000, 0x0000, 0x0000, 0x0000, 0x0000, 0x0000, 0x0000, 0x0000, 0x0000, 0x0000,
  0x0000, 0x0000, 0x0000, 0x0000, 0x0000, 0x0000, 0x0000, 0x0000, 0x0000, 0x0000, 0x0000, 0x0000, 0x0000, 0x0000, 0x0000, 0x0000,
  0x0000, 0x0000, 0x0000, 0x0000, 0x0000, 0x0000, 0x0000, 0x0000, 0x0000, 0xb40b, 0xb5d8, 0xaf9f, 0xafbf, 0x096a, 0x0949, 0x0929,
  0x0928, 0xb5d8, 0xaefc, 0xa6fc, 0x9efc, 0x9efc, 0x9edb, 0x9efc, 0x8cf3, 0x84b2, 0x00c6, 0x08e6, 0x08c6, 0x08c5, 0x08c5, 0x08a5,
  0x08a4, 0x08a4, 0x0884, 0x0883, 0x0863, 0x0063, 0x0063, 0x0042, 0x0042, 0x0041, 0x0041, 0x0021, 0x0021, 0x0021, 0x0021, 0x0021,
  0x0021, 0x0021, 0x0021, 0x0021, 0x0021, 0x0021, 0x0041, 0x0041, 0x0042, 0x0042, 0x0042, 0x0042, 0x0042, 0x0842, 0x0062, 0x0042,
  0x0842, 0x0841, 0x20a2, 0x9a21, 0x8b6e, 0x734e, 0xb302, 0xd402, 0xeca3, 0xb598, 0xc5f8, 0xc618, 0xce38, 0xce39, 0xce39, 0xce59,
  0xd659, 0xd679, 0xd679, 0xd679, 0xd679, 0xd679, 0xd679, 0xd699, 0xd699, 0xdedb, 0xdefc, 0xb556, 0xacf4, 0xad15, 0xb556, 0xb597,
  0xb597, 0xb597, 0xb597, 0xb598, 0xb598, 0x9cf5, 0xbdfa, 0x0000, 0x0000, 0x0000, 0x0000, 0x0000, 0x0000, 0x0000, 0x0000, 0x0000,
  0x0000, 0x0000, 0x0000, 0x0000, 0x0000, 0x0000, 0x0000, 0x0000, 0x0000, 0x0000, 0x0000, 0x0000, 0x0000, 0x0000, 0x0000, 0x0000,
  0x0000, 0x0000, 0x0000, 0x0000, 0x0000, 0x0000, 0x0000, 0x0000, 0x0000, 0x0000, 0x0000, 0x0000, 0x0000, 0x0000, 0x0000, 0x0000,
  0x0000, 0x0000, 0x0000, 0x0000, 0x0000, 0x0000, 0x0000, 0x0000, 0x0000, 0x0000, 0x0000, 0x0000, 0x0000, 0x0000, 0x0000, 0x0000,
  0x0000, 0x0000, 0x0000, 0x0000, 0x0000, 0xb42c, 0xd7df, 0xa75e, 0x863a, 0x116a, 0x0929, 0x0928, 0x0928, 0xe77d, 0xa6fc, 0x9efc,
  0x9efc, 0x9edb, 0x96fb, 0x84d3, 0x84b3, 0x0907, 0x08e6, 0x08c5, 0x08c5, 0x08c5, 0x08a5, 0x08a4, 0x08a4, 0x0884, 0x0883, 0x0863,
  0x0063, 0x0062, 0x0042, 0x0042, 0x0042, 0x0021, 0x0021, 0x0021, 0x0021, 0x0021, 0x0021, 0x0021, 0x0021, 0x0021, 0x0021, 0x0021,
  0x0021, 0x0021, 0x0021, 0x0021, 0x0021, 0x0041, 0x0042, 0x0042, 0x0042, 0x0042, 0x0862, 0x0042, 0x0042, 0x10a4, 0x0841, 0x4122,
  0x9201, 0x8c53, 0x7a67, 0xbb62, 0xd422, 0xdc64, 0xbdb8, 0xc5f8, 0xc618, 0xce18, 0xce38, 0xce59, 0xce59, 0xd659, 0xd679, 0xd679,
  0xd678, 0xd678, 0xd679, 0xd679, 0xd699, 0xde9a, 0xdefc, 0xdedb, 0xa4d4, 0xad15, 0xb536, 0xb577, 0xb577, 0xad77, 0xad77, 0xb578,
  0xb598, 0x94b5, 0x7c11, 0x0000, 0x0000, 0x0000, 0x0000, 0x0000, 0x0000, 0x0000, 0x0000, 0x0000, 0x0000, 0x0000, 0x0000, 0x0000,
  0x0000, 0x0000, 0x0000, 0x0000, 0x0000, 0x0000, 0x0000, 0x0000, 0x0000, 0x0000, 0x0000, 0x0000, 0x0000, 0x0000, 0x0000, 0x0000,
  0x0000, 0x0000, 0x0000, 0x0000, 0x0000, 0x0000, 0x0000, 0x0000, 0x0000, 0x0000, 0x0000, 0x0000, 0x0000, 0x0000, 0x0000, 0x0000,
  0x0000, 0x0000, 0x0000, 0x0000, 0x0000, 0x0000, 0x0000, 0x0000, 0x0000, 0x0000, 0x0000, 0x0000, 0x0000, 0x0000, 0x0000, 0x0000,
  0x0820, 0xa3ec, 0xbf9f, 0x9f7e, 0x094a, 0x0949, 0x0928, 0x0928, 0x2a4c, 0xa71c, 0x9efc, 0x9efb, 0x96db, 0x96db, 0x9619, 0x84d3,
  0x5b6f, 0x08e6, 0x08c5, 0x08a5, 0x08c5, 0x08a5, 0x08a4, 0x0884, 0x0884, 0x0883, 0x0863, 0x0063, 0x0063, 0x0042, 0x0042, 0x0042,
  0x0021, 0x0021, 0x0021, 0x0001, 0x0001, 0x0000, 0x0000, 0x0000, 0x0000, 0x0000, 0x0001, 0x0001, 0x0021, 0x0021, 0x0021, 0x0001,
  0x0021, 0x0021, 0x0021, 0x0021, 0x0041, 0x0041, 0x0041, 0x0042, 0x0042, 0x0041, 0x1925, 0x0842, 0x71e2, 0x81c0, 0x8433, 0x9a42,
  0xc382, 0xd422, 0xbd11, 0xc5d8, 0xc5f8, 0xc618, 0xce18, 0xce38, 0xce38, 0xce58, 0xd658, 0xd658, 0xe6da, 0xef7d, 0xf77d, 0xef5d,
  0xef7d, 0xde99, 0xdefc, 0xe71d, 0xa4b4, 0xa4f5, 0xad36, 0xad77, 0xad78, 0xad78, 0xad98, 0xb598, 0xb599, 0xb5da, 0x0020, 0x0000,
  0x0000, 0x0000, 0x0000, 0x0000, 0x0000, 0x0000, 0x0000, 0x0000, 0x0000, 0x0000, 0x0000, 0x0000, 0x0000, 0x0000, 0x0000, 0x0000,
  0x0000, 0x0000, 0x0000, 0x0000, 0x0000, 0x0000, 0x0000, 0x0000, 0x0000, 0x0000, 0x0000, 0x0000, 0x0000, 0x0000, 0x0000, 0x0000,
  0x0000, 0x0000, 0x0000, 0x0000, 0x0000, 0x0000, 0x0000, 0x0000, 0x0000, 0x0000, 0x0000, 0x0000, 0x0000, 0x0000, 0x0000, 0x0000,
  0x0000, 0x0000, 0x0000, 0x0000, 0x0000, 0x0000, 0x0000, 0x0000, 0x0000, 0x0000, 0x0000, 0x0000, 0x3123, 0xdf9e, 0xa77f, 0xa7df,
  0x116a, 0x0929, 0x0908, 0x0908, 0xdefc, 0x9efc, 0x9efc, 0x96db, 0x96db, 0x96fc, 0x84d3, 0x7c72, 0x08c6, 0x08c6, 0x08a5, 0x08c5,
  0x08a4, 0x0884, 0x0884, 0x0884, 0x0883, 0x0863, 0x0063, 0x0063, 0x0042, 0x0042, 0x0042, 0x0021, 0x0021, 0x0021, 0x0001, 0x0001,
  0x0000, 0x0000, 0x0000, 0x0000, 0x0000, 0x0000, 0x0000, 0x0000, 0x0000, 0x0001, 0x0000, 0x0001, 0x0021, 0x0021, 0x0021, 0x0021,
  0x0021, 0x0021, 0x0021, 0x0041, 0x0041, 0x0041, 0x0021, 0x18e4, 0x0862, 0x9222, 0x61c5, 0x7b8f, 0xaac1, 0xcbe2, 0xdc21, 0xb5b8,
  0xc5f8, 0xc5f8, 0xc618, 0xce18, 0xce38, 0xce38, 0xce37, 0xe6fb, 0xef3c, 0xef5d, 0xf77e, 0xe71c, 0xd6ba, 0xdeba, 0xe73d, 0xdf1c,
  0x9cb4, 0xa4f5, 0xad57, 0xad78, 0xad78, 0xad99, 0xb599, 0xb599, 0x8c74, 0x7bf1, 0x0000, 0x0000, 0x0000, 0x0000, 0x0000, 0x0000,
  0x0000, 0x0000, 0x0000, 0x0000, 0x0000, 0x0000, 0x0000, 0x0000, 0x0000, 0x0000, 0x0000, 0x0000, 0x0000, 0x0000, 0x0000, 0x0000,
  0x0000, 0x0000, 0x0000, 0x0000, 0x0000, 0x0000, 0x0000, 0x0000, 0x0000, 0x0000, 0x0000, 0x0000, 0x0000, 0x0000, 0x0000, 0x0000,
  0x0000, 0x0000, 0x0000, 0x0000, 0x0000, 0x0000, 0x0000, 0x0000, 0x0000, 0x0000, 0x0000, 0x0000, 0x0000, 0x0000, 0x0000, 0x0000,
  0x0000, 0x0000, 0x0000, 0x0000, 0x0000, 0x0000, 0x0000, 0x0000, 0x62a8, 0xd7df, 0x9f7e, 0x6516, 0x116a, 0x0928, 0x0908, 0x0928,
  0xf79c, 0x9edb, 0x96db, 0x96db, 0x96db, 0x8d97, 0x7c92, 0x322a, 0x08c6, 0x08c5, 0x08a5, 0x08a4, 0x08a4, 0x0884, 0x0884, 0x0883,
  0x0863, 0x0063, 0x0063, 0x0042, 0x0042, 0x0042, 0x0021, 0x0021, 0x0021, 0x0000, 0x0000, 0x0000, 0x0000, 0x0000, 0x0000, 0x0000,
  0x0000, 0x0000, 0x0000, 0x0000, 0x0000, 0x0000, 0x0000, 0x0000, 0x0001, 0x0001, 0x0001, 0x0001, 0x0021, 0x0021, 0x0021, 0x0021,
  0x0021, 0x0021, 0x0021, 0x0021, 0x0841, 0x1882, 0x89e2, 0x8412, 0x71e5, 0xbb42, 0xd3e2, 0xcc68, 0xbdb7, 0xc5d7, 0xc5f7, 0xc618,
  0xce17, 0xce17, 0xdeb9, 0xe6da, 0xe71b, 0xef7d, 0xd69a, 0xce59, 0xce59, 0xce59, 0xd679, 0xe73c, 0x9cb4, 0xa516, 0xad78, 0xad99,
  0xb599, 0xb5b9, 0xb599, 0xa537, 0xa579, 0x0000, 0x0000, 0x0000, 0x0000, 0x0000, 0x0000, 0x0000, 0x0000, 0x0000, 0x0000, 0x0000,
  0x0000, 0x0000, 0x0000, 0x0000, 0x0000, 0x0000, 0x0000, 0x0000, 0x0000, 0x0000, 0x0000, 0x0000, 0x0000, 0x0000, 0x0000, 0x0000,
  0x0000, 0x0000, 0x0000, 0x0000, 0x0000, 0x0000, 0x0000, 0x0000, 0x0000, 0x0000, 0x0000, 0x0000, 0x0000, 0x0000, 0x0000, 0x0000,
  0x0000, 0x0000, 0x0000, 0x0000, 0x0000, 0x0000, 0x0000, 0x0000, 0x0000, 0x0000, 0x0000, 0x0000, 0x0000, 0x0000, 0x0000, 0x0000,
  0x0000, 0x0000, 0x0000, 0x0000, 0x93ed, 0xc7bf, 0x975e, 0x118b, 0x0949, 0x0908, 0x0907, 0x0948, 0xf6f7, 0x9edb, 0x96bb, 0x96db,
  0x96db, 0x84d3, 0x7431, 0x08c5, 0x08c5, 0x08a4, 0x08a4, 0x0884, 0x0884, 0x0883, 0x0883, 0x0863, 0x0063, 0x0063, 0x0042, 0x0042,
  0x0042, 0x0021, 0x0021, 0x0001, 0x0000, 0x0000, 0x0000, 0x0000, 0x0000, 0x0000, 0x0000, 0x0000, 0x0000, 0x0000, 0x0000, 0x0000,
  0x0000, 0x0000, 0x0000, 0x0000, 0x0000, 0x0000, 0x0000, 0x0001, 0x0001, 0x0001, 0x0021, 0x0021, 0x0021, 0x0021, 0x0021, 0x0021,
  0x10a3, 0x0841, 0x79c2, 0x7160, 0x7c13, 0x9221, 0xcbc2, 0xd402, 0xb577, 0xbdb7, 0xc5d7, 0xc5f7, 0xc5f7, 0xce17, 0xd678, 0xdeda,
  0xe73c, 0xd69a, 0xce38, 0xce38, 0xce38, 0xce59, 0xce59, 0xd69a, 0xa4f5, 0xad78, 0xad99, 0xb599, 0xb5b9, 0xb5b9, 0xad98, 0xad58,
  0x0000, 0x0000, 0x0000, 0x0000, 0x0000, 0x0000, 0x0000, 0x0000, 0x0000, 0x0000, 0x0000, 0x0000, 0x0000, 0x0000, 0x0000, 0x0000,
  0x0000, 0x0000, 0x0000, 0x0000, 0x0000, 0x0000, 0x0000, 0x0000, 0x0000, 0x0000, 0x0000, 0x0000, 0x0000, 0x0000, 0x0000, 0x0000,
  0x0000, 0x0000, 0x0000, 0x0000, 0x0000, 0x0000, 0x0000, 0x0000, 0x0000, 0x0000, 0x0000, 0x0000, 0x0000, 0x0000, 0x0000, 0x0000,
  0x0000, 0x0000, 0x0000, 0x0000, 0x0000, 0x0000, 0x0000, 0x0000, 0x0000, 0x0000, 0x0000, 0x0000, 0x0000, 0x0000, 0x0000, 0x0000,
  0xdf1c, 0xb79f, 0x9f7e, 0x116a, 0x0928, 0x08e7, 0x08e7, 0x0928, 0x0a0b, 0x1c32, 0x761a, 0x969b, 0x965a, 0x7c72, 0x322a, 0x08c5,
  0x08a5, 0x08a4, 0x0884, 0x0884, 0x0883, 0x0863, 0x0863, 0x0063, 0x0062, 0x0042, 0x0042, 0x0042, 0x0021, 0x0021, 0x0001, 0x0000,
  0x0000, 0x0000, 0x0000, 0x0000, 0x0000, 0x0000, 0x0000, 0x0000, 0x0000, 0x0000, 0x0000, 0x0000, 0x0000, 0x0000, 0x0000, 0x0000,
  0x0000, 0x0000, 0x0000, 0x0000, 0x0000, 0x0000, 0x0001, 0x0001, 0x0001, 0x0021, 0x0021, 0x0021, 0x0001, 0x0882, 0x0841, 0x81e2,
  0x7b2d, 0x6a69, 0xb322, 0xcbe2, 0xcc68, 0xbd96, 0xbdb6, 0xc5b6, 0xa4b2, 0xcdf6, 0xd679, 0xd679, 0xe6fb, 0xce18, 0xce18, 0xce18,
  0xce38, 0xce38, 0xce59, 0xd679, 0xdedb, 0xad98, 0xb599, 0xb599, 0xb5d9, 0xa537, 0x7c12, 0x0020, 0x0000, 0x0000, 0x0000, 0x0000,
  0x0000, 0x0000, 0x0000, 0x0000, 0x0000, 0x0000, 0x0000, 0x0000, 0x0000, 0x0000, 0x0000, 0x0000, 0x0000, 0x0000, 0x0000, 0x0000,
  0x0000, 0x0000, 0x0000, 0x0000, 0x0000, 0x0000, 0x0000, 0x0000, 0x0000, 0x0000, 0x0000, 0x0000, 0x0000, 0x0000, 0x0000, 0x0000,
  0x0000, 0x0000, 0x0000, 0x0000, 0x0000, 0x0000, 0x0000, 0x0000, 0x0000, 0x0000, 0x0000, 0x0000, 0x0000, 0x0000, 0x0000, 0x0000,
  0x0000, 0x0000, 0x0000, 0x0000, 0x0000, 0x0000, 0x0000, 0x0000, 0x0000, 0x0000, 0x0000, 0x0020, 0xdfbf, 0xa77e, 0x9f3d, 0x116a,
  0x0908, 0x08e7, 0x08e7, 0x0907, 0x0928, 0x0969, 0x09eb, 0x0b70, 0x7c11, 0x6bd0, 0x08a5, 0x08a5, 0x0884, 0x0884, 0x0883, 0x0883,
  0x0863, 0x0063, 0x0063, 0x0062, 0x0042, 0x0042, 0x0042, 0x0021, 0x0021, 0x0001, 0x0000, 0x0000, 0x0000, 0x0000, 0x0000, 0x0000,
  0x0000, 0x0000, 0x0000, 0x0000, 0x0000, 0x0000, 0x0000, 0x0000, 0x0000, 0x0000, 0x0000, 0x0000, 0x0000, 0x0000, 0x0000, 0x0000,
  0x0000, 0x0000, 0x0000, 0x0000, 0x0001, 0x0021, 0x0001, 0x0021, 0x0021, 0x0021, 0x0862, 0x6182, 0x7981, 0x7c11, 0x8a23, 0xcba2,
  0xd402, 0xad56, 0xbd96, 0xb575, 0xbd75, 0xce17, 0xce38, 0xd6ba, 0xce18, 0xce18, 0xce18, 0xce18, 0xce18, 0xce38, 0xce59, 0xd659,
  0xdeba, 0xb5b9, 0xb5b8, 0x94b4, 0x4208, 0x0020, 0x0000, 0x0000, 0x0000, 0x0000, 0x0000, 0x0000, 0x0000, 0x0000, 0x0000, 0x0000,
  0x0000, 0x0000, 0x0000, 0x0000, 0x0000, 0x0000, 0x0000, 0x0000, 0x0000, 0x0000, 0x0000, 0x0000, 0x0000, 0x0000, 0x0000, 0x0000,
  0x0000, 0x0000, 0x0000, 0x0000, 0x0000, 0x0000, 0x0000, 0x0000, 0x0000, 0x0000, 0x0000, 0x0000, 0x0000, 0x0000, 0x0000, 0x0000,
  0x0000, 0x0000, 0x0000, 0x0000, 0x0000, 0x0000, 0x0000, 0x0000, 0x0000, 0x0000, 0x0000, 0x0000, 0x0000, 0x0000, 0x0000, 0x0000,
  0x0000, 0x0000, 0x0000, 0x0000, 0x0000, 0x0000, 0x0000, 0x31a6, 0xd7bf, 0x9f5e, 0x6cf6, 0x1169, 0x0908, 0x08e7, 0x08e6, 0x08c6,
  0x08e6, 0x08e6, 0x0907, 0x0907, 0x0928, 0x2a0a, 0x08a4, 0x0884, 0x0884, 0x0883, 0x0883, 0x0863, 0x0063, 0x0063, 0x0042, 0x0042,
  0x0042, 0x0042, 0x0021, 0x0021, 0x0021, 0x0000, 0x0000, 0x0000, 0x0000, 0x0000, 0x0000, 0x0000, 0x0000, 0x0000, 0x0000, 0x0000,
  0x0000, 0x0000, 0x0000, 0x0000, 0x0000, 0x0000, 0x0000, 0x0000, 0x0000, 0x0000, 0x0000, 0x0000, 0x0000, 0x0000, 0x0000, 0x0000,
  0x0000, 0x0001, 0x0001, 0x0021, 0x0021, 0x0001, 0x10e4, 0x0841, 0x79c2, 0x6aec, 0x6207, 0xb322, 0xcbe2, 0xbc8b, 0xb575, 0x7b6d,
  0xbd74, 0xce17, 0xce38, 0xce79, 0xc618, 0xc5f8, 0xce18, 0xce38, 0xe73c, 0xef7d, 0xef5d, 0xd659, 0xd69a, 0x31a6, 0x0000, 0x0000,
  0x0000, 0x0000, 0x0000, 0x0000, 0x0000, 0x0000, 0x0000, 0x0000, 0x0000, 0x0000, 0x0000, 0x0000, 0x0000, 0x0000, 0x0000, 0x0000,
  0x0000, 0x0000, 0x0000, 0x0000, 0x0000, 0x0000, 0x0000, 0x0000, 0x0000, 0x0000, 0x0000, 0x0000, 0x0000, 0x0000, 0x0000, 0x0000,
  0x0000, 0x0000, 0x0000, 0x0000, 0x0000, 0x0000, 0x0000, 0x0000, 0x0000, 0x0000, 0x0000, 0x0000, 0x0000, 0x0000, 0x0000, 0x0000,
  0x0000, 0x0000, 0x0000, 0x0000, 0x0000, 0x0000, 0x0000, 0x0000, 0x0000, 0x0000, 0x0000, 0x0000, 0x0000, 0x0000, 0x0000, 0x0000,
  0x0000, 0x0000, 0x0000, 0x9472, 0xc7df, 0x9f3e, 0x2a6d, 0x1149, 0x0907, 0x08e6, 0x08c6, 0x08c5, 0x08c5, 0x08c5, 0x08c5, 0x08c5,
  0x08a5, 0x08a4, 0x0884, 0x0884, 0x0883, 0x0863, 0x0863, 0x0063, 0x0062, 0x0042, 0x0042, 0x0042, 0x0042, 0x0021, 0x0021, 0x0021,
  0x0000, 0x0000, 0x0000, 0x0000, 0x0000, 0x0000, 0x0000, 0x0000, 0x0000, 0x0000, 0x0000, 0x0000, 0x0000, 0x0000, 0x0000, 0x0000,
  0x0000, 0x0000, 0x0000, 0x0000, 0x0000, 0x0000, 0x0000, 0x0000, 0x0000, 0x0000, 0x0000, 0x0000, 0x0000, 0x0001, 0x0001, 0x0001,
  0x0021, 0x0021, 0x11c7, 0x0841, 0x6982, 0x6941, 0x73f3, 0x9201, 0xcba2, 0xd402, 0xa515, 0x8bad, 0xbd95, 0xc5d7, 0xce18, 0xc618,
  0xc5f8, 0xc5f8, 0xce38, 0xd699, 0xe6fb, 0xe71b, 0xe71b, 0xdefb, 0xe71c, 0x6b4d, 0x0000, 0x0000, 0x0000, 0x0000, 0x0000, 0x0000,
  0x0000, 0x0000, 0x0000, 0x0000, 0x0000, 0x0000, 0x0000, 0x0000, 0x0000, 0x0000, 0x0000, 0x0000, 0x0000, 0x0000, 0x0000, 0x0000,
  0x0000, 0x0000, 0x0000, 0x0000, 0x0000, 0x0000, 0x0000, 0x0000, 0x0000, 0x0000, 0x0000, 0x0000, 0x0000, 0x0000, 0x0000, 0x0000,
  0x0000, 0x0000, 0x0000, 0x0000, 0x0000, 0x0000, 0x0000, 0x0000, 0x0000, 0x0000, 0x0000, 0x0000, 0x0000, 0x0000, 0x0000, 0x0000,
  0x0000, 0x0000, 0x0000, 0x0000, 0x0000, 0x0000, 0x0000, 0x0000, 0x0000, 0x0000, 0x0000, 0x0000, 0x0000, 0x0000, 0x0000, 0xc618,
  0xb7bf, 0x973e, 0x1149, 0x0928, 0x08e7, 0x08c6, 0x08c5, 0x08a5, 0x08a5, 0x08a4, 0x08a4, 0x08a4, 0x0884, 0x0884, 0x0883, 0x0863,
  0x0863, 0x0063, 0x0063, 0x0042, 0x0042, 0x0042, 0x0042, 0x0042, 0x0021, 0x0021, 0x0021, 0x0001, 0x0000, 0x0000, 0x0000, 0x0000,
  0x0000, 0x0000, 0x0000, 0x0000, 0x0000, 0x0000, 0x0000, 0x0000, 0x0000, 0x0000, 0x0000, 0x0000, 0x0000, 0x0000, 0x0000, 0x0000,
  0x0000, 0x0000, 0x0000, 0x0000, 0x0000, 0x0000, 0x0000, 0x0000, 0x0000, 0x0000, 0x0001, 0x0021, 0x0021, 0x0000, 0x0945, 0x08a2,
  0x0841, 0x79a1, 0x73b1, 0x71a2, 0xbb21, 0xcbe2, 0x8203, 0x9c30, 0xc5b6, 0xb556, 0xc5f8, 0xc5f8, 0xc5f7, 0xc5d7, 0xc5f7, 0xce38,
  0xdeba, 0xdedb, 0xd69a, 0xd69a, 0xdebb, 0xdedb, 0x7bcf, 0x7bcf, 0x39c7, 0x18e3, 0x0000, 0x0000, 0x0000, 0x0000, 0x0000, 0x0000,
  0x0000, 0x0000, 0x0000, 0x0000, 0x0000, 0x0000, 0x0000, 0x0000, 0x0000, 0x0000, 0x0000, 0x0000, 0x0000, 0x0000, 0x0000, 0x0000,
  0x0000, 0x0000, 0x0000, 0x0000, 0x0000, 0x0000, 0x0000, 0x0000, 0x0000, 0x0000, 0x0000, 0x0000, 0x0000, 0x0000, 0x0000, 0x0000,
  0x0000, 0x0000, 0x0000, 0x0000, 0x0000, 0x0000, 0x0000, 0x0000, 0x0000, 0x0000, 0x0000, 0x0000, 0x0000, 0x0000, 0x0000, 0x0000,
  0x0000, 0x0000, 0x0000, 0x0000, 0x0000, 0x0000, 0x0000, 0x0000, 0x0000, 0x0000, 0x0000, 0xce7a, 0xaf9f, 0x973e, 0x0949, 0x0908,
  0x08e7, 0x08c6, 0x08a5, 0x08a5, 0x08a4, 0x0884, 0x0884, 0x0884, 0x0883, 0x0883, 0x0863, 0x0063, 0x0063, 0x0063, 0x0042, 0x0042,
  0x0042, 0x0042, 0x0022, 0x0021, 0x0021, 0x0021, 0x0021, 0x0000, 0x0000, 0x0000, 0x0000, 0x0000, 0x0000, 0x0000, 0x0000, 0x0000,
  0x0000, 0x0000, 0x0000, 0x0000, 0x0000, 0x0000, 0x0000, 0x0000, 0x0000, 0x0000, 0x0000, 0x0000, 0x0000, 0x0000, 0x0000, 0x0000,
  0x0000, 0x0000, 0x0000, 0x0000, 0x0000, 0x0000, 0x0001, 0x0001, 0x0021, 0x1945, 0x0104, 0x08e4, 0x0842, 0x7182, 0x4943, 0x6b51,
  0x9a81, 0xcbc2, 0x6142, 0x9c51, 0xbd96, 0xb576, 0xc5d8, 0xc5d7, 0xc5d7, 0xbdb7, 0xbd96, 0xc5d7, 0xdeda, 0xd679, 0xd659, 0xd679,
  0xd69a, 0xe71c, 0xd679, 0xd6ba, 0xbd96, 0xd6bb, 0xa534, 0x1082, 0x0000, 0x0000, 0x0000, 0x0000, 0x0000, 0x0000, 0x0000, 0x0000,
  0x0000, 0x0000, 0x0000, 0x0000, 0x0000, 0x0000, 0x0000, 0x0000, 0x0000, 0x0000, 0x0000, 0x0000, 0x0000, 0x0000, 0x0000, 0x0000,
  0x0000, 0x0000, 0x0000, 0x0000, 0x0000, 0x0000, 0x0000, 0x0000, 0x0000, 0x0000, 0x0000, 0x0000, 0x0000, 0x0000, 0x0000, 0x0000,
  0x0000, 0x0000, 0x0000, 0x0000, 0x0000, 0x0000, 0x0000, 0x0000, 0x0000, 0x0000, 0x0000, 0x0000, 0x0000, 0x0000, 0x0000, 0x0000,
  0x0000, 0x0000, 0x0000, 0x0000, 0x0000, 0x0000, 0x0000, 0xd6db, 0xaf7f, 0x973e, 0x1149, 0x0908, 0x08e6, 0x08c5, 0x08a5, 0x08a4,
  0x0884, 0x0884, 0x0883, 0x0883, 0x0863, 0x0063, 0x0063, 0x0063, 0x0062, 0x0042, 0x0042, 0x0042, 0x0042, 0x0022, 0x0021, 0x0021,
  0x0021, 0x0001, 0x0000, 0x0000, 0x0000, 0x0000, 0x0000, 0x0000, 0x0000, 0x0000, 0x0000, 0x0000, 0x0000, 0x0000, 0x0000, 0x0000,
  0x0000, 0x0000, 0x0000, 0x0000, 0x0000, 0x0000, 0x0000, 0x0000, 0x0000, 0x0000, 0x0000, 0x0000, 0x0000, 0x0000, 0x0000, 0x0000,
  0x0000, 0x0000, 0x0001, 0x0001, 0x0001, 0x19e9, 0x00e4, 0x00a3, 0x0841, 0x38c1, 0x6961, 0x73b2, 0x8a00, 0xc362, 0x5185, 0x9c92,
  0xb575, 0xb556, 0xc5d7, 0xc5d7, 0xc5d7, 0xad14, 0xad14, 0xbd76, 0xce38, 0xce39, 0xce39, 0xce59, 0xd67a, 0xdedb, 0xd69a, 0xd6ba,
  0xdedb, 0xe71c, 0xce59, 0xdedb, 0x18e3, 0x0000, 0x0000, 0x0000, 0x0000, 0x0000, 0x0000, 0x0000, 0x0000, 0x0000, 0x0000, 0x0000,
  0x0000, 0x0000, 0x0000, 0x0000, 0x0000, 0x0000, 0x0000, 0x0000, 0x0000, 0x0000, 0x0000, 0x0000, 0x0000, 0x0000, 0x0000, 0x0000,
  0x0000, 0x0000, 0x0000, 0x0000, 0x0000, 0x0000, 0x0000, 0x0000, 0x0000, 0x0000, 0x0000, 0x0000, 0x0000, 0x0000, 0x0000, 0x0000,
  0x0000, 0x0000, 0x0000, 0x0000, 0x0000, 0x0000, 0x0000, 0x0000, 0x0000, 0x0000, 0x0000, 0x0000, 0x0000, 0x0000, 0x0000, 0x0000,
  0x0000, 0x0000, 0x0000, 0xe75d, 0xa77e, 0x975e, 0x1149, 0x0908, 0x08e6, 0x08c5, 0x08a4, 0x08a4, 0x0884, 0x0883, 0x0863, 0x0863,
  0x0063, 0x0063, 0x0062, 0x0062, 0x0042, 0x0042, 0x0042, 0x0042, 0x0042, 0x0022, 0x0021, 0x0021, 0x0021, 0x0021, 0x0000, 0x0000,
  0x0000, 0x0000, 0x0000, 0x0000, 0x0000, 0x0000, 0x0000, 0x0000, 0x0000, 0x0000, 0x0000, 0x0000, 0x0000, 0x0000, 0x0000, 0x0000,
  0x0000, 0x0000, 0x0000, 0x0000, 0x0000, 0x0000, 0x0000, 0x0000, 0x0000, 0x0000, 0x0000, 0x0000, 0x0000, 0x0000, 0x0000, 0x0001,
  0x0000, 0x0966, 0x00c3, 0x00a3, 0x08a3, 0x0841, 0x6962, 0x6b70, 0x69e5, 0xaaa1, 0x730c, 0xa4f4, 0x8bf1, 0xad35, 0xbdd7, 0xc5d7,
  0xbdb7, 0x9c93, 0x9c93, 0xad35, 0xc5f8, 0xc618, 0xce18, 0xce39, 0xce59, 0xd6bb, 0xdedb, 0xdedb, 0xdedb, 0xdefb, 0xe71c, 0xc639,
  0xdefc, 0x0861, 0x0000, 0x0000, 0x0000, 0x0000, 0x0000, 0x0000, 0x0000, 0x0000, 0x0000, 0x0000, 0x0000, 0x0000, 0x0000, 0x0000,
  0x0000, 0x0000, 0x0000, 0x0000, 0x0000, 0x0000, 0x0000, 0x0000, 0x0000, 0x0000, 0x0000, 0x0000, 0x0000, 0x0000, 0x0000, 0x0000,
  0x0000, 0x0000, 0x0000, 0x0000, 0x0000, 0x0000, 0x0000, 0x0000, 0x0000, 0x0000, 0x0000, 0x0000, 0x0000, 0x0000, 0x0000, 0x0000,
  0x0000, 0x0000, 0x0000, 0x0000, 0x0000, 0x0000, 0x0000, 0x0000, 0x0000, 0x0000, 0x0000, 0x0000, 0x0000, 0x0000, 0x0020, 0xe77e,
  0xa77e, 0x977e, 0x1149, 0x0907, 0x08c6, 0x08c5, 0x08a4, 0x0884, 0x0883, 0x0863, 0x0863, 0x0063, 0x0063, 0x0042, 0x0042, 0x0042,
  0x0042, 0x0042, 0x0042, 0x0042, 0x0042, 0x0021, 0x0021, 0x0021, 0x0021, 0x0000, 0x0000, 0x0000, 0x0000, 0x0000, 0x0000, 0x0000,
  0x0000, 0x0000, 0x0000, 0x0000, 0x0000, 0x0000, 0x0000, 0x0000, 0x0000, 0x0000, 0x0000, 0x0000, 0x0000, 0x0000, 0x0000, 0x0000,
  0x0000, 0x0000, 0x0000, 0x0000, 0x0000, 0x0000, 0x0000, 0x0000, 0x0000, 0x0000, 0x0000, 0x0001, 0x0000, 0x0125, 0x00c3, 0x0082,
  0x08c3, 0x0841, 0x6962, 0x4923, 0x5ace, 0x9201, 0x7b8f, 0xad15, 0x9cb4, 0xad35, 0xbdd7, 0xbdb7, 0xbd96, 0x8c31, 0x8c11, 0xa4d4,
  0xbdb7, 0xc5f8, 0xce18, 0xce38, 0xce59, 0xd6bb, 0xdedb, 0xdefb, 0xdefb, 0xdefb, 0xdefb, 0xe71c, 0xdefc, 0xce79, 0x0000, 0x0000,
  0x0000, 0x0000, 0x0000, 0x0000, 0x0000, 0x0000, 0x0000, 0x0000, 0x0000, 0x0000, 0x0000, 0x0000, 0x0000, 0x0000, 0x0000, 0x0000,
  0x0000, 0x0000, 0x0000, 0x0000, 0x0000, 0x0000, 0x0000, 0x0000, 0x0000, 0x0000, 0x0000, 0x0000, 0x0000, 0x0000, 0x0000, 0x0000,
  0x0000, 0x0000, 0x0000, 0x0000, 0x0000, 0x0000, 0x0000, 0x0000, 0x0000, 0x0000, 0x0000, 0x0000, 0x0000, 0x0000, 0x0000, 0x0000,
  0x0000, 0x0000, 0x0000, 0x0000, 0x0000, 0x0000, 0x0000, 0x0000, 0x0000, 0x0000, 0x0020, 0xef9e, 0xa77e, 0x977e, 0x1149, 0x0907,
  0x08c6, 0x08a5, 0x08a4, 0x0884, 0x0883, 0x0863, 0x0063, 0x0063, 0x0062, 0x0042, 0x0042, 0x0042, 0x0042, 0x0042, 0x0042, 0x0022,
  0x0022, 0x0021, 0x0021, 0x0021, 0x0021, 0x0000, 0x0000, 0x0000, 0x0000, 0x0000, 0x0000, 0x0000, 0x0000, 0x0000, 0x0000, 0x0000,
  0x0000, 0x0000, 0x0000, 0x0000, 0x0000, 0x0000, 0x0000, 0x0000, 0x0000, 0x0000, 0x0000, 0x0000, 0x0000, 0x0000, 0x0000, 0x0000,
  0x0000, 0x0000, 0x0000, 0x0000, 0x0000, 0x0000, 0x0000, 0x0001, 0x0000, 0x0104, 0x00a3, 0x0062, 0x0883, 0x0841, 0x38e1, 0x5921,
  0x6330, 0x7181, 0x83d0, 0xa4f5, 0xa4d4, 0xad15, 0xbdd7, 0xbdb7, 0xad15, 0x8411, 0x83f0, 0x9cb3, 0xbdb7, 0xc5f8, 0xc618, 0xce18,
  0xce59, 0xd6bb, 0xdedb, 0xdefb, 0xdefb, 0xdefb, 0xdedb, 0xdefb, 0xc5d7, 0xdefc, 0x10a2, 0x0000, 0x0000, 0x0000, 0x0000, 0x0000,
  0x0000, 0x0000, 0x0000, 0x0000, 0x0000, 0x0000, 0x0000, 0x0000, 0x0000, 0x0000, 0x0000, 0x0000, 0x0000, 0x0000, 0x0000, 0x0000,
  0x0000, 0x0000, 0x0000, 0x0000, 0x0000, 0x0000, 0x0000, 0x0000, 0x0000, 0x0000, 0x0000, 0x0000, 0x0000, 0x0000, 0x0000, 0x0000,
  0x0000, 0x0000, 0x0000, 0x0000, 0x0000, 0x0000, 0x0000, 0x0000, 0x0000, 0x0000, 0x0000, 0x0000, 0x0000, 0x0000, 0x0000, 0x0000,
  0x0000, 0x0000, 0x0000, 0x0000, 0x0000, 0x0000, 0x0000, 0xefbf, 0xa77e, 0x977e, 0x1149, 0x0907, 0x08c6, 0x08a5, 0x08a4, 0x0884,
  0x0863, 0x0863, 0x0063, 0x0042, 0x0042, 0x0042, 0x0042, 0x0042, 0x0042, 0x0042, 0x0042, 0x0042, 0x0021, 0x0021, 0x0021, 0x0001,
  0x0000, 0x0000, 0x0000, 0x0000, 0x0000, 0x0000, 0x0000, 0x0000, 0x0000, 0x0000, 0x0000, 0x0000, 0x0000, 0x0000, 0x0000, 0x0000,
  0x0000, 0x0000, 0x0000, 0x0000, 0x0000, 0x0000, 0x0000, 0x0000, 0x0000, 0x0000, 0x0000, 0x0000, 0x0000, 0x0000, 0x0000, 0x0000,
  0x0000, 0x0000, 0x0000, 0x0021, 0x0020, 0x00e4, 0x00a3, 0x0062, 0x0862, 0x0841, 0x0821, 0x6121, 0x6330, 0x61c5, 0x83f1, 0xa4d4,
  0x9473, 0xad36, 0xbdd7, 0xbdb7, 0x9473, 0x83f1, 0x83d0, 0x9473, 0xb597, 0xbdd7, 0xc5f8, 0xc618, 0xce5a, 0xd6bb, 0xdedb, 0xdedb,
  0xdedb, 0xdedb, 0xdedb, 0xdedb, 0xdedb, 0xdedb, 0xa514, 0x0000, 0x0000, 0x0000, 0x0000, 0x0000, 0x0000, 0x0000, 0x0000, 0x0000,
  0x0000, 0x0000, 0x0000, 0x0000, 0x0000, 0x0000, 0x0000, 0x0000, 0x0000, 0x0000, 0x0000, 0x0000, 0x0000, 0x0000, 0x0000, 0x0000,
  0x0000, 0x0000, 0x0000, 0x0000, 0x0000, 0x0000, 0x0000, 0x0000, 0x0000, 0x0000, 0x0000, 0x0000, 0x0000, 0x0000, 0x0000, 0x0000,
  0x0000, 0x0000, 0x0000, 0x0000, 0x0000, 0x0000, 0x0000, 0x0000, 0x0000, 0x0000, 0x0000, 0x0000, 0x0000, 0x0000, 0x0000, 0x0000,
  0x0000, 0x0000, 0x0000, 0xe77e, 0xa77e, 0x8f7e, 0x1149, 0x0908, 0x08e6, 0x08a5, 0x08a4, 0x0883, 0x0863, 0x0063, 0x0063, 0x0042,
  0x0042, 0x0022, 0x0042, 0x0042, 0x0042, 0x0042, 0x0022, 0x0021, 0x0021, 0x0021, 0x0021, 0x0021, 0x0000, 0x0000, 0x0000, 0x0000,
  0x0000, 0x0000, 0x0000, 0x0000, 0x0000, 0x0000, 0x0000, 0x0000, 0x0000, 0x0000, 0x0000, 0x0000, 0x0000, 0x0000, 0x0000, 0x0000,
  0x0000, 0x0000, 0x0000, 0x0000, 0x0000, 0x0000, 0x0000, 0x0000, 0x0000, 0x0000, 0x0000, 0x0000, 0x0000, 0x0000, 0x0000, 0x0000,
  0x0021, 0x00e4, 0x00a3, 0x0062, 0x0842, 0x0861, 0x0021, 0x6121, 0x5aef, 0x62ec, 0x83f1, 0x9cb4, 0x8c33, 0xad36, 0xbdd7, 0xbdb7,
  0x8c12, 0x83f2, 0x7bd1, 0x8c32, 0xb576, 0xbdd7, 0xc5f8, 0xc618, 0xce5a, 0xd6db, 0xdedb, 0xdedb, 0xdebb, 0xdeba, 0xdeba, 0xd6ba,
  0xd6ba, 0xad76, 0xd69a, 0x0000, 0x0000, 0x0000, 0x0000, 0x0000, 0x0000, 0x0000, 0x0000, 0x0000, 0x0000, 0x0000, 0x0000, 0x0000,
  0x0000, 0x0000, 0x0000, 0x0000, 0x0000, 0x0000, 0x0000, 0x0000, 0x0000, 0x0000, 0x0000, 0x0000, 0x0000, 0x0000, 0x0000, 0x0000,
  0x0000, 0x0000, 0x0000, 0x0000, 0x0000, 0x0000, 0x0000, 0x0000, 0x0000, 0x0000, 0x0000, 0x0000, 0x0000, 0x0000, 0x0000, 0x0000,
  0x0000, 0x0000, 0x0000, 0x0000, 0x0000, 0x0000, 0x0000, 0x0000, 0x0000, 0x0000, 0x0000, 0x0000, 0x0000, 0x0000, 0x0000, 0xce7a,
  0xa77f, 0x8f5e, 0x1149, 0x0908, 0x08e6, 0x08a5, 0x08a4, 0x0884, 0x0863, 0x0063, 0x0063, 0x0042, 0x0042, 0x0042, 0x0042, 0x0042,
  0x0042, 0x0042, 0x0021, 0x0021, 0x0021, 0x0021, 0x0021, 0x0021, 0x0021, 0x0000, 0x0000, 0x0000, 0x0000, 0x0000, 0x0001, 0x0001,
  0x0001, 0x0001, 0x0000, 0x0000, 0x0000, 0x0000, 0x0000, 0x0000, 0x0000, 0x0000, 0x0000, 0x0000, 0x0000, 0x0000, 0x0000, 0x0000,
  0x0000, 0x0000, 0x0000, 0x0000, 0x0000, 0x0000, 0x0000, 0x0000, 0x0000, 0x0000, 0x0000, 0x0000, 0x0020, 0x00e4, 0x00a3, 0x0042,
  0x0842, 0x0862, 0x0021, 0x6121, 0x5aee, 0x630d, 0x83f2, 0x9473, 0x8412, 0xa516, 0xbdb7, 0xbd97, 0x8c12, 0x7bd2, 0x83f2, 0x83f2,
  0xad36, 0xbdb7, 0xc5d8, 0xc619, 0xce5b, 0xd69a, 0xd6ba, 0xd6ba, 0xd6ba, 0xd69a, 0xd69a, 0xd69a, 0xd69a, 0xb576, 0xd69b, 0x0000,
  0x0000, 0x0000, 0x0000, 0x0000, 0x0000, 0x0000, 0x0000, 0x0000, 0x0000, 0x0000, 0x0000, 0x0000, 0x0000, 0x0000, 0x0000, 0x0000,
  0x0000, 0x0000, 0x0000, 0x0000, 0x0000, 0x0000, 0x0000, 0x0000, 0x0000, 0x0000, 0x0000, 0x0000, 0x0000, 0x0000, 0x0000, 0x0000,
  0x0000, 0x0000, 0x0000, 0x0000, 0x0000, 0x0000, 0x0000, 0x0000, 0x0000, 0x0000, 0x0000, 0x0000, 0x0000, 0x0000, 0x0000, 0x0000,
  0x0000, 0x0000, 0x0000, 0x0000, 0x0000, 0x0000, 0x0000, 0x0000, 0x0000, 0x0000, 0x0000, 0xb597, 0xaf9f, 0x8f3e, 0x1149, 0x0908,
  0x08e6, 0x08a5, 0x08a4, 0x0883, 0x0863, 0x0063, 0x0063, 0x0042, 0x0042, 0x0042, 0x0042, 0x0042, 0x0042, 0x0021, 0x0021, 0x0021,
  0x0001, 0x0021, 0x0021, 0x0021, 0x0021, 0x0021, 0x0000, 0x0001, 0x0021, 0x0021, 0x0021, 0x0021, 0x0021, 0x0021, 0x0001, 0x0021,
  0x0021, 0x0001, 0x0000, 0x0000, 0x0000, 0x0000, 0x0000, 0x0000, 0x0000, 0x0000, 0x0000, 0x0000, 0x0000, 0x0000, 0x0000, 0x0000,
  0x0000, 0x0000, 0x0000, 0x0000, 0x0000, 0x0000, 0x0000, 0x0000, 0x0000, 0x00e4, 0x00a3, 0x0062, 0x0862, 0x0841, 0x0000, 0x6121,
  0x5b0e, 0x5208, 0x7bd1, 0x8c53, 0x8412, 0xa4f5, 0xbdb7, 0xbd97, 0x9453, 0x7bd2, 0x8433, 0x8413, 0x9cd5, 0xb597, 0xbdd8, 0xc619,
  0xce7b, 0xd679, 0xd69a, 0xd69a, 0xd67a, 0xd67a, 0xd67a, 0xce7a, 0xce7a, 0xd679, 0xd69a, 0x0841, 0x0000, 0x0000, 0x0000, 0x0000,
  0x0000, 0x0000, 0x0000, 0x0000, 0x0000, 0x0000, 0x0000, 0x0000, 0x0000, 0x0000, 0x0000, 0x0000, 0x0000, 0x0000, 0x0000, 0x0000,
  0x0000, 0x0000, 0x0000, 0x0000, 0x0000, 0x0000, 0x0000, 0x0000, 0x0000, 0x0000, 0x0000, 0x0000, 0x0000, 0x0000, 0x0000, 0x0000,
  0x0000, 0x0000, 0x0000, 0x0000, 0x0000, 0x0000, 0x0000, 0x0000, 0x0000, 0x0000, 0x0000, 0x0000, 0x0000, 0x0000, 0x0000, 0x0000,
  0x0000, 0x0000, 0x0000, 0x0000, 0x0000, 0x0000, 0x0000, 0x94b2, 0xaf9f, 0x973e, 0x2a8d, 0x0928, 0x08e7, 0x08c5, 0x08a4, 0x0884,
  0x0863, 0x0063, 0x0063, 0x0042, 0x0042, 0x0042, 0x0042, 0x0042, 0x0022, 0x0021, 0x0021, 0x0021, 0x0021, 0x0021, 0x0021, 0x0021,
  0x0021, 0x0001, 0x0021, 0x0021, 0x0021, 0x0021, 0x0041, 0x0042, 0x0042, 0x0041, 0x0021, 0x0021, 0x0021, 0x0021, 0x0021, 0x0001,
  0x0001, 0x0001, 0x0001, 0x0000, 0x0000, 0x0000, 0x0000, 0x0000, 0x0000, 0x0000, 0x0000, 0x0000, 0x0000, 0x0000, 0x0000, 0x0000,
  0x0000, 0x0000, 0x0000, 0x0000, 0x0000, 0x0104, 0x00a3, 0x0062, 0x08a3, 0x0021, 0x2881, 0x5900, 0x5aee, 0x6160, 0x7bd1, 0x8c33,
  0x8413, 0x9cb4, 0xbdb7, 0xb577, 0x9c93, 0x73b1, 0x8433, 0x8c74, 0x8c74, 0xad77, 0xbdd8, 0xc63a, 0xce7a, 0xce59, 0xce59, 0xd67a,
  0xd67a, 0xce59, 0xce59, 0xce59, 0xce59, 0xce7a, 0xce7a, 0x10a3, 0x0000, 0x0000, 0x0000, 0x0000, 0x0000, 0x0000, 0x0000, 0x0000,
  0x0000, 0x0000, 0x0000, 0x0000, 0x0000, 0x0000, 0x0000, 0x0000, 0x0000, 0x0000, 0x0000, 0x0000, 0x0000, 0x0000, 0x0000, 0x0000,
  0x0000, 0x0000, 0x0000, 0x0000, 0x0000, 0x0000, 0x0000, 0x0000, 0x0000, 0x0000, 0x0000, 0x0000, 0x0000, 0x0000, 0x0000, 0x0000,
  0x0000, 0x0000, 0x0000, 0x0000, 0x0000, 0x0000, 0x0000, 0x0000, 0x0000, 0x0000, 0x0000, 0x0000, 0x0000, 0x0000, 0x0000, 0x0000,
  0x0000, 0x0000, 0x0000, 0x4a49, 0xb7bf, 0x9f5e, 0x6d97, 0x0929, 0x08e7, 0x08c5, 0x08a4, 0x0884, 0x0863, 0x0063, 0x0063, 0x0042,
  0x0042, 0x0042, 0x0042, 0x0042, 0x0042, 0x0021, 0x0021, 0x0021, 0x0021, 0x0021, 0x0021, 0x0021, 0x0021, 0x0021, 0x0021, 0x0041,
  0x0042, 0x0042, 0x0063, 0x0863, 0x0063, 0x0062, 0x0042, 0x0042, 0x0042, 0x0022, 0x0021, 0x0021, 0x0021, 0x0021, 0x0021, 0x0021,
  0x0001, 0x0000, 0x0000, 0x0000, 0x0000, 0x0000, 0x0000, 0x0000, 0x0000, 0x0000, 0x0000, 0x0000, 0x0000, 0x0000, 0x0001, 0x0021,
  0x0000, 0x0925, 0x00a3, 0x0083, 0x08e4, 0x0020, 0x6141, 0x4102, 0x5a08, 0x7180, 0x7bd2, 0x8433, 0x8413, 0x8c53, 0xbd97, 0xb577,
  0x9cb4, 0x7390, 0x8412, 0x8c74, 0x9cd6, 0x9cf6, 0xbdf9, 0xce7b, 0xc5f8, 0xc618, 0xce39, 0xce59, 0xce59, 0xce39, 0xce39, 0xce39,
  0xc639, 0xce59, 0xce7a, 0x18e3, 0x0000, 0x0000, 0x0000, 0x0000, 0x0000, 0x0000, 0x0000, 0x0000, 0x0000, 0x0000, 0x0000, 0x0000,
  0x0000, 0x0000, 0x0000, 0x0000, 0x0000, 0x0000, 0x0000, 0x0000, 0x0000, 0x0000, 0x0000, 0x0000, 0x0000, 0x0000, 0x0000, 0x0000,
  0x0000, 0x0000, 0x0000, 0x0000, 0x0000, 0x0000, 0x0000, 0x0000, 0x0000, 0x0000, 0x0000, 0x0000, 0x0000, 0x0000, 0x0000, 0x0000,
  0x0000, 0x0000, 0x0000, 0x0000, 0x0000, 0x0000, 0x0000, 0x0000, 0x0000, 0x0000, 0x0000, 0x0000, 0x0000, 0x0000, 0x0000, 0x1082,
  0xc7df, 0x9f5e, 0x975e, 0x1169, 0x0907, 0x08c6, 0x08a5, 0x0884, 0x0863, 0x0063, 0x0063, 0x0042, 0x0042, 0x0042, 0x0042, 0x0042,
  0x0022, 0x0021, 0x0021, 0x0021, 0x0021, 0x0021, 0x0021, 0x0021, 0x0021, 0x0041, 0x0042, 0x0042, 0x0862, 0x08c4, 0x11c9, 0x1a0b,
  0x1189, 0x08e5, 0x0883, 0x0063, 0x0062, 0x0062, 0x0042, 0x0042, 0x0042, 0x0021, 0x0021, 0x0021, 0x0021, 0x0021, 0x0001, 0x0001,
  0x0021, 0x0000, 0x0000, 0x0000, 0x0000, 0x0000, 0x0000, 0x0000, 0x0000, 0x0001, 0x0021, 0x0021, 0x0001, 0x1166, 0x00a3, 0x0083,
  0x08c3, 0x0000, 0x6961, 0x736f, 0x6160, 0x71c0, 0x5aee, 0x8413, 0x7bd1, 0x8412, 0xb577, 0xb577, 0xa4f5, 0x7bd1, 0x8433, 0x9474,
  0x8c53, 0xb5b8, 0xc619, 0xd69b, 0xbdb7, 0xc5f8, 0xc618, 0xc639, 0xc639, 0xc619, 0xc619, 0xc619, 0xc619, 0xce39, 0xce7a, 0x2124,
  0x0000, 0x0000, 0x0000, 0x0000, 0x0000, 0x0000, 0x0000, 0x0000, 0x0000, 0x0000, 0x0000, 0x0000, 0x0000, 0x0000, 0x0000, 0x0000,
  0x0000, 0x0000, 0x0000, 0x0000, 0x0000, 0x0000, 0x0000, 0x0000, 0x0000, 0x0000, 0x0000, 0x0000, 0x0000, 0x0000, 0x0000, 0x0000,
  0x0000, 0x0000, 0x0000, 0x0000, 0x0000, 0x0000, 0x0000, 0x0000, 0x0000, 0x0000, 0x0000, 0x0000, 0x0000, 0x0000, 0x0000, 0x0000,
  0x0000, 0x0000, 0x0000, 0x0000, 0x0000, 0x0000, 0x0000, 0x0000, 0x0000, 0x0000, 0x0000, 0x0000, 0xd79e, 0xa75e, 0x8f3d, 0x116a,
  0x0908, 0x08e6, 0x08a5, 0x0884, 0x0883, 0x0863, 0x0063, 0x0042, 0x0042, 0x0042, 0x0042, 0x0042, 0x0042, 0x0042, 0x0042, 0x0042,
  0x0042, 0x0042, 0x0042, 0x0042, 0x0042, 0x0042, 0x0062, 0x0883, 0x0927, 0x1a4d, 0x22ef, 0x22ef, 0x22ef, 0x22ae, 0x1a4c, 0x1189,
  0x0906, 0x08a4, 0x0883, 0x0063, 0x0062, 0x0042, 0x0042, 0x0042, 0x0021, 0x0021, 0x0021, 0x0021, 0x0021, 0x0021, 0x0021, 0x0021,
  0x0021, 0x0021, 0x0001, 0x0021, 0x0021, 0x0021, 0x0021, 0x0021, 0x0021, 0x10e4, 0x00c4, 0x08a3, 0x0041, 0x30c0, 0x6940, 0x7bb0,
  0x79c0, 0x81e0, 0x4943, 0x8433, 0x8413, 0x8413, 0xa516, 0xb577, 0xad36, 0x9473, 0x83f1, 0x8c53, 0xa515, 0xbdd8, 0xce7b, 0xad15,
  0xb576, 0xbdb7, 0xc5d8, 0xc5f8, 0xc5f8, 0xc618, 0xc619, 0xc619, 0xc619, 0xce39, 0xce7a, 0x2125, 0x0000, 0x0000, 0x0000, 0x0000,
  0x0000, 0x0000, 0x0000, 0x0000, 0x0000, 0x0000, 0x0000, 0x0000, 0x0000, 0x0000, 0x0000, 0x0000, 0x0000, 0x0000, 0x0000, 0x0000,
  0x0000, 0x0000, 0x0000, 0x0000, 0x0000, 0x0000, 0x0000, 0x0000, 0x0000, 0x0000, 0x0000, 0x0000, 0x0000, 0x0000, 0x0000, 0x0000,
  0x0000, 0x0000, 0x0000, 0x0000, 0x0000, 0x0000, 0x0000, 0x0000, 0x0000, 0x0000, 0x0000, 0x0000, 0x0000, 0x0000, 0x0000, 0x0000,
  0x0000, 0x0000, 0x0000, 0x0000, 0x0000, 0x0000, 0x0000, 0x0000, 0xc659, 0xaf7f, 0x973d, 0x4390, 0x0928, 0x08e7, 0x08c5, 0x08a4,
  0x0884, 0x0863, 0x0063, 0x0062, 0x0042, 0x0042, 0x0042, 0x0042, 0x0042, 0x0042, 0x0042, 0x0042, 0x0042, 0x0042, 0x0042, 0x0042,
  0x0062, 0x0863, 0x08a4, 0x11ca, 0x22cf, 0x22f0, 0x2b10, 0x2b10, 0x2330, 0x2b30, 0x2310, 0x2310, 0x22cf, 0x1a6d, 0x11ca, 0x0927,
  0x08a4, 0x0883, 0x0863, 0x0063, 0x0062, 0x0042, 0x0042, 0x0042, 0x0022, 0x0021, 0x0021, 0x0021, 0x0021, 0x0021, 0x0021, 0x0021,
  0x0021, 0x0021, 0x0021, 0x0021, 0x0021, 0x0001, 0x0104, 0x0905, 0x0020, 0x71a0, 0x49c6, 0x5208, 0x8a20, 0x8a00, 0x52ae, 0x8412,
  0x8433, 0x8c33, 0x8c53, 0xb577, 0xad36, 0xa4f5, 0x9cb4, 0xa4f5, 0xad77, 0xc619, 0xb597, 0xad14, 0xb535, 0xb576, 0xbdb7, 0xc5f8,
  0xc5f8, 0xc618, 0xc618, 0xc619, 0xc619, 0xce39, 0xce5a, 0x2945, 0x0000, 0x0000, 0x0000, 0x0000, 0x0000, 0x0000, 0x0000, 0x0000,
  0x0000, 0x0000, 0x0000, 0x0000, 0x0000, 0x0000, 0x0000, 0x0000, 0x0000, 0x0000, 0x0000, 0x0000, 0x0000, 0x0000, 0x0000, 0x0000,
  0x0000, 0x0000, 0x0000, 0x0000, 0x0000, 0x0000, 0x0000, 0x0000, 0x0000, 0x0000, 0x0000, 0x0000, 0x0000, 0x0000, 0x0000, 0x0000,
  0x0000, 0x0000, 0x0000, 0x0000, 0x0000, 0x0000, 0x0000, 0x0000, 0x0000, 0x0000, 0x0000, 0x0000, 0x0000, 0x0000, 0x0000, 0x0000,
  0x0000, 0x0000, 0x0000, 0x0000, 0x7bcf, 0xb79f, 0x9f5e, 0x977f, 0x1169, 0x0907, 0x08c6, 0x08a4, 0x0884, 0x0883, 0x0863, 0x0063,
  0x0042, 0x0042, 0x0042, 0x0042, 0x0042, 0x0042, 0x0042, 0x0042, 0x0042, 0x0062, 0x0062, 0x0063, 0x0883, 0x0907, 0x1a8e, 0x22f0,
  0x2310, 0x2330, 0x2330, 0x2330, 0x2330, 0x2330, 0x2330, 0x2330, 0x2b30, 0x2310, 0x2310, 0x22f0, 0x1a8e, 0x120c, 0x1169, 0x08e6,
  0x08a4, 0x0883, 0x0863, 0x0063, 0x0042, 0x0042, 0x0042, 0x0042, 0x0042, 0x0042, 0x0022, 0x0022, 0x0042, 0x0042, 0x0021, 0x0021,
  0x0021, 0x0021, 0x0966, 0x08a3, 0x0000, 0x79a0, 0x83f1, 0x6960, 0x9260, 0x9a40, 0x5b10, 0x6330, 0x8c54, 0x8c33, 0x9474, 0xa4f5,
  0xad56, 0xa516, 0xa516, 0xad57, 0xbdd8, 0xc63a, 0xa4b3, 0xa4d4, 0xad15, 0xb556, 0xbdb7, 0xc5f8, 0xc5f8, 0xc618, 0xc618, 0xc619,
  0xc619, 0xc639, 0xce5a, 0x2945, 0x0000, 0x0000, 0x0000, 0x0000, 0x0000, 0x0000, 0x0000, 0x0000, 0x0000, 0x0000, 0x0000, 0x0000,
  0x0000, 0x0000, 0x0000, 0x0000, 0x0000, 0x0000, 0x0000, 0x0000, 0x0000, 0x0000, 0x0000, 0x0000, 0x0000, 0x0000, 0x0000, 0x0000,
  0x0000, 0x0000, 0x0000, 0x0000, 0x0000, 0x0000, 0x0000, 0x0000, 0x0000, 0x0000, 0x0000, 0x0000, 0x0000, 0x0000, 0x0000, 0x0000,
  0x0000, 0x0000, 0x0000, 0x0000, 0x0000, 0x0000, 0x0000, 0x0000, 0x0000, 0x0000, 0x0000, 0x0000, 0x0000, 0x0000, 0x0000, 0x0000,
  0x18c3, 0xc7bf, 0xa77e, 0x8f3d, 0x1149, 0x0908, 0x08e6, 0x08a5, 0x0884, 0x0884, 0x0863, 0x0063, 0x0063, 0x0042, 0x0042, 0x0042,
  0x0042, 0x0042, 0x0062, 0x0062, 0x0062, 0x0063, 0x0883, 0x08c5, 0x1a2c, 0x22f0, 0x2310, 0x2330, 0x2330, 0x2330, 0x2330, 0x2330,
  0x2330, 0x2330, 0x2330, 0x2330, 0x2330, 0x2330, 0x2330, 0x2330, 0x2b31, 0x2b11, 0x22f0, 0x22af, 0x1a4e, 0x11cc, 0x0948, 0x08c6,
  0x08a4, 0x0883, 0x0863, 0x0063, 0x0063, 0x0062, 0x0042, 0x0042, 0x0042, 0x0042, 0x0042, 0x0042, 0x0021, 0x0021, 0x1146, 0x0841,
  0x71a1, 0x5962, 0x734d, 0x9a60, 0x9a80, 0x82e8, 0x6330, 0x6b50, 0x7391, 0x9cb5, 0x9494, 0x9cb5, 0xad36, 0xad36, 0xad57, 0xb5b8,
  0xbdb8, 0x9c92, 0xa4b3, 0xa4d4, 0xad15, 0xb556, 0xbdb7, 0xc5f8, 0xc5f8, 0xc618, 0xc618, 0xc619, 0xc619, 0xc639, 0xc63a, 0x2966,
  0x0000, 0x0000, 0x0000, 0x0000, 0x0000, 0x0000, 0x0000, 0x0000, 0x0000, 0x0000, 0x0000, 0x0000, 0x0000, 0x0000, 0x0000, 0x0000,
  0x0000, 0x0000, 0x0000, 0x0000, 0x0000, 0x0000, 0x0000, 0x0000, 0x0000, 0x0000, 0x0000, 0x0000, 0x0000, 0x0000, 0x0000, 0x0000,
  0x0000, 0x0000, 0x0000, 0x0000, 0x0000, 0x0000, 0x0000, 0x0000, 0x0000, 0x0000, 0x0000, 0x0000, 0x0000, 0x0000, 0x0000, 0x0000,
  0x0000, 0x0000, 0x0000, 0x0000, 0x0000, 0x0000, 0x0000, 0x0000, 0x0000, 0x0000, 0x0000, 0x0000, 0x0000, 0xe718, 0xb79f, 0x973e,
  0x8f1d, 0x1149, 0x08e7, 0x08c6, 0x08a5, 0x0884, 0x0883, 0x0863, 0x0063, 0x0063, 0x0063, 0x0063, 0x0063, 0x0063, 0x0063, 0x0063,
  0x0863, 0x0884, 0x1169, 0x22d0, 0x2310, 0x2b31, 0x2331, 0x2331, 0x2331, 0x2331, 0x2330, 0x2330, 0x2330, 0x2331, 0x2331, 0x2331,
  0x2330, 0x2330, 0x2330, 0x2b31, 0x2b31, 0x2331, 0x2b11, 0x2b11, 0x2b11, 0x2311, 0x22f1, 0x22b0, 0x1a6f, 0x19ed, 0x118a, 0x0907,
  0x08a5, 0x0884, 0x0883, 0x0883, 0x0863, 0x0863, 0x0863, 0x0842, 0x0842, 0x0021, 0x08a3, 0x0020, 0x81c1, 0x8bf1, 0x5121, 0xaaa0,
  0xaac0, 0x6b92, 0x6b51, 0x6b91, 0x73d2, 0x7bf3, 0x8434, 0xa517, 0xad37, 0xb5b9, 0xb5ba, 0xbe1a, 0x9c72, 0x9c93, 0xa4b3, 0xa4d4,
  0xad14, 0xb556, 0xbd97, 0xc5f8, 0xc5f8, 0xc618, 0xc618, 0xc619, 0xc619, 0xc639, 0xc639, 0x3186, 0x0000, 0x0000, 0x0000, 0x0000,
  0x0000, 0x0000, 0x0000, 0x0000, 0x0000, 0x0000, 0x0000, 0x0000, 0x0000, 0x0000, 0x0000, 0x0000, 0x0000, 0x0000, 0x0000, 0x0000,
  0x0000, 0x0000, 0x0000, 0x0000, 0x0000, 0x0000, 0x0000, 0x0000, 0x0000, 0x0000, 0x0000, 0x0000, 0x0000, 0x0000, 0x0000, 0x0000,
  0x0000, 0x0000, 0x0000, 0x0000, 0x0000, 0x0000, 0x0000, 0x0000, 0x0000, 0x0000, 0x0000, 0x0000, 0x0000, 0x0000, 0x0000, 0x0000,
  0x0000, 0x0000, 0x0000, 0x0000, 0x0000, 0x0000, 0x0000, 0x0000, 0x0000, 0xcc68, 0xbf9f, 0x9f5e, 0x8f3e, 0x198a, 0x0908, 0x08e6,
  0x08c5, 0x08a4, 0x0884, 0x0883, 0x0863, 0x0863, 0x0063, 0x0063, 0x0863, 0x0863, 0x0883, 0x0884, 0x08e6, 0x228f, 0x2b11, 0x2b11,
  0x2b31, 0x2b51, 0x2b31, 0x2b31, 0x2b31, 0x2b31, 0x2b31, 0x2b31, 0x2b31, 0x2b31, 0x2b31, 0x2b31, 0x2b31, 0x2331, 0x2331, 0x2331,
  0x2331, 0x2331, 0x2331, 0x2331, 0x2331, 0x2331, 0x2b11, 0x2b11, 0x2b11, 0x2af2, 0x22f1, 0x22d1, 0x22b0, 0x1a6f, 0x1a0d, 0x118b,
  0x1129, 0x10e7, 0x08c5, 0x0884, 0x0863, 0x1126, 0x0021, 0x6981, 0x5921, 0x83af, 0x9a60, 0xaac0, 0xa325, 0x7bf3, 0x73d3, 0x73d3,
  0x7bf3, 0x8434, 0x8c96, 0x94f7, 0xa579, 0xadda, 0xbe3b, 0xa492, 0x9c72, 0x9c93, 0xa4b3, 0xa4d3, 0xad14, 0xb556, 0xbd97, 0xc5f8,
  0xc5f8, 0xc618, 0xc619, 0xc619, 0xc619, 0xc639, 0xc619, 0x31a6, 0x0000, 0x0000, 0x0000, 0x0000, 0x0000, 0x0000, 0x0000, 0x0000,
  0x0000, 0x0000, 0x0000, 0x0000, 0x0000, 0x0000, 0x0000, 0x0000, 0x0000, 0x0000, 0x0000, 0x0000, 0x0000, 0x0000, 0x0000, 0x0000,
  0x0000, 0x0000, 0x0000, 0x0000, 0x0000, 0x0000, 0x0000, 0x0000, 0x0000, 0x0000, 0x0000, 0x0000, 0x0000, 0x0000, 0x0000, 0x0000,
  0x0000, 0x0000, 0x0000, 0x0000, 0x0000, 0x0000, 0x0000, 0x0000, 0x0000, 0x0000, 0x0000, 0x0000, 0x0000, 0x0000, 0x0000, 0x0000,
  0x0000, 0x0000, 0x0000, 0x0000, 0x0000, 0x3143, 0xd7df, 0xaf7f, 0x973e, 0x8f5e, 0x1149, 0x08e7, 0x08c6, 0x08a5, 0x08a4, 0x0884,
  0x0884, 0x0884, 0x0884, 0x0884, 0x0884, 0x0884, 0x08c5, 0x1a4e, 0x2af2, 0x2b32, 0x2b32, 0x2b52, 0x2b51, 0x2b51, 0x2b51, 0x2b51,
  0x2b51, 0x2b51, 0x2b51, 0x2b51, 0x2b51, 0x2b51, 0x2b51, 0x2b51, 0x2b51, 0x2b51, 0x2331, 0x2331, 0x2351, 0x2351, 0x2331, 0x2331,
  0x2331, 0x2331, 0x2b31, 0x2b32, 0x2b12, 0x2b12, 0x2b12, 0x2b12, 0x2b12, 0x2af2, 0x2af1, 0x2ad1, 0x2ad1, 0x22b1, 0x2270, 0x222f,
  0x220f, 0x10a3, 0x0820, 0x81c1, 0x9431, 0x5141, 0xaac0, 0xb2e0, 0x8455, 0x7c14, 0x7c14, 0x8434, 0x8455, 0x8c96, 0x94f7, 0xa579,
  0xadba, 0xbe1b, 0xb5b8, 0x9451, 0x9c72, 0x9c93, 0xa4b3, 0xa4d4, 0xad14, 0xb556, 0xbd97, 0xc5f8, 0xc5f8, 0xc618, 0xc619, 0xc619,
  0xc619, 0xc639, 0xbdf9, 0x39e8, 0x0000, 0x0000, 0x0000, 0x0000, 0x0000, 0x0000, 0x0000, 0x0000, 0x0000, 0x0000, 0x0000, 0x0000,
  0x0000, 0x0000, 0x0000, 0x0000, 0x0000, 0x0000, 0x0000, 0x0000, 0x0000, 0x0000, 0x0000, 0x0000, 0x0000, 0x0000, 0x0000, 0x0000,
  0x0000, 0x0000, 0x0000, 0x0000, 0x0000, 0x0000, 0x0000, 0x0000, 0x0000, 0x0000, 0x0000, 0x0000, 0x0000, 0x0000, 0x0000, 0x0000,
  0x0000, 0x0000, 0x0000, 0x0000, 0x0000, 0x0000, 0x0000, 0x0000, 0x0000, 0x0000, 0x0000, 0x0000, 0x0000, 0x0000, 0x0000, 0x0000,
  0x0000, 0x0000, 0xed8d, 0xc79f, 0x9f5e, 0x873d, 0x2aad, 0x0928, 0x08e7, 0x08c6, 0x08a5, 0x08a4, 0x08a4, 0x08a4, 0x08a4, 0x08a4,
  0x08a5, 0x1a0e, 0x2af2, 0x2b33, 0x2b53, 0x2b52, 0x2b52, 0x2b52, 0x2b52, 0x2b52, 0x2b52, 0x2b52, 0x2b52, 0x2b51, 0x2b51, 0x2b51,
  0x2b51, 0x2b51, 0x2b51, 0x2b51, 0x2b51, 0x2b51, 0x2b51, 0x2b51, 0x2b51, 0x2b51, 0x2b51, 0x2b51, 0x2b51, 0x2b31, 0x2b31, 0x2b32,
  0x2b32, 0x2b32, 0x2b32, 0x2b12, 0x2b12, 0x2b12, 0x2b12, 0x2b12, 0x2b12, 0x2af2, 0x2af2, 0x2ad2, 0x18c3, 0x0020, 0x79c1, 0x59a4,
  0x836e, 0x9a60, 0xaac0, 0xab04, 0x8455, 0x8455, 0x8455, 0x8c95, 0x94b7, 0x9cf8, 0xa559, 0xadba, 0xb5fb, 0xb599, 0x9410, 0x9431,
  0x9c72, 0x9c93, 0xa4b3, 0xa4d3, 0xad14, 0xb556, 0xbd97, 0xc5f8, 0xc5f8, 0xc618, 0xc619, 0xc619, 0xc619, 0xc639, 0xbdd8, 0x52ab,
  0x0000, 0x0000, 0x0000, 0x0000, 0x0000, 0x0000, 0x0000, 0x0000, 0x0000, 0x0000, 0x0000, 0x0000, 0x0000, 0x0000, 0x0000, 0x0000,
  0x0000, 0x0000, 0x0000, 0x0000, 0x0000, 0x0000, 0x0000, 0x0000, 0x0000, 0x0000, 0x0000, 0x0000, 0x0000, 0x0000, 0x0000, 0x0000,
  0x0000, 0x0000, 0x0000, 0x0000, 0x0000, 0x0000, 0x0000, 0x0000, 0x0000, 0x0000, 0x0000, 0x0000, 0x0000, 0x0000, 0x0000, 0x0000,
  0x0000, 0x0000, 0x0000, 0x0000, 0x0000, 0x0000, 0x0000, 0x0000, 0x0000, 0x0000, 0x0000, 0x0000, 0x0000, 0x0000, 0xcbe2, 0xd7bf,
  0xaf7f, 0x973e, 0x873d, 0x1129, 0x0928, 0x08e7, 0x08c6, 0x08c6, 0x08c6, 0x08c6, 0x10c6, 0x220f, 0x2b33, 0x2b33, 0x3354, 0x3373,
  0x2b73, 0x2b73, 0x2b72, 0x2b72, 0x2b72, 0x2b72, 0x2b52, 0x2b72, 0x2b52, 0x2b52, 0x2b52, 0x2b52, 0x2b52, 0x2b51, 0x2b51, 0x2b51,
  0x2b51, 0x2b51, 0x2b51, 0x2b52, 0x2b51, 0x2b51, 0x2b51, 0x2b52, 0x2b51, 0x2b51, 0x2b31, 0x2b32, 0x2b32, 0x2b32, 0x2b32, 0x2b32,
  0x2b32, 0x2b12, 0x2b12, 0x2b12, 0x2b12, 0x2b12, 0x2b12, 0x222d, 0x0841, 0x4921, 0x79c1, 0x8c11, 0x6980, 0xaac0, 0xb2e0, 0x8c76,
  0x8c75, 0x8c75, 0x8c96, 0x94b7, 0x94f8, 0xa539, 0xa59a, 0xb5da, 0xbdfa, 0xbdd8, 0x8c10, 0x9431, 0x9c72, 0x9c92, 0xa4b3, 0xa4d3,
  0xad14, 0xb556, 0xbd97, 0xc5f8, 0xc5f8, 0xc618, 0xc619, 0xc619, 0xc619, 0xc639, 0xb5b8, 0x6b6e, 0x0000, 0x0000, 0x0000, 0x0000,
  0x0000, 0x0000, 0x0000, 0x0000, 0x0000, 0x0000, 0x0000, 0x0000, 0x0000, 0x0000, 0x0000, 0x0000, 0x0000, 0x0000, 0x0000, 0x0000,
  0x0000, 0x0000, 0x0000, 0x0000, 0x0000, 0x0000, 0x0000, 0x0000, 0x0000, 0x0000, 0x0000, 0x0000, 0x0000, 0x0000, 0x0000, 0x0000,
  0x0000, 0x0000, 0x0000, 0x0000, 0x0000, 0x0000, 0x0000, 0x0000, 0x0000, 0x0000, 0x0000, 0x0000, 0x0000, 0x0000, 0x0000, 0x0000,
  0x0000, 0x0000, 0x0000, 0x0000, 0x0000, 0x0000, 0x0000, 0x0000, 0x0000, 0x0000, 0x20c0, 0xe611, 0xbf7f, 0xa75e, 0x873d, 0x871d,
  0x114a, 0x0928, 0x0928, 0x1129, 0x198c, 0x2ab2, 0x3374, 0x3375, 0x3354, 0x3354, 0x3374, 0x3374, 0x3373, 0x3373, 0x2b73, 0x2b73,
  0x2b72, 0x2b72, 0x2b72, 0x2b72, 0x2b72, 0x2b72, 0x2b72, 0x2b52, 0x2b72, 0x2b72, 0x2b72, 0x2b72, 0x2b52, 0x2b52, 0x2b52, 0x2b52,
  0x2b52, 0x2b51, 0x2b52, 0x2b52, 0x2b52, 0x2b52, 0x2b52, 0x2b52, 0x2b32, 0x2b32, 0x2b32, 0x2b32, 0x2b32, 0x2b32, 0x2b32, 0x2b32,
  0x2b12, 0x2b12, 0x2b33, 0x18e3, 0x0820, 0x79e0, 0x734e, 0x51c5, 0xa280, 0xaac0, 0xa3ee, 0x8c75, 0x8c95, 0x8c96, 0x94b6, 0x94f7,
  0x9d38, 0xa579, 0xadba, 0xbe1b, 0xb598, 0x838e, 0x9410, 0x9431, 0x9c51, 0x9c92, 0xa4b3, 0xa4d3, 0xad14, 0xb556, 0xbd97, 0xc5f8,
  0xc5f8, 0xc618, 0xc619, 0xc619, 0xc619, 0xc639, 0xb597, 0x7bd0, 0x0000, 0x0000, 0x0000, 0x0000, 0x0000, 0x0000, 0x0000, 0x0000,
  0x0000, 0x0000, 0x0000, 0x0000, 0x0000, 0x0000, 0x0000, 0x0000, 0x0000, 0x0000, 0x0000, 0x0000, 0x0000, 0x0000, 0x0000, 0x0000,
  0x0000, 0x0000, 0x0000, 0x0000, 0x0000, 0x0000, 0x0000, 0x0000, 0x0000, 0x0000, 0x0000, 0x0000, 0x0000, 0x0000, 0x0000, 0x0000,
  0x0000, 0x0000, 0x0000, 0x0000, 0x0000, 0x0000, 0x0000, 0x0000, 0x0000, 0x0000, 0x0000, 0x0000, 0x0000, 0x0000, 0x0000, 0x0000,
  0x0000, 0x0000, 0x0000, 0x0000, 0x0000, 0x0000, 0x0000, 0xf4a3, 0xd7bf, 0xb77e, 0x9f5e, 0x871d, 0x5c94, 0x2a92, 0x3313, 0x3b95,
  0x3bd6, 0x3bd6, 0x3bb6, 0x3395, 0x3395, 0x3395, 0x3394, 0x3394, 0x3374, 0x3373, 0x3393, 0x3373, 0x3373, 0x2b73, 0x2b72, 0x2b72,
  0x2b72, 0x2b72, 0x2b72, 0x2b72, 0x2b72, 0x2b72, 0x2b72, 0x2b52, 0x2b52, 0x2b52, 0x2b52, 0x2b52, 0x2b52, 0x2b52, 0x2b52, 0x2b52,
  0x2b52, 0x2b52, 0x2b52, 0x2b52, 0x2b52, 0x2b32, 0x2b32, 0x2b32, 0x2b32, 0x2b32, 0x2b32, 0x2b32, 0x2b12, 0x2b32, 0x18e4, 0x0021,
  0x79c0, 0x5983, 0x7bb0, 0x9a40, 0xaaa0, 0xb2e0, 0x8c96, 0x8c95, 0x8c96, 0x94b6, 0x94f7, 0x9d18, 0xa559, 0xad9a, 0xb5da, 0xad77,
  0x9c72, 0x8bcf, 0x8bf0, 0x9431, 0x9c51, 0x9c92, 0xa4b3, 0xa4d4, 0xad14, 0xb556, 0xbd97, 0xc5f8, 0xc5f8, 0xc618, 0xc619, 0xc619,
  0xc619, 0xc619, 0xad77, 0x8431, 0x0000, 0x0000, 0x0000, 0x0000, 0x0000, 0x0000, 0x0000, 0x0000, 0x0000, 0x0000, 0x0000, 0x0000,
  0x0000, 0x0000, 0x0000, 0x0000, 0x0000, 0x0000, 0x0000, 0x0000, 0x0000, 0x0000, 0x0000, 0x0000, 0x0000, 0x0000, 0x0000, 0x0000,
  0x0000, 0x0000, 0x0000, 0x0000, 0x0000, 0x0000, 0x0000, 0x0000, 0x0000, 0x0000, 0x0000, 0x0000, 0x0000, 0x0000, 0x0000, 0x0000,
  0x0000, 0x0000, 0x0000, 0x0000, 0x0000, 0x0000, 0x0000, 0x0000, 0x0000, 0x0000, 0x0000, 0x0000, 0x0000, 0x0000, 0x0000, 0x0000,
  0x0000, 0x0000, 0x0000, 0x6a22, 0xedae, 0xbf7f, 0xaf7e, 0x973e, 0x873d, 0x2a6c, 0x4479, 0x4458, 0x4437, 0x3c17, 0x3bf6, 0x3bd6,
  0x3bd5, 0x33b5, 0x3395, 0x3394, 0x3394, 0x3394, 0x3393, 0x3393, 0x3393, 0x3373, 0x2b73, 0x2b72, 0x2b72, 0x2b72, 0x2b72, 0x2b72,
  0x2b72, 0x2b72, 0x2b72, 0x2b72, 0x2b72, 0x2b72, 0x2b52, 0x2b52, 0x2b52, 0x2b52, 0x2b52, 0x2b52, 0x2b52, 0x2b52, 0x2b52, 0x2b52,
  0x2b32, 0x2b32, 0x2b32, 0x2b32, 0x2b32, 0x2b32, 0x2b32, 0x2b12, 0x2b12, 0x1927, 0x0862, 0x69a0, 0x71a0, 0x8c33, 0x79a0, 0xa2a0,
  0xaac0, 0x94b6, 0x8c95, 0x8c95, 0x94b6, 0x9cf7, 0x9d18, 0xa559, 0xad9a, 0xadba, 0xad77, 0xad77, 0x836d, 0x8bae, 0x8bf0, 0x9431,
  0x9c51, 0x9c92, 0xa4b3, 0xa4d4, 0xad14, 0xb556, 0xbd97, 0xc5f8, 0xc5f8, 0xc618, 0xc619, 0xc619, 0xc619, 0xc619, 0xad56, 0x8c72,
  0x0000, 0x0000, 0x0000, 0x0000, 0x0000, 0x0000, 0x0000, 0x0000, 0x0000, 0x0000, 0x0000, 0x0000, 0x0000, 0x0000, 0x0000, 0x0000,
  0x0000, 0x0000, 0x0000, 0x0000, 0x0000, 0x0000, 0x0000, 0x0000, 0x0000, 0x0000, 0x0000, 0x0000, 0x0000, 0x0000, 0x0000, 0x0000,
  0x0000, 0x0000, 0x0000, 0x0000, 0x0000, 0x0000, 0x0000, 0x0000, 0x0000, 0x0000, 0x0000, 0x0000, 0x0000, 0x0000, 0x0000, 0x0000,
  0x0000, 0x0000, 0x0000, 0x0000, 0x0000, 0x0000, 0x0000, 0x0000, 0x0000, 0x0000, 0x0000, 0x0000, 0x0000, 0x0000, 0x0000, 0x0000,
  0xeca4, 0xdf7e, 0xb75e, 0xa75e, 0x8f3d, 0x871d, 0x43f5, 0x4c99, 0x4478, 0x4458, 0x3c17, 0x3bf6, 0x3bd6, 0x3bd6, 0x33b5, 0x3395,
  0x3395, 0x3394, 0x3394, 0x3373, 0x3393, 0x3393, 0x3373, 0x2b73, 0x2b73, 0x2b72, 0x2b72, 0x2b72, 0x2b72, 0x2b72, 0x2b72, 0x2b72,
  0x2b72, 0x2b72, 0x2b52, 0x2b52, 0x2b52, 0x2b52, 0x2b52, 0x2b52, 0x2b52, 0x2b52, 0x2b52, 0x2b32, 0x2b32, 0x2b32, 0x2b32, 0x2b32,
  0x2b32, 0x2b32, 0x2b12, 0x2b32, 0x220c, 0x0882, 0x4900, 0x79c0, 0x8433, 0x5941, 0x9aa0, 0xa2c0, 0x9c51, 0x8c95, 0x9495, 0x94b6,
  0x94d7, 0x9cf7, 0xa538, 0xa579, 0xad9a, 0xb5b9, 0xad57, 0x7b2c, 0x838e, 0x83ae, 0x8bf0, 0x9431, 0x9c51, 0x9c92, 0xa4b3, 0xa4d3,
  0xad14, 0xb556, 0xbd97, 0xc5d8, 0xc5f8, 0xc618, 0xc619, 0xc619, 0xc619, 0xc619, 0xa535, 0xa515, 0x0000, 0x0000, 0x0000, 0x0000,
  0x0000, 0x0000, 0x0000, 0x0000, 0x0000, 0x0000, 0x0000, 0x0000, 0x0000, 0x0000, 0x0000, 0x0000, 0x0000, 0x0000, 0x0000, 0x0000,
  0x0000, 0x0000, 0x0000, 0x0000, 0x0000, 0x0000, 0x0000, 0x0000, 0x0000, 0x0000, 0x0000, 0x0000, 0x0000, 0x0000, 0x0000, 0x0000,
  0x0000, 0x0000, 0x0000, 0x0000, 0x0000, 0x0000, 0x0000, 0x0000, 0x0000, 0x0000, 0x0000, 0x0000, 0x0000, 0x0000, 0x0000, 0x0000,
  0x0000, 0x0000, 0x0000, 0x0000, 0x0000, 0x0000, 0x0000, 0x0000, 0x0000, 0x0000, 0x0000, 0x0000, 0x6a22, 0xed6a, 0xcf7f, 0xb73d,
  0x9f7e, 0x871c, 0x7edc, 0x551a, 0x4cb9, 0x4498, 0x4458, 0x4437, 0x3bf7, 0x3bf6, 0x3bd6, 0x3bb5, 0x33b5, 0x3395, 0x3394, 0x3394,
  0x3394, 0x3393, 0x3393, 0x3373, 0x3373, 0x2b73, 0x2b72, 0x2b72, 0x2b72, 0x2b72, 0x2b72, 0x2b72, 0x2b72, 0x2b52, 0x2b52, 0x2b52,
  0x2b52, 0x2b52, 0x2b52, 0x2b52, 0x2b52, 0x2b52, 0x2b52, 0x2b32, 0x2b32, 0x2b32, 0x2b32, 0x2b32, 0x2b32, 0x2b32, 0x2b12, 0x228f,
  0x0883, 0x30a0, 0x81e0, 0x8413, 0x5984, 0x9a80, 0x9aa0, 0x9b48, 0x9495, 0x94b5, 0x94b6, 0x94d6, 0x9cf7, 0x9d38, 0xa559, 0xad9a,
  0xb5fa, 0xa4f5, 0x7b4d, 0x7b4d, 0x838e, 0x83ae, 0x8bf0, 0x9431, 0x9c51, 0x9c92, 0xa4b3, 0xa4d3, 0xad14, 0xb556, 0xbd97, 0xc5f8,
  0xc5f8, 0xc618, 0xc619, 0xc619, 0xc619, 0xc619, 0xa4f4, 0xbdf8, 0x0000, 0x0000, 0x0000, 0x0000, 0x0000, 0x0000, 0x0000, 0x0000,
  0x0000, 0x0000, 0x0000, 0x0000, 0x0000, 0x0000, 0x0000, 0x0000, 0x0000, 0x0000, 0x0000, 0x0000, 0x0000, 0x0000, 0x0000, 0x0000,
  0x0000, 0x0000, 0x0000, 0x0000, 0x0000, 0x0000, 0x0000, 0x0000, 0x0000, 0x0000, 0x0000, 0x0000, 0x0000, 0x0000, 0x0000, 0x0000,
  0x0000, 0x0000, 0x0000, 0x0000, 0x0000, 0x0000, 0x0000, 0x0000, 0x0000, 0x0000, 0x0000, 0x0000, 0x0000, 0x0000, 0x0000, 0x0000,
  0x0000, 0x0000, 0x0000, 0x0000, 0x0000, 0x0000, 0x0000, 0x0000, 0x0000, 0xeca4, 0xd615, 0xb5b8, 0x3b70, 0x971d, 0x86fc, 0x769b,
  0x4d1a, 0x4cd9, 0x4c98, 0x4458, 0x4437, 0x3bf7, 0x3bf6, 0x3bd6, 0x3bb5, 0x33b5, 0x33b5, 0x3394, 0x3394, 0x3394, 0x3393, 0x3393,
  0x3393, 0x2b73, 0x2b73, 0x2b72, 0x2b72, 0x2b72, 0x2b72, 0x2b72, 0x2b52, 0x2b52, 0x2b52, 0x2b52, 0x2b52, 0x2b52, 0x2b51, 0x2b51,
  0x2b51, 0x2b51, 0x2b51, 0x2b31, 0x2b31, 0x2b31, 0x2b31, 0x2b31, 0x2b32, 0x2b32, 0x2ad0, 0x0883, 0x28a0, 0x81e0, 0x838f, 0x5a28,
  0x9260, 0x9a80, 0x9ac2, 0x8c54, 0x9474, 0x94b5, 0x9cf6, 0x9cd6, 0x9d17, 0xa538, 0xad79, 0xb5da, 0xa4f5, 0x9c72, 0x7b2c, 0x7b4d,
  0x838e, 0x83ae, 0x8c10, 0x9431, 0x9c51, 0x9c92, 0xa4b3, 0xa4d4, 0xad14, 0xb556, 0xbd97, 0xc5d8, 0xc5f8, 0xc618, 0xc619, 0xc619,
  0xc619, 0xc619, 0x9cd4, 0xce7a, 0x0000, 0x0000, 0x0000, 0x0000, 0x0000, 0x0000, 0x0000, 0x0000, 0x0000, 0x0000, 0x0000, 0x0000,
  0x0000, 0x0000, 0x0000, 0x0000, 0x0000, 0x0000, 0x0000, 0x0000, 0x0000, 0x0000, 0x0000, 0x0000, 0x0000, 0x0000, 0x0000, 0x0000,
  0x0000, 0x0000, 0x0000, 0x0000, 0x0000, 0x0000, 0x0000, 0x0000, 0x0000, 0x0000, 0x0000, 0x0000, 0x0000, 0x0000, 0x0000, 0x0000,
  0x0000, 0x0000, 0x0000, 0x0000, 0x0000, 0x0000, 0x0000, 0x0000, 0x0000, 0x0000, 0x0000, 0x0000, 0x0000, 0x0000, 0x0000, 0x0000,
  0x0000, 0x0000, 0x0000, 0x0000, 0x0000, 0x3101, 0xece5, 0xdedb, 0x9d35, 0x3391, 0x7df9, 0x86fc, 0x6e3b, 0x553a, 0x4cf9, 0x4cb8,
  0x4478, 0x4437, 0x3c17, 0x3bf6, 0x3bd6, 0x3bb5, 0x33b5, 0x33b5, 0x3395, 0x3394, 0x3394, 0x3393, 0x3393, 0x3393, 0x2b73, 0x3b92,
  0x3b92, 0x2b52, 0x2b72, 0x2b72, 0x2b52, 0x2b52, 0x2b52, 0x2b52, 0x2b51, 0x2b31, 0x2b51, 0x2b51, 0x2b31, 0x2b51, 0x2331, 0x2331,
  0x2331, 0x2331, 0x2b31, 0x2331, 0x2331, 0x226e, 0x0862, 0x30a1, 0x81e0, 0x7b2c, 0x626a, 0x9240, 0x9aa0, 0x9aa0, 0x8434, 0x8433,
  0x8c53, 0x8c74, 0x9495, 0x9cd5, 0xa516, 0x9cb4, 0xb536, 0xd67a, 0xc5f8, 0x7b0b, 0x7b4c, 0x7b4d, 0x836d, 0x83ae, 0x940f, 0x9c30,
  0x9c51, 0xa492, 0xa4b3, 0xa4d3, 0xad14, 0xb556, 0xbd97, 0xc5d8, 0xc618, 0xc619, 0xc619, 0xc619, 0xc619, 0xc619, 0xa4d4, 0xd69b,
  0x4208, 0x0000, 0x0000, 0x0000, 0x0000, 0x0000, 0x0000, 0x0000, 0x0000, 0x0000, 0x0000, 0x0000, 0x0000, 0x0000, 0x0000, 0x0000,
  0x0000, 0x0000, 0x0000, 0x0000, 0x0000, 0x0000, 0x0000, 0x0000, 0x0000, 0x0000, 0x0000, 0x0000, 0x0000, 0x0000, 0x0000, 0x0000,
  0x0000, 0x0000, 0x0000, 0x0000, 0x0000, 0x0000, 0x0000, 0x0000, 0x0000, 0x0000, 0x0000, 0x0000, 0x0000, 0x0000, 0x0000, 0x0000,
  0x0000, 0x0000, 0x0000, 0x0000, 0x0000, 0x0000, 0x0000, 0x0000, 0x0000, 0x0000, 0x0000, 0x0000, 0x0000, 0x0000, 0x0000, 0x0000,
  0x0000, 0x0000, 0xbbc2, 0xedad, 0xdedb, 0x94f5, 0x22ef, 0x4c12, 0x7edc, 0x5dfa, 0x553a, 0x4cf9, 0x4cb9, 0x4478, 0x4458, 0x3c17,
  0x3bf7, 0x3bd6, 0x3bd5, 0x3bb5, 0x33b5, 0x3394, 0x3394, 0x3394, 0x3393, 0x3373, 0x7c51, 0x6bf0, 0x6baf, 0x6baf, 0x3352, 0x2b52,
  0x2b52, 0x2b52, 0x2b52, 0x2b31, 0x2b31, 0x2b31, 0x2b51, 0x2b31, 0x2b31, 0x2331, 0x2331, 0x2331, 0x2331, 0x2331, 0x2331, 0x2331,
  0x1988, 0x0042, 0x4900, 0x8200, 0x836f, 0x626a, 0x9240, 0x9a80, 0x9aa0, 0x8434, 0x8433, 0x8c33, 0x8c54, 0x8c54, 0x8c54, 0x8c74,
  0x9cf6, 0xbdd8, 0xbdd8, 0xc5f8, 0x72ca, 0x7b0b, 0x7b2c, 0x834c, 0x836d, 0x8bae, 0x940f, 0x9c50, 0x9c51, 0xa492, 0xa4b3, 0xa4d3,
  0xad14, 0xb555, 0xbd97, 0xc5d8, 0xc618, 0xc618, 0xc619, 0xc619, 0xc619, 0xc639, 0xa515, 0xce7b, 0xef7e, 0x0020, 0x0000, 0x0000,
  0x0000, 0x0000, 0x0000, 0x0000, 0x0000, 0x0000, 0x0000, 0x0000, 0x0000, 0x0000, 0x0000, 0x0000, 0x0000, 0x0000, 0x0000, 0x0000,
  0x0000, 0x0000, 0x0000, 0x0000, 0x0000, 0x0000, 0x0000, 0x0000, 0x0000, 0x0000, 0x0000, 0x0000, 0x0000, 0x0000, 0x0000, 0x0000,
  0x0000, 0x0000, 0x0000, 0x0000, 0x0000, 0x0000, 0x0000, 0x0000, 0x0000, 0x0000, 0x0000, 0x0000, 0x0000, 0x0000, 0x0000, 0x0000,
  0x0000, 0x0000, 0x0000, 0x0000, 0x0000, 0x0000, 0x0000, 0x0000, 0x0000, 0x0000, 0x0000, 0x0000, 0x0000, 0x0000, 0x0000, 0xec82,
  0xde76, 0xde9a, 0xad76, 0x1a0a, 0x1a0c, 0x86fd, 0x5dfb, 0x553a, 0x4cf9, 0x4cd9, 0x4498, 0x4458, 0x4437, 0x3c17, 0x3bf6, 0x3bd6,
  0x3bb5, 0x33b5, 0x3bb4, 0x3394, 0x3394, 0x6412, 0x63b0, 0x5b4e, 0x530d, 0x52cc, 0x52ac, 0x2b53, 0x2b52, 0x2b52, 0x2b31, 0x2b31,
  0x2b31, 0x2b31, 0x2b31, 0x2331, 0x2331, 0x2331, 0x2331, 0x2331, 0x2331, 0x2331, 0x2b52, 0x1062, 0x0041, 0x7180, 0x8200, 0x7bb1,
  0x59e7, 0x9240, 0x9a80, 0x9aa0, 0x8434, 0x8413, 0x8413, 0x8433, 0x8c53, 0x8c74, 0x9cf6, 0xad57, 0xb577, 0xb597, 0xa4b2, 0xa4d3,
  0xce59, 0xe73c, 0x836d, 0x834c, 0x838d, 0x8bce, 0x940f, 0x9c50, 0x9c71, 0xa492, 0xa4b2, 0xa4d3, 0xad14, 0xb555, 0xbd97, 0xc5f8,
  0xc618, 0xc618, 0xc618, 0xc619, 0xc619, 0xc619, 0xad35, 0xce7b, 0xdedc, 0xbdd7, 0x0000, 0x0000, 0x0000, 0x0000, 0x0000, 0x0000,
  0x0000, 0x0000, 0x0000, 0x0000, 0x0000, 0x0000, 0x0000, 0x0000, 0x0000, 0x0000, 0x0000, 0x0000, 0x0000, 0x0000, 0x0000, 0x0000,
  0x0000, 0x0000, 0x0000, 0x0000, 0x0000, 0x0000, 0x0000, 0x0000, 0x0000, 0x0000, 0x0000, 0x0000, 0x0000, 0x0000, 0x0000, 0x0000,
  0x0000, 0x0000, 0x0000, 0x0000, 0x0000, 0x0000, 0x0000, 0x0000, 0x0000, 0x0000, 0x0000, 0x0000, 0x0000, 0x0000, 0x0000, 0x0000,
  0x0000, 0x0000, 0x0000, 0x0000, 0x0000, 0x0000, 0x0000, 0x0000, 0x0000, 0x0000, 0x0000, 0x0840, 0xf4a2, 0xd657, 0xd678, 0x8d36,
  0x1168, 0x19ca, 0x76dc, 0x65fb, 0x557a, 0x4d19, 0x4cd9, 0x4cb8, 0x4478, 0x4437, 0x3c17, 0x3bf6, 0x3bf6, 0x3bd6, 0x3bb5, 0x3bb4,
  0x3394, 0x3394, 0x53d4, 0x4aed, 0x3a49, 0x3a49, 0x3a49, 0x3b0f, 0x2b32, 0x2b52, 0x2b31, 0x2b31, 0x2331, 0x2332, 0x2331, 0x2331,
  0x2331, 0x2331, 0x2331, 0x2331, 0x2331, 0x224c, 0x1083, 0x0021, 0x81c0, 0x79c1, 0x6b71, 0x61a3, 0x9240, 0x9280, 0x92a2, 0x8414,
  0x8413, 0x8433, 0x8c33, 0x8c74, 0x9cb5, 0x9cd6, 0xad57, 0xb556, 0xa4b3, 0x72ca, 0x9451, 0xc5f8, 0xdefb, 0xe73c, 0xe73c, 0x9c71,
  0x838d, 0x93ce, 0x9c0f, 0x9c70, 0x9c71, 0xa492, 0xacd2, 0xacd3, 0xad14, 0xb555, 0xbd97, 0xc5d8, 0xc5f8, 0xce39, 0xce38, 0xc639,
  0xc619, 0xc639, 0xad55, 0xce7b, 0xd6ba, 0xd69a, 0x0000, 0x0000, 0x0000, 0x0000, 0x0000, 0x0000, 0x0000, 0x0000, 0x0000, 0x0000,
  0x0000, 0x0000, 0x0000, 0x0000, 0x0000, 0x0000, 0x0000, 0x0000, 0x0000, 0x0000, 0x0000, 0x0000, 0x0000, 0x0000, 0x0000, 0x0000,
  0x0000, 0x0000, 0x0000, 0x0000, 0x0000, 0x0000, 0x0000, 0x0000, 0x0000, 0x0000, 0x0000, 0x0000, 0x0000, 0x0000, 0x0000, 0x0000,
  0x0000, 0x0000, 0x0000, 0x0000, 0x0000, 0x0000, 0x0000, 0x0000, 0x0000, 0x0000, 0x0000, 0x0000, 0x0000, 0x0000, 0x0000, 0x0000,
  0x0000, 0x0000, 0x0000, 0x0000, 0x0000, 0x0000, 0x0000, 0x0000, 0x3900, 0xf4a3, 0xce17, 0xde77, 0x7d16, 0x1129, 0xa79e, 0x7f1d,
  0x663b, 0x559a, 0x553a, 0x4cf9, 0x4cb9, 0x4498, 0x4458, 0x4437, 0x3c17, 0x3bf6, 0x3bd6, 0x3bb5, 0x3bb4, 0x3394, 0x3373, 0x4bb4,
  0x1925, 0x31e7, 0x31e7, 0x2945, 0x2b52, 0x2b52, 0x2b72, 0x228e, 0x1905, 0x10e4, 0x2b52, 0x2331, 0x2331, 0x2331, 0x2331, 0x2b11,
  0x10a3, 0x0041, 0x40c0, 0x81c0, 0x6a26, 0x6330, 0x7180, 0x9260, 0x9280, 0x8ae6, 0x8434, 0x8433, 0x8c54, 0x8c74, 0x9495, 0x94b5,
  0x9cb5, 0xad36, 0x9c93, 0x838e, 0x20a2, 0xad14, 0xce39, 0xdefb, 0xdedb, 0xd679, 0xce38, 0xdeda, 0x9c51, 0x93ce, 0x9c10, 0xa470,
  0xa491, 0xa492, 0xacd2, 0xacd3, 0xad14, 0xb555, 0xbd97, 0xc5d8, 0xc619, 0xecc1, 0xd4a8, 0xd592, 0xce39, 0xce39, 0xb576, 0xce7b,
  0xd679, 0xd659, 0x2945, 0x0000, 0x0000, 0x0000, 0x0000, 0x0000, 0x0000, 0x0000, 0x0000, 0x0000, 0x0000, 0x0000, 0x0000, 0x0000,
  0x0000, 0x0000, 0x0000, 0x0000, 0x0000, 0x0000, 0x0000, 0x0000, 0x0000, 0x0000, 0x0000, 0x0000, 0x0000, 0x0000, 0x0000, 0x0000,
  0x0000, 0x0000, 0x0000, 0x0000, 0x0000, 0x0000, 0x0000, 0x0000, 0x0000, 0x0000, 0x0000, 0x0000, 0x0000, 0x0000, 0x0000, 0x0000,
  0x0000, 0x0000, 0x0000, 0x0000, 0x0000, 0x0000, 0x0000, 0x0000, 0x0000, 0x0000, 0x0000, 0x0000, 0x0000, 0x0000, 0x0000, 0x0000,
  0x0000, 0x0000, 0x0000, 0x0000, 0x0000, 0x4141, 0xec83, 0xc5f6, 0xde14, 0x8b49, 0x3334, 0x21ef, 0x76fd, 0x665b, 0x5dba, 0x555a,
  0x4d19, 0x4cd9, 0x4cb8, 0x4478, 0x4457, 0x3c17, 0x3bf6, 0x3bd6, 0x3bb5, 0x3bb4, 0x3394, 0x3331, 0x3b93, 0x3b2f, 0x32ee, 0x32ad,
  0x21c8, 0x1104, 0x0882, 0x21a7, 0x1966, 0x0882, 0x10e4, 0x2332, 0x2331, 0x2b11, 0x10c4, 0x0041, 0x0820, 0x79c0, 0x79e2, 0x6b2f,
  0x628b, 0x81e0, 0x9260, 0x9280, 0x838e, 0x8413, 0x8413, 0x8433, 0x8c33, 0x8c54, 0x8c74, 0x9cb4, 0x9452, 0x838e, 0x5a48, 0x1040,
  0xa4f4, 0xd679, 0xdedb, 0xd69a, 0xc5d7, 0xb554, 0xc5b5, 0xbd95, 0xe71b, 0x93ce, 0x9c30, 0xa471, 0xa491, 0xa492, 0xacd2, 0xacd3,
  0xad14, 0xb555, 0xbd97, 0xc5d7, 0xcd0d, 0xe4a2, 0xb280, 0xd404, 0xce39, 0xce39, 0xb596, 0xce5b, 0xce7b, 0xce59, 0x528a, 0x0000,
  0x0000, 0x0000, 0x0000, 0x0000, 0x0000, 0x0000, 0x0000, 0x0000, 0x0000, 0x0000, 0x0000, 0x0000, 0x0000, 0x0000, 0x0000, 0x0000,
  0x0000, 0x0000, 0x0000, 0x0000, 0x0000, 0x0000, 0x0000, 0x0000, 0x0000, 0x0000, 0x0000, 0x0000, 0x0000, 0x0000, 0x0000, 0x0000,
  0x0000, 0x0000, 0x0000, 0x0000, 0x0000, 0x0000, 0x0000, 0x0000, 0x0000, 0x0000, 0x0000, 0x0000, 0x0000, 0x0000, 0x0000, 0x0000,
  0x0000, 0x0000, 0x0000, 0x0000, 0x0000, 0x0000, 0x0000, 0x0000, 0x0000, 0x0000, 0x0000, 0x0000, 0x0000, 0x0000, 0x0000, 0x0000,
  0x0000, 0x0000, 0x4961, 0xe422, 0xbdd7, 0xb554, 0x92e5, 0x83ee, 0x6e9c, 0x76dd, 0x6e7c, 0x5dfb, 0x557a, 0x4d19, 0x4cf9, 0x4cd9,
  0x4498, 0x4478, 0x1947, 0x1946, 0x1925, 0x10e4, 0x10c4, 0x10c4, 0x10c3, 0x10c3, 0x08a3, 0x2125, 0x1904, 0x08a3, 0x1945, 0x10e4,
  0x10c3, 0x08a3, 0x10e4, 0x2a0b, 0x18a3, 0x0000, 0x0820, 0x6980, 0x81e1, 0x6249, 0x6aed, 0x6182, 0x8a20, 0x9280, 0x9280, 0x8413,
  0x8413, 0x83f2, 0x8412, 0x8412, 0x8412, 0x8412, 0x83f1, 0x7b8f, 0x62aa, 0x1062, 0x1082, 0xb576, 0xd67a, 0xdeba, 0xd679, 0xc5d6,
  0xce17, 0xde78, 0xdeb9, 0xdeda, 0xde99, 0xef3b, 0x93ef, 0xa471, 0xa491, 0xa4b2, 0xa4b2, 0xacd3, 0xad14, 0xb555, 0xbd97, 0xc5d7,
  0xbb01, 0xdc62, 0xb305, 0xc3a4, 0xce39, 0xce39, 0xbd96, 0xce5b, 0xce7b, 0xd6dd, 0x3186, 0x0000, 0x0000, 0x0000, 0x0000, 0x0000,
  0x0000, 0x0000, 0x0000, 0x0000, 0x0000, 0x0000, 0x0000, 0x0000, 0x0000, 0x0000, 0x0000, 0x0000, 0x0000, 0x0000, 0x0000, 0x0000,
  0x0000, 0x0000, 0x0000, 0x0000, 0x0000, 0x0000, 0x0000, 0x0000, 0x0000, 0x0000, 0x0000, 0x0000, 0x0000, 0x0000, 0x0000, 0x0000,
  0x0000, 0x0000, 0x0000, 0x0000, 0x0000, 0x0000, 0x0000, 0x0000, 0x0000, 0x0000, 0x0000, 0x0000, 0x0000, 0x0000, 0x0000, 0x0000,
  0x0000, 0x0000, 0x0000, 0x0000, 0x0000, 0x0000, 0x0000, 0x0000, 0x0000, 0x0000, 0x0000, 0x0000, 0x0000, 0x0000, 0x0000, 0x3101,
  0xe421, 0xc5d7, 0xb576, 0xb48e, 0x69a1, 0x6c93, 0x44b6, 0x6e9d, 0x65fc, 0x559b, 0x555a, 0x4d19, 0x4cf9, 0x4d19, 0x1966, 0x1967,
  0x1945, 0x29a6, 0x2186, 0x2166, 0x1904, 0x08a3, 0x2124, 0x2124, 0x18e4, 0x10c3, 0x10c3, 0x10c3, 0x10e5, 0x21a9, 0x0841, 0x0000,
  0x0820, 0x6980, 0x79c1, 0x5208, 0x62ac, 0x5a08, 0x8a00, 0x9260, 0x9280, 0x82c7, 0x8413, 0x7bf2, 0x7bd2, 0x7bd2, 0x7bd2, 0x7bb1,
  0x73b0, 0x736f, 0x62ab, 0x20e3, 0x0000, 0x93ef, 0xbdb7, 0xdedb, 0xdeba, 0xd679, 0xc5b6, 0xd658, 0xd658, 0xd678, 0xde99, 0xdeb9,
  0xe6da, 0xe6fa, 0xef3b, 0xacb1, 0xa4b2, 0xa4b2, 0xacd2, 0xacf3, 0xad14, 0xb535, 0xbd96, 0xc5d7, 0x9a41, 0xdc62, 0xc302, 0xd4cd,
  0xce39, 0xce39, 0xbdb7, 0xce5b, 0xce7c, 0xd6fe, 0x0000, 0x0000, 0x0000, 0x0000, 0x0000, 0x0000, 0x0000, 0x0000, 0x0000, 0x0000,
  0x0000, 0x0000, 0x0000, 0x0000, 0x0000, 0x0000, 0x0000, 0x0000, 0x0000, 0x0000, 0x0000, 0x0000, 0x0000, 0x0000, 0x0000, 0x0000,
  0x0000, 0x0000, 0x0000, 0x0000, 0x0000, 0x0000, 0x0000, 0x0000, 0x0000, 0x0000, 0x0000, 0x0000, 0x0000, 0x0000, 0x0000, 0x0000,
  0x0000, 0x0000, 0x0000, 0x0000, 0x0000, 0x0000, 0x0000, 0x0000, 0x0000, 0x0000, 0x0000, 0x0000, 0x0000, 0x0000, 0x0000, 0x0000,
  0x0000, 0x0000, 0x0000, 0x0000, 0x0000, 0x0000, 0x0000, 0x0000, 0x0000, 0x0000, 0x3165, 0xb575, 0xdebb, 0xdc01, 0xd4cb, 0xb597,
  0x9c92, 0x92a6, 0x61c3, 0x49c5, 0x54d5, 0x4433, 0x54f7, 0x5d9a, 0x557a, 0x2a0a, 0x4bb1, 0x3bf3, 0x19a8, 0x1925, 0x1925, 0x1104,
  0x10a3, 0x08a3, 0x10e4, 0x1125, 0x1967, 0x21c9, 0x10e4, 0x0020, 0x0000, 0x0820, 0x4900, 0x7180, 0x6162, 0x5a29, 0x626a, 0x5a08,
  0x71a0, 0x8a40, 0x9280, 0x8a81, 0x83f3, 0x7bd2, 0x7bd2, 0x7bd1, 0x7bb1, 0x7bb1, 0x7390, 0x736f, 0x6b2f, 0x41e8, 0x0820, 0x628a,
  0x9cb3, 0xbdd7, 0xce59, 0xd69a, 0xce59, 0xb554, 0xc5d6, 0xd657, 0xd658, 0xd678, 0xde98, 0xdeb9, 0xdeba, 0xe6da, 0xe6fa, 0xef1b,
  0xd658, 0xa4b2, 0xa4b2, 0xacf3, 0xad14, 0xb535, 0xbd96, 0xc5d7, 0x9223, 0xdc22, 0xe4e7, 0xce59, 0xc619, 0xce39, 0xbdd7, 0xce5b,
  0xd6fe, 0xd6dd, 0x0000, 0x0000, 0x0000, 0x0000, 0x0000, 0x0000, 0x0000, 0x0000, 0x0000, 0x0000, 0x0000, 0x0000, 0x0000, 0x0000,
  0x0000, 0x0000, 0x0000, 0x0000, 0x0000, 0x0000, 0x0000, 0x0000, 0x0000, 0x0000, 0x0000, 0x0000, 0x0000, 0x0000, 0x0000, 0x0000,
  0x0000, 0x0000, 0x0000, 0x0000, 0x0000, 0x0000, 0x0000, 0x0000, 0x0000, 0x0000, 0x0000, 0x0000, 0x0000, 0x0000, 0x0000, 0x0000,
  0x0000, 0x0000, 0x0000, 0x0000, 0x0000, 0x0000, 0x0000, 0x0000, 0x0000, 0x0000, 0x0000, 0x0000, 0x0000, 0x0000, 0x0000, 0x0000,
  0x0000, 0x0000, 0x0000, 0x0000, 0x4a69, 0xd69a, 0xd6bb, 0xd69a, 0x8c52, 0xd6bb, 0xcdb4, 0xd380, 0xcd92, 0xa557, 0x9bac, 0x7a25,
  0x6163, 0x5122, 0x2104, 0x3b4f, 0x5d18, 0x5433, 0x2a6c, 0x19a9, 0x19c9, 0x21ea, 0x19a9, 0x1168, 0x1147, 0x10c4, 0x0862, 0x0041,
  0x0000, 0x0000, 0x2080, 0x5920, 0x6960, 0x6140, 0x51a6, 0x5a2a, 0x5a09, 0x51a7, 0x71c0, 0x8a60, 0x8a60, 0x8a60, 0x7b8f, 0x7bd2,
  0x7bd1, 0x7bd1, 0x7bd1, 0x7bb1, 0x7390, 0x7370, 0x7390, 0x31a7, 0x0000, 0x41e7, 0x83af, 0x9431, 0xb576, 0xce39, 0xce59, 0xce18,
  0xacd2, 0xbd95, 0xbd95, 0xce17, 0xce17, 0xd658, 0xd678, 0xde99, 0xdeb9, 0xdeba, 0xe6da, 0xe6fb, 0xef3b, 0xe71b, 0xbd95, 0xacd2,
  0xad14, 0xb555, 0xbd96, 0xbdb7, 0x9c71, 0x9a02, 0xc618, 0xce39, 0xc619, 0xc619, 0xbdd7, 0xce5b, 0xd6fe, 0x7c11, 0x0000, 0x0000,
  0x0000, 0x0000, 0x0000, 0x0000, 0x0000, 0x0000, 0x0000, 0x0000, 0x0000, 0x0000, 0x0000, 0x0000, 0x0000, 0x0000, 0x0000, 0x0000,
  0x0000, 0x0000, 0x0000, 0x0000, 0x0000, 0x0000, 0x0000, 0x0000, 0x0000, 0x0000, 0x0000, 0x0000, 0x0000, 0x0000, 0x0000, 0x0000,
  0x0000, 0x0000, 0x0000, 0x0000, 0x0000, 0x0000, 0x0000, 0x0000, 0x0000, 0x0000, 0x0000, 0x0000, 0x0000, 0x0000, 0x0000, 0x0000,
  0x0000, 0x0000, 0x0000, 0x0000, 0x0000, 0x0000, 0x0000, 0x0000, 0x0000, 0x0000, 0x0000, 0x0000, 0x0000, 0x0000, 0x4208, 0xdedb,
  0xd6ba, 0xd69a, 0xd69a, 0xd6ba, 0x8c72, 0xd69a, 0xd67a, 0xce9b, 0xc427, 0xc340, 0xcd72, 0xa536, 0x838d, 0x7a66, 0x69c4, 0x6983,
  0x6984, 0x4902, 0x2081, 0x1040, 0x1020, 0x0820, 0x0820, 0x1040, 0x2081, 0x3901, 0x5962, 0x6161, 0x5940, 0x5940, 0x5922, 0x51a6,
  0x51e8, 0x51e8, 0x51c8, 0x5142, 0x7a00, 0x8240, 0x8a60, 0x8a60, 0x7baf, 0x7bd2, 0x7bd1, 0x7bb1, 0x7bb1, 0x7bb1, 0x7390, 0x7390,
  0x6b4f, 0x0821, 0x0821, 0x0000, 0x0021, 0x5a4a, 0x7b8e, 0x9c93, 0xb556, 0xce39, 0xce59, 0xc5d6, 0xb513, 0xb534, 0xc5b5, 0xc5b6,
  0xcdf7, 0xce37, 0xd658, 0xd658, 0xde99, 0xdeb9, 0xdeda, 0xe6fa, 0x9491, 0xf79d, 0xc5f7, 0xe71b, 0xce18, 0xb555, 0xbd96, 0xbdb7,
  0xb556, 0xb555, 0xc618, 0xc619, 0xc619, 0xc639, 0xc5f8, 0xce5b, 0xd6ff, 0x0021, 0x0000, 0x0000, 0x0000, 0x0000, 0x0000, 0x0000,
  0x0000, 0x0000, 0x0000, 0x0000, 0x0000, 0x0000, 0x0000, 0x0000, 0x0000, 0x0000, 0x0000, 0x0000, 0x0000, 0x0000, 0x0000, 0x0000,
  0x0000, 0x0000, 0x0000, 0x0000, 0x0000, 0x0000, 0x0000, 0x0000, 0x0000, 0x0000, 0x0000, 0x0000, 0x0000, 0x0000, 0x0000, 0x0000,
  0x0000, 0x0000, 0x0000, 0x0000, 0x0000, 0x0000, 0x0000, 0x0000, 0x0000, 0x0000, 0x0000, 0x0000, 0x0000, 0x0000, 0x0000, 0x0000,
  0x0000, 0x0000, 0x0000, 0x0000, 0x0000, 0x0000, 0x0000, 0x0000, 0x2945, 0xd679, 0xd69a, 0xd679, 0xce59, 0xce59, 0xce59, 0xb5b7,
  0xc618, 0xd67a, 0xd67a, 0xce59, 0xce59, 0xc65a, 0xbc8c, 0xbb00, 0xb3c9, 0xb577, 0x8c53, 0x6a68, 0x69c4, 0x69c4, 0x61c5, 0x59a5,
  0x5984, 0x5984, 0x5964, 0x5964, 0x5984, 0x51a5, 0x51c6, 0x49c7, 0x49c7, 0x49e8, 0x49c8, 0x41a6, 0x5182, 0x79e0, 0x8220, 0x8240,
  0x8a60, 0x7aa6, 0x7391, 0x7bb1, 0x7bb0, 0x7390, 0x7390, 0x7390, 0x7bb1, 0x632e, 0x18a3, 0x0821, 0x0001, 0x0021, 0x0842, 0x0841,
  0x18a2, 0x5229, 0x734e, 0x9c73, 0xbd96, 0xce18, 0xd679, 0xc594, 0xbd75, 0xc5d6, 0xbd74, 0xc5d6, 0xc5f7, 0xc5d6, 0xce17, 0xce17,
  0xd658, 0xde99, 0xdeb9, 0xce38, 0xad55, 0xbdb6, 0xe6fb, 0xe6fb, 0xe6fb, 0xe73c, 0xdeba, 0xc5d7, 0xbdb7, 0xc5f8, 0xc618, 0xc618,
  0xc619, 0xc639, 0xc5f8, 0xce5b, 0x9cf4, 0x0000, 0x0000, 0x0000, 0x0000, 0x0000, 0x0000, 0x0000, 0x0000, 0x0000, 0x0000, 0x0000,
  0x0000, 0x0000, 0x0000, 0x0000, 0x0000, 0x0000, 0x0000, 0x0000, 0x0000, 0x0000, 0x0000, 0x0000, 0x0000, 0x0000, 0x0000, 0x0000,
  0x0000, 0x0000, 0x0000, 0x0000, 0x0000, 0x0000, 0x0000, 0x0000, 0x0000, 0x0000, 0x0000, 0x0000, 0x0000, 0x0000, 0x0000, 0x0000,
  0x0000, 0x0000, 0x0000, 0x0000, 0x0000, 0x0000, 0x0000, 0x0000, 0x0000, 0x0000, 0x0000, 0x0000, 0x0000, 0x0000, 0x0000, 0x0882,
  0x39e7, 0x2104, 0x630c, 0xdeba, 0xd699, 0xce59, 0xce38, 0xce18, 0xc618, 0xce39, 0xce39, 0x8c52, 0xd69a, 0xce59, 0xce59, 0xce39,
  0xce39, 0xc639, 0xce59, 0xbe19, 0xb577, 0xb366, 0xb2e0, 0xa2e3, 0xb490, 0xa4d3, 0x6aca, 0x49c7, 0x49a7, 0x49a7, 0x41c7, 0x39a7,
  0x39a7, 0x3986, 0x4165, 0x5162, 0x69a0, 0x79e0, 0x7a00, 0x8220, 0x8a40, 0x8a40, 0x7266, 0x632f, 0x6b50, 0x7370, 0x7370, 0x7390,
  0x7390, 0x7bb1, 0x5aac, 0x0841, 0x0842, 0x0001, 0x0021, 0x0021, 0x1062, 0x1082, 0x3145, 0x49c7, 0x5a4a, 0x628b, 0x7baf, 0x9c93,
  0xbdd7, 0xce39, 0xc594, 0xb534, 0xa4f3, 0xbd95, 0xbdb6, 0xbd95, 0xad14, 0xc5d6, 0xce17, 0xc5d6, 0xce38, 0xd679, 0xe6da, 0x20e4,
  0x8410, 0xef3c, 0xef3c, 0xdefb, 0xdefb, 0xdefb, 0xe6fb, 0xe71c, 0xe73c, 0xce59, 0xc619, 0xc619, 0xc619, 0xc619, 0xc5f8, 0xce5b,
  0x1082, 0x0000, 0x0000, 0x0000, 0x0000, 0x0000, 0x0000, 0x0000, 0x0000, 0x0000, 0x0000, 0x0000, 0x0000, 0x0000, 0x0000, 0x0000,
  0x0000, 0x0000, 0x0000, 0x0000, 0x0000, 0x0000, 0x0000, 0x0000, 0x0000, 0x0000, 0x0000, 0x0000, 0x0000, 0x0000, 0x0000, 0x0000,
  0x0000, 0x0000, 0x0000, 0x0000, 0x0000, 0x0000, 0x0000, 0x0000, 0x0000, 0x0000, 0x0000, 0x0000, 0x0000, 0x0000, 0x0000, 0x0000,
  0x0000, 0x0000, 0x0000, 0x0000, 0x0000, 0x0000, 0x0000, 0x0000, 0x0000, 0x528a, 0xe75d, 0xc65a, 0xbdf8, 0xce59, 0xd699, 0xd659,
  0xce38, 0xc5f7, 0xc5f7, 0xc5d7, 0xbdb6, 0xc618, 0xce39, 0x8412, 0xce5a, 0xce39, 0xce39, 0xc619, 0xc619, 0xc619, 0xc639, 0xbdf9,
  0xb597, 0xad36, 0x8c31, 0xa4f5, 0x72ea, 0x82e8, 0x8263, 0x9262, 0x8241, 0x8221, 0x7a00, 0x79e0, 0x79e0, 0x79e0, 0x79e0, 0x7a00,
  0x79e0, 0x69e1, 0x5a26, 0x5acd, 0x630e, 0x630e, 0x630e, 0x6b2f, 0x6b4f, 0x6b2e, 0x4209, 0x0841, 0x0000, 0x0842, 0x0021, 0x0000,
  0x0021, 0x0862, 0x1083, 0x18a3, 0x4a08, 0x5a8a, 0x5a8a, 0x49c7, 0x62ac, 0x732d, 0x8bf0, 0xa4b3, 0xbdb7, 0xce18, 0xc5b5, 0xa4d3,
  0xad34, 0xad13, 0xbd95, 0xbd75, 0xbdb6, 0xb575, 0xc5d7, 0xc5d7, 0xc5f7, 0xd679, 0x62eb, 0xce18, 0xdeda, 0xdeba, 0xde9a, 0xdedb,
  0xe71b, 0xe6fb, 0xdefb, 0xdefb, 0xdefb, 0xe71c, 0xe73c, 0xef5d, 0xce59, 0xc619, 0xc5f8, 0xce5a, 0x52aa, 0x0000, 0x0000, 0x0000,
  0x0000, 0x0000, 0x0000, 0x0000, 0x0000, 0x0000, 0x0000, 0x0000, 0x0000, 0x0000, 0x0000, 0x0000, 0x0000, 0x0000, 0x0000, 0x0000,
  0x0000, 0x0000, 0x0000, 0x0000, 0x0000, 0x0000, 0x0000, 0x0000, 0x0000, 0x0000, 0x0000, 0x0000, 0x0000, 0x0000, 0x0000, 0x0000,
  0x0000, 0x0000, 0x0000, 0x0000, 0x0000, 0x0000, 0x0000, 0x0000, 0x0000, 0x0000, 0x0000, 0x0000, 0x0000, 0x0000, 0x0000, 0x0000,
  0x0000, 0x0000, 0x0000, 0x4a8a, 0xe73d, 0xce7a, 0xce5a, 0xce5a, 0xce5a, 0xad14, 0xc5d7, 0xc5f7, 0xc5f7, 0xbdb6, 0xbd96, 0xbdb6,
  0xad55, 0xbdd8, 0xc619, 0x8412, 0xce39, 0xc639, 0xc619, 0xc619, 0xc619, 0xc5f8, 0xc5f8, 0xbdf9, 0xb597, 0xad36, 0x83cf, 0xad35,
  0xa4d4, 0x630d, 0x4a8c, 0xbe5e, 0x8453, 0x18c3, 0x31a7, 0x4a6b, 0x5b0e, 0x632f, 0x6330, 0x5b0e, 0x5acd, 0x4a6b, 0x4209, 0x3166,
  0x18e4, 0x0861, 0x0020, 0x0000, 0x0021, 0x0841, 0x0021, 0x0000, 0x0000, 0x0021, 0x0842, 0x1083, 0x1083, 0x3146, 0x5249, 0x62cb,
  0x62cb, 0x62cb, 0x5a6a, 0x628b, 0x734e, 0x83af, 0x9431, 0x9c93, 0xb576, 0xbd74, 0xb534, 0xb575, 0xad13, 0xa4f3, 0xb595, 0xb554,
  0xb596, 0xad34, 0xbdb6, 0xb534, 0xc5d7, 0xd658, 0x10a3, 0x5a6a, 0xd679, 0xce38, 0xce38, 0xd659, 0xd679, 0xdeba, 0xdedb, 0xe71c,
  0xe6fb, 0xdedb, 0xdefb, 0xdefb, 0xdedb, 0xe71c, 0xc619, 0xc63a, 0xe71c, 0xbdf8, 0x0000, 0x0000, 0x0000, 0x0000, 0x0000, 0x0000,
  0x0000, 0x0000, 0x0000, 0x0000, 0x0000, 0x0000, 0x0000, 0x0000, 0x0000, 0x0000, 0x0000, 0x0000, 0x0000, 0x0000, 0x0000, 0x0000,
  0x0000, 0x0000, 0x0000, 0x0000, 0x0000, 0x0000, 0x0000, 0x0000, 0x0000, 0x0000, 0x0000, 0x0000, 0x0000, 0x0000, 0x0000, 0x0000,
  0x0000, 0x0000, 0x0000, 0x0000, 0x0000, 0x0000, 0x0000, 0x0000, 0x0000, 0x0000, 0x0000, 0x0000, 0x0000, 0x31a6, 0xef5e, 0xce5a,
  0xce7a, 0xce7a, 0xce7a, 0xdefb, 0xdedb, 0x7bb0, 0xad14, 0xbd95, 0xbd95, 0xb575, 0xad34, 0xb575, 0xad14, 0xb576, 0xc5f8, 0x7bf1,
  0xc639, 0xc619, 0xc618, 0xc618, 0xbdf8, 0xbdf8, 0xbdf8, 0xc619, 0xb597, 0xad36, 0xa4d4, 0xad56, 0xa515, 0x9473, 0x7bd0, 0x62ed,
  0x18c4, 0x0842, 0x2947, 0x1082, 0x0841, 0x0021, 0x0020, 0x0020, 0x0821, 0x0841, 0x0841, 0x0841, 0x0021, 0x0000, 0x0000, 0x0000,
  0x0000, 0x0021, 0x0842, 0x1083, 0x1083, 0x20c4, 0x3186, 0x41c8, 0x4a29, 0x5a6a, 0x62cb, 0x6aec, 0x6aec, 0x62cb, 0x49e7, 0x6acb,
  0x83d0, 0x8c11, 0xa4d4, 0xacf4, 0xbd97, 0xacf3, 0xb534, 0xb575, 0xa4d3, 0xbd96, 0x9c92, 0xa4f3, 0xc5d7, 0x9cd3, 0xa4b3, 0xa4f3,
  0xb575, 0x6b0c, 0xad14, 0x9c92, 0xc5d7, 0xc5d7, 0xc5f7, 0xc5f7, 0xce18, 0xce38, 0xd659, 0xd679, 0xde9a, 0xdeda, 0xe71c, 0xdedb,
  0xdefb, 0x4209, 0xad34, 0xb597, 0xe6fc, 0xe71c, 0xa535, 0x0000, 0x0000, 0x0000, 0x0000, 0x0000, 0x0000, 0x0000, 0x0000, 0x0000,
  0x0000, 0x0000, 0x0000, 0x0000, 0x0000, 0x0000, 0x0000, 0x0000, 0x0000, 0x0000, 0x0000, 0x0000, 0x0000, 0x0000, 0x0000, 0x0000,
  0x0000, 0x0000, 0x0000, 0x0000, 0x0000, 0x0000, 0x0000, 0x0000, 0x0000, 0x0000, 0x0000, 0x0000, 0x0000, 0x0000, 0x0000, 0x0000,
  0x0000, 0x0000, 0x0000, 0x0000, 0x0000, 0x0000, 0x0000, 0x0000, 0x8431, 0xce5a, 0xce7a, 0xce7a, 0xce7a, 0xdedb, 0xdedb, 0xd6ba,
  0xd679, 0xb576, 0x8c10, 0xa4d3, 0xad34, 0xad13, 0xa4f3, 0xa4f3, 0xad14, 0x9cb3, 0xbdd8, 0x7bd1, 0xc619, 0xc619, 0xc5f8, 0xbdf8,
  0xbdd8, 0xbdd8, 0xbdd8, 0xc63a, 0xb597, 0xad56, 0xa4f4, 0xb576, 0xa515, 0x9cd4, 0x8c52, 0x7bd1, 0x6b4f, 0x5acc, 0x41e9, 0x2104,
  0x0862, 0x0020, 0x0000, 0x0000, 0x0000, 0x0000, 0x0020, 0x0021, 0x0841, 0x0842, 0x0862, 0x1082, 0x18a3, 0x2905, 0x3145, 0x3166,
  0x41a7, 0x41e8, 0x4a09, 0x5249, 0x5a6a, 0x62cb, 0x6aec, 0x6b0c, 0x6b0c, 0x62aa, 0x62ab, 0x732d, 0x8c31, 0x9472, 0xa4f4, 0xb556,
  0xc5b6, 0xa4d2, 0x9471, 0x9c71, 0x9cb2, 0xa4f3, 0x9472, 0x9c92, 0xacf3, 0x9cd3, 0xa4f3, 0xad34, 0xbd95, 0x1062, 0x62ab, 0xbdb7,
  0xbd76, 0xbd96, 0xbdb6, 0xc5b7, 0xc5d7, 0xc5f7, 0xc618, 0xce18, 0xce38, 0xd659, 0xd679, 0xbdd7, 0x7baf, 0xef5c, 0xe71b, 0xef3c,
  0xef3c, 0xdebb, 0xb598, 0x0000, 0x0000, 0x0000, 0x0000, 0x0000, 0x0000, 0x0000, 0x0000, 0x0000, 0x0000, 0x0000, 0x0000, 0x0000,
  0x0000, 0x0000, 0x0000, 0x0000, 0x0000, 0x0000, 0x0000, 0x0000, 0x0000, 0x0000, 0x0000, 0x0000, 0x0000, 0x0000, 0x0000, 0x0000,
  0x0000, 0x0000, 0x0000, 0x0000, 0x0000, 0x0000, 0x0000, 0x0000, 0x0000, 0x0000, 0x0000, 0x0000, 0x0000, 0x0000, 0x0000, 0x0000,
  0x0000, 0x0000, 0x0000, 0x0000, 0xce7a, 0xce7a, 0xce7a, 0xdefb, 0xdedb, 0xd6ba, 0xd67a, 0xce39, 0xc5f8, 0xc5d7, 0x6b2d, 0x8c10,
  0x9c92, 0xa4b2, 0x9cb2, 0x9471, 0xa4f4, 0x9492, 0xb577, 0x8412, 0xbdd8, 0xbdf8, 0xbdf8, 0xbdf8, 0xbdd8, 0xbdd8, 0xb5b8, 0xc63a,
  0xb597, 0xad56, 0xa4f4, 0xb576, 0xad35, 0x9cd4, 0x9473, 0x8412, 0x7bb0, 0x6b4e, 0x62ed, 0x528b, 0x4a29, 0x41c8, 0x3986, 0x3166,
  0x3145, 0x3145, 0x3145, 0x3145, 0x3145, 0x3145, 0x3166, 0x3166, 0x3986, 0x39a7, 0x41a7, 0x41c8, 0x4a08, 0x5229, 0x5a4a, 0x5a8b,
  0x62cb, 0x6aec, 0x730c, 0x732d, 0x6b0c, 0x49e7, 0x6aec, 0x7baf, 0x9c73, 0x9cb3, 0xa4f4, 0xb556, 0xb533, 0x9c92, 0x8c10, 0x9471,
  0x9492, 0xa4f3, 0x8c31, 0x9451, 0x8410, 0x9472, 0xa4f4, 0xa4f4, 0xb555, 0x18c3, 0x526a, 0xad35, 0xb535, 0xb535, 0xb555, 0xbd76,
  0xbd96, 0xbdb6, 0xbdb7, 0xc5d7, 0xc5f7, 0xc618, 0xc5d7, 0xce79, 0x9471, 0xde99, 0xdeba, 0xdeda, 0xe6fa, 0xe71b, 0xef3c, 0x8c30,
  0x0000, 0x0000, 0x0000, 0x0000, 0x0000, 0x0000, 0x0000, 0x0000, 0x0000, 0x0000, 0x0000, 0x0000, 0x0000, 0x0000, 0x0000, 0x0000,
  0x0000, 0x0000, 0x0000, 0x0000, 0x0000, 0x0000, 0x0000, 0x0000, 0x0000, 0x0000, 0x0000, 0x0000, 0x0000, 0x0000, 0x0000, 0x0000,
  0x0000, 0x0000, 0x0000, 0x0000, 0x0000, 0x0000, 0x0000, 0x0000, 0x0000, 0x0000, 0x0000, 0x0000, 0x0000, 0x0000, 0x0000, 0x0000,
  0xce7a, 0xdefb, 0xdedb, 0xdeba, 0xd67a, 0xce59, 0xc618, 0xbdb7, 0xb576, 0xad35, 0x9c93, 0x734d, 0x83ef, 0x9451, 0x9471, 0x8c30,
  0x9451, 0x9cb3, 0x9472, 0xb597, 0x9494, 0xbdd8, 0xbdd8, 0xbdd8, 0xbdd8, 0xbdd8, 0xb5d8, 0xce7b, 0xb577, 0xad36, 0xa4f5, 0xad35,
  0xad35, 0x9cd4, 0x9493, 0x8c32, 0x7bd1, 0x736f, 0x6b0e, 0x5aac, 0x526b, 0x4a2a, 0x4a08, 0x41c7, 0x41a7, 0x41a7, 0x41a7, 0x41a7,
  0x41a7, 0x41a7, 0x41a7, 0x41c7, 0x41c8, 0x49e8, 0x4a08, 0x5229, 0x5a6a, 0x5a8a, 0x62ab, 0x62cb, 0x6aec, 0x732d, 0x732d, 0x732c,
  0x62ab, 0x62cb, 0x6aec, 0x8c11, 0x9c73, 0xa4f5, 0xad15, 0xbdb7, 0xa4b2, 0x9c92, 0x9471, 0x9472, 0x9472, 0xa4f3, 0x8c10, 0x8c10,
  0x8c31, 0x9c92, 0xa4d3, 0xa4f3, 0x3186, 0xa4f4, 0x9c93, 0xa4d4, 0xa4f4, 0xacf4, 0xad14, 0xad15, 0xb535, 0xb555, 0xbd76, 0xbd96,
  0xbdb6, 0xbdb7, 0xa4f4, 0x5acb, 0xd658, 0xd658, 0xd658, 0xd678, 0xde99, 0xdeda, 0xe6fb, 0xe71b, 0xef3b, 0x6b4d, 0x0000, 0x0000,
  0x0000, 0x0000, 0x0000, 0x0000, 0x0000, 0x0000, 0x0000, 0x0000, 0x0000, 0x0000, 0x0000, 0x0000, 0x0000, 0x0000, 0x0000, 0x0000,
  0x0000, 0x0000, 0x0000, 0x0000, 0x0000, 0x0000, 0x0000, 0x0000, 0x0000, 0x0000, 0x0000, 0x0000, 0x0000, 0x0000, 0x0000, 0x0000,
  0x0000, 0x0000, 0x0000, 0x0000, 0x0000, 0x0000, 0x0000, 0x0000, 0x0000, 0x0000, 0x0000, 0x6b4d, 0xdedb, 0xdedb, 0xd69a, 0xce59,
  0xc618, 0xc5d7, 0xbd76, 0xad35, 0xa4f5, 0xa4d4, 0x9cb3, 0x630d, 0x736d, 0x7baf, 0x8c10, 0x8c10, 0x83ef, 0x9472, 0x83f0, 0xb5b8,
  0x7391, 0xb598, 0xb5b8, 0xbdd8, 0xbdd8, 0xb5b8, 0xb5b8, 0xce7b, 0xad77, 0xad36, 0xa515, 0x9c72, 0xad35, 0x9cd4, 0x9493, 0x8c52,
  0x8411, 0x736f, 0x62ed, 0x528b, 0x4a4a, 0x4209, 0x41c8, 0x41c7, 0x39a7, 0x39a7, 0x39a7, 0x41c7, 0x41c8, 0x49c8, 0x49e8, 0x49e8,
  0x4a09, 0x5229, 0x5249, 0x5a6a, 0x62ab, 0x62cb, 0x62cb, 0x6aeb, 0x6b0c, 0x732d, 0x732d, 0x6b0c, 0x5228, 0x6aec, 0x734e, 0x9452,
  0x9472, 0xa4f4, 0xb576, 0xb555, 0x9c91, 0x9c71, 0x9472, 0x9471, 0x9451, 0x9451, 0x8c10, 0x8c31, 0x7baf, 0x8c10, 0x9472, 0x9cb3,
  0x0821, 0x39a8, 0x9c93, 0x9c93, 0x9c93, 0x9cb3, 0xa4d3, 0xa4d4, 0xacf4, 0xad14, 0xad35, 0xb535, 0xb555, 0xad35, 0xb576, 0x62cb,
  0xc5f6, 0xcdf7, 0xce17, 0xce37, 0xd658, 0xd679, 0xdeb9, 0xe6da, 0xe71b, 0xef1b, 0xe6fb, 0x2965, 0x0000, 0x0000, 0x0000, 0x0000,
  0x0000, 0x0000, 0x0000, 0x0000, 0x0000, 0x0000, 0x0000, 0x0000, 0x0000, 0x0000, 0x0000, 0x0000, 0x0000, 0x0000, 0x0000, 0x0000,
  0x0000, 0x0000, 0x0000, 0x0000, 0x0000, 0x0000, 0x0000, 0x0000, 0x0000, 0x0000, 0x0000, 0x0000, 0x0000, 0x0000, 0x0000, 0x0000,
  0x0000, 0x0000, 0x0000, 0x0000, 0x0000, 0x0000, 0xc5f7, 0xdeba, 0xd69a, 0xce59, 0xce38, 0xc5d8, 0xbd97, 0xb556, 0xad15, 0xa4d4,
  0x9cb3, 0x9c93, 0x9452, 0x8411, 0x62eb, 0x734d, 0x7b8e, 0x83f0, 0x83ef, 0x83d0, 0x8411, 0x9494, 0x7bd2, 0x9d16, 0xb598, 0xb5b8,
  0xb5b8, 0xb5b8, 0xb5b8, 0xd6dc, 0xad57, 0xad36, 0xa4f5, 0x8c10, 0xad36, 0xa515, 0x6b2e, 0x528b, 0x41e8, 0x39c8, 0x39e9, 0x3166,
  0x2925, 0x2925, 0x2925, 0x2925, 0x2125, 0x2925, 0x2945, 0x3166, 0x3167, 0x3187, 0x39a7, 0x2945, 0x4a29, 0x524a, 0x5a6a, 0x62ab,
  0x62ab, 0x62ec, 0x6aec, 0x6b2d, 0x732d, 0x732d, 0x732d, 0x62cb, 0x5a49, 0x6b0d, 0x83d0, 0x9473, 0x9cb4, 0xa4f5, 0xb577, 0x9c92,
  0x9451, 0x9431, 0x8c30, 0x8c31, 0x83f0, 0x9451, 0x8410, 0x83f0, 0x736e, 0x83f0, 0x8c51, 0x9452, 0x0842, 0x41e8, 0x8c32, 0x9432,
  0x9452, 0x9472, 0x9c73, 0x9c93, 0x9cb3, 0xa4d4, 0xa4f4, 0xacf4, 0xacf4, 0x9cb3, 0xa4f4, 0xc5b6, 0xbdb5, 0xc5b5, 0xc5d6, 0xc5f6,
  0xce17, 0xce37, 0xd658, 0xde99, 0xdeda, 0xe6fa, 0xe71b, 0xef3c, 0xb575, 0x0000, 0x0000, 0x0000, 0x0000, 0x0000, 0x0000, 0x0000,
  0x0000, 0x0000, 0x0000, 0x0000, 0x0000, 0x0000, 0x0000, 0x0000, 0x0000, 0x0000, 0x0000, 0x0000, 0x0000, 0x0000, 0x0000, 0x0000,
  0x0000, 0x0000, 0x0000, 0x0000, 0x0000, 0x0000, 0x0000, 0x0000, 0x0000, 0x0000, 0x0000, 0x0000, 0x0000, 0x0000, 0x0000, 0x0000,
  0x5aaa, 0xdeda, 0xd69a, 0xd659, 0xce39, 0xc5f8, 0xbd97, 0xb556, 0xad15, 0xa4f4, 0xa4b4, 0x9c93, 0x9453, 0x9432, 0x8c12, 0x8412,
  0x6b2e, 0x6b2c, 0x734d, 0x738e, 0x7bcf, 0x7baf, 0x7bd0, 0x7bd0, 0xa557, 0x73b1, 0xa537, 0xad78, 0xb598, 0xb598, 0xb598, 0xd6bc,
  0xad57, 0xa515, 0x9cd4, 0x9431, 0xa515, 0x2966, 0x2125, 0x2925, 0x2925, 0x2925, 0x2104, 0x20e4, 0x20e3, 0x18c3, 0x18a3, 0x1882,
  0x1882, 0x18c3, 0x20e4, 0x20e4, 0x20e4, 0x20c4, 0x20e4, 0x2925, 0x2925, 0x3187, 0x41e8, 0x526a, 0x5aab, 0x62ec, 0x6b0c, 0x732d,
  0x732d, 0x732d, 0x6b0c, 0x5a8a, 0x6b0d, 0x734e, 0x8c32, 0x8c53, 0x9cd4, 0xa515, 0xb597, 0x8c10, 0x8410, 0x8c10, 0x83f0, 0x83f0,
  0x83cf, 0x83d0, 0x83f0, 0x83f0, 0x7baf, 0x7bd0, 0x8411, 0x6b0d, 0x526a, 0x7b90, 0x83f1, 0x8c11, 0x8c11, 0x8c31, 0x9432, 0x9452,
  0x9472, 0x9c73, 0x9c93, 0x9cb3, 0x9c93, 0x8c32, 0x18a3, 0xb554, 0xb554, 0xb554, 0xb554, 0xbd74, 0xbd95, 0xc5d6, 0xcdf6, 0xce37,
  0xd678, 0xdeb9, 0xe6fa, 0xe6fb, 0x3986, 0x7bcf, 0x1082, 0x0000, 0x0000, 0x0000, 0x0000, 0x0000, 0x0000, 0x0000, 0x0000, 0x0000,
  0x0000, 0x0000, 0x0000, 0x0000, 0x0000, 0x0000, 0x0000, 0x0000, 0x0000, 0x0000, 0x0000, 0x0000, 0x0000, 0x0000, 0x0000, 0x0000,
  0x0000, 0x0000, 0x0000, 0x0000, 0x0000, 0x0000, 0x0000, 0x0000, 0x0000, 0x0000, 0x630d, 0xe71c, 0xdeba, 0xd679, 0xce59, 0xce38,
  0xc5f7, 0xbdd7, 0xad35, 0xa4f5, 0xa4d4, 0x9c93, 0x9473, 0x9452, 0x8c32, 0x8c11, 0x83f2, 0x83f2, 0x83f2, 0x526a, 0x6b2d, 0x734d,
  0x738f, 0x7bb0, 0x7bb0, 0x7bd0, 0x8c74, 0x8c74, 0x8434, 0xa537, 0xad78, 0xb598, 0xb598, 0xb598, 0xb598, 0xa4f5, 0xa4f4, 0x62cb,
  0x20c3, 0x5acc, 0xa4d4, 0x9473, 0x526b, 0x4a09, 0x2946, 0x2104, 0x6b2d, 0x3124, 0x732c, 0x62ec, 0x4a09, 0x3986, 0x1882, 0x738f,
  0x83f1, 0x6b2d, 0x18c3, 0x2104, 0x2104, 0x2104, 0x2104, 0x2104, 0x2924, 0x62ec, 0x6b2d, 0x734e, 0x734d, 0x732d, 0x6aec, 0x5a49,
  0x734d, 0x7b8f, 0x8412, 0x8412, 0x9494, 0xa516, 0x83f0, 0x83f0, 0x83cf, 0x83d0, 0x83cf, 0x83cf, 0x7baf, 0x7baf, 0x7baf, 0x7bb0,
  0x7bb0, 0x7baf, 0x7bb0, 0x18c3, 0x5acc, 0x7bd1, 0x7bb0, 0x7bb0, 0x83d1, 0x83f1, 0x8c11, 0x8c11, 0x8c31, 0x9432, 0x9452, 0x9452,
  0x9432, 0x9cb4, 0x8c51, 0xad33, 0xacf3, 0xacd2, 0xacf3, 0xad13, 0xb554, 0xbd75, 0xbdb5, 0xc5d6, 0xce17, 0xd658, 0xde99, 0xe6da,
  0xe6fb, 0xef5d, 0xa4d3, 0x632c, 0x0000, 0x0000, 0x0000, 0x0000, 0x0000, 0x0000, 0x0000, 0x0000, 0x0000, 0x0000, 0x0000, 0x0000,
  0x0000, 0x0000, 0x0000, 0x0000, 0x0000, 0x0000, 0x0000, 0x0000, 0x0000, 0x0000, 0x0000, 0x0000, 0x0000, 0x0000, 0x0000, 0x0000,
  0x0000, 0x0000, 0x0000, 0x0000, 0x0000, 0xc638, 0x52cc, 0xd69a, 0xd659, 0xce59, 0xce18, 0xc5d7, 0xbd96, 0xb555, 0xa4d4, 0x9c94,
  0x9473, 0x9452, 0x8c32, 0x8c11, 0x8412, 0x8412, 0x8412, 0x8412, 0x83f2, 0x6b4f, 0x6b2c, 0x6b4e, 0x736e, 0x7bb0, 0x83f1, 0x83f1,
  0x8412, 0x9cf6, 0x8413, 0x8c74, 0xa537, 0xad78, 0xad98, 0xad98, 0xce5a, 0xad77, 0x20e3, 0x5a8a, 0x5aab, 0x738e, 0x5aac, 0x528b,
  0x528b, 0x524a, 0x41e9, 0x20c3, 0x83d0, 0x8c10, 0x62ec, 0x5aab, 0x4a29, 0x41c7, 0x3145, 0x7b8f, 0x5a8a, 0x6b4e, 0x3186, 0x18a2,
  0x18c3, 0x18c3, 0x18a2, 0x738e, 0xbd96, 0x4a29, 0x6b2d, 0x734d, 0x734d, 0x6b2d, 0x62ec, 0x5249, 0x736e, 0x83d1, 0x7bd1, 0x8412,
  0x9494, 0xad36, 0x7baf, 0x7baf, 0x7b8f, 0x7b8f, 0x7baf, 0x7baf, 0x738f, 0x738f, 0x738f, 0x738f, 0x738f, 0x738f, 0x738f, 0x0020,
  0x39c9, 0x7bb1, 0x7bb1, 0x7bb0, 0x7bb0, 0x7bb0, 0x7bd0, 0x83d1, 0x83f1, 0x8c11, 0x8c11, 0x8c11, 0x83f1, 0x7bf1, 0x8c30, 0xa4d2,
  0x9c71, 0x9471, 0x9cb2, 0xa4d2, 0xacf3, 0xb533, 0xb554, 0xbd95, 0xc5d6, 0xcdf7, 0xd637, 0xd678, 0xdeba, 0xe6fb, 0xe71b, 0xef3c,
  0xdeba, 0x0020, 0x0000, 0x0000, 0x0000, 0x0000, 0x0000, 0x0000, 0x0000, 0x0000, 0x0000, 0x0000, 0x0000, 0x0000, 0x0000, 0x0000,
  0x0000, 0x0000, 0x0000, 0x0000, 0x0000, 0x0000, 0x0000, 0x0000, 0x0000, 0x0000, 0x0000, 0x0000, 0x0000, 0x0000, 0x0000, 0x0000,
  0xd679, 0xdedb, 0x3188, 0xd679, 0xce38, 0xc5f7, 0xc5d6, 0xb575, 0xad34, 0xa4f4, 0xa4f4, 0x9473, 0x8c32, 0x8c12, 0x8412, 0x8412,
  0x8413, 0x8413, 0x7c12, 0x7bf2, 0x7bf2, 0x7bf2, 0x5aed, 0x736e, 0x738f, 0x7bb0, 0x83f1, 0x8c33, 0x8c33, 0x8c53, 0x9cf6, 0x9d18,
  0x8c95, 0x9d17, 0xad98, 0xad98, 0x7baf, 0x2925, 0x736e, 0x6b2d, 0x62cb, 0xb576, 0xad76, 0x94b4, 0x736f, 0x3186, 0x2104, 0x20e4,
  0x8c31, 0x6b4d, 0x62cb, 0x526a, 0x5249, 0x4a49, 0x18a2, 0x6b2d, 0x5a8b, 0x738f, 0x6b4e, 0x18a3, 0x18a3, 0x18a2, 0xd69a, 0xb576,
  0xa515, 0x2945, 0x6b2d, 0x6b4d, 0x732d, 0x6b0c, 0x62cb, 0x5a8b, 0x736f, 0x83f2, 0x7bd1, 0x8412, 0x9494, 0x8c31, 0x738f, 0x738f,
  0x738f, 0x736f, 0x738f, 0x738f, 0x738f, 0x736f, 0x736f, 0x736f, 0x736f, 0x736f, 0x736f, 0x0000, 0x422b, 0x73b1, 0x7bd2, 0x7bf2,
  0x7bd2, 0x7bb1, 0x7bb0, 0x7bb0, 0x7bb0, 0x83d1, 0x83d1, 0x83d1, 0x7bb0, 0x2125, 0x9451, 0x9c91, 0x8bef, 0x8c10, 0x9471, 0x9c92,
  0xa4b2, 0xa4d2, 0xad13, 0xb554, 0xbd95, 0xc5b5, 0xc5f6, 0xce37, 0xd678, 0xdeb9, 0xe6da, 0xe71b, 0xef3c, 0xef3c, 0x630c, 0x0000,
  0x0000, 0x0000, 0x0000, 0x0000, 0x0000, 0x0000, 0x0000, 0x0000, 0x0000, 0x0000, 0x0000, 0x0000, 0x0000, 0x0000, 0x0000, 0x0000,
  0x0000, 0x0000, 0x0000, 0x0000, 0x0000, 0x0000, 0x0000, 0x0000, 0x0000, 0x0000, 0x0000, 0xc618, 0xd69a, 0xd679, 0x7baf, 0xd679,
  0xc5f7, 0xbdb6, 0xb554, 0xacf3, 0xa4d2, 0x9c92, 0x9471, 0x8c32, 0x8c12, 0x8412, 0x8433, 0x8433, 0x8413, 0x7bf2, 0x7bf2, 0x7bf3,
  0x7bf3, 0x7bf3, 0x7bd2, 0x5acc, 0x7bd1, 0x83f1, 0x8411, 0x8c33, 0x8c74, 0x9495, 0x94d6, 0x9cf7, 0xb5da, 0xbdfb, 0xc63b, 0x3986,
  0x62eb, 0x734d, 0x6b2d, 0x6b2d, 0x62ec, 0x5aab, 0x4208, 0x3987, 0x3145, 0x2925, 0x2124, 0x39c7, 0x3986, 0x2104, 0x3166, 0x524a,
  0x3986, 0x1082, 0x3186, 0x3166, 0x2105, 0x2925, 0x2104, 0x2104, 0x3166, 0xdedb, 0xb576, 0xad35, 0xa4f4, 0x2105, 0x6b2d, 0x6b4d,
  0x6b2d, 0x62ec, 0x5aab, 0x6b0d, 0x7b90, 0x7bd1, 0x7bd1, 0x8412, 0x94b5, 0x736e, 0x736e, 0x736f, 0x736f, 0x736f, 0x736f, 0x736f,
  0x736f, 0x736f, 0x7370, 0x7370, 0x736f, 0x736f, 0x736f, 0x0841, 0x6b50, 0x7bb2, 0x7bf3, 0x7bf3, 0x7bf3, 0x7bf3, 0x7bf2, 0x7bf2,
  0x7bd1, 0x7bb1, 0x7bb0, 0x7390, 0x7bd1, 0x4209, 0x8c30, 0x8c30, 0x7b8e, 0x83ef, 0x8c30, 0x9451, 0x9471, 0x9c92, 0xa4d2, 0xad13,
  0xb554, 0xbd75, 0xbdb5, 0xc5d6, 0xce17, 0xd658, 0xde99, 0xdeba, 0xe6fb, 0xe71b, 0xef5c, 0xce59, 0x6b4d, 0x5acb, 0x18e3, 0x0000,
  0x0000, 0x0000, 0x0000, 0x0000, 0x0000, 0x0000, 0x0000, 0x0000, 0x0000, 0x0000, 0x0000, 0x0000, 0x0000, 0x0000, 0x0000, 0x0000,
  0x0000, 0x0000, 0x0000, 0x0000, 0x0000, 0x0000, 0x7bce, 0xce59, 0xce38, 0xce59, 0xce38, 0xce18, 0xbdb6, 0xb534, 0xa4f3, 0x9c91,
  0x9451, 0x8c30, 0x8410, 0x8c10, 0x8433, 0x8433, 0x8413, 0x7bf2, 0x7bf2, 0x7bf3, 0x7c13, 0x8413, 0x8413, 0x8433, 0x8434, 0x73b1,
  0x7bf1, 0x8c33, 0x9495, 0x9d18, 0x9d18, 0x52ac, 0x0841, 0x0000, 0x0021, 0x10a3, 0x4aac, 0x9cf8, 0x9d18, 0x94b6, 0x7bf2, 0x94b4,
  0x9cd4, 0x8c32, 0x6b2e, 0x4209, 0x2945, 0x20e4, 0x3146, 0x4a08, 0x41e8, 0x3166, 0x2925, 0x20e4, 0x18c3, 0x20e4, 0x3145, 0x2925,
  0x20e3, 0x2946, 0x2946, 0x9cd3, 0xc619, 0xb576, 0xad56, 0xad35, 0xa4f4, 0x41e8, 0x6b0d, 0x6b2d, 0x6b0d, 0x62ec, 0x5aab, 0x736f,
  0x7bd1, 0x7bd1, 0x7bd1, 0x8432, 0x9cf6, 0x734e, 0x736f, 0x736f, 0x736f, 0x736f, 0x736f, 0x7370, 0x7370, 0x7390, 0x7390, 0x7390,
  0x7390, 0x7390, 0x7390, 0x1083, 0x7bf3, 0x7bd2, 0x7bf3, 0x7bf3, 0x7bf3, 0x7bf3, 0x7bf3, 0x7bf3, 0x7bf3, 0x7bf2, 0x7bb1, 0x7390,
  0x7bf2, 0x7bd0, 0x8c10, 0x83cf, 0x734e, 0x83cf, 0x83f0, 0x8c10, 0x8c30, 0x9471, 0x9c92, 0xa4d2, 0xacf3, 0xb534, 0xbd74, 0xbd95,
  0xc5b5, 0xcdf7, 0xce17, 0xd658, 0xd679, 0xdeda, 0xe71b, 0xef3c, 0xe71c, 0xe71c, 0xe71c, 0x4a49, 0x0000, 0x0000, 0x0000, 0x0000,
  0x0000, 0x0000, 0x0000, 0x0000, 0x0000, 0x0000, 0x0000, 0x0000, 0x0000, 0x0000, 0x0000, 0x0000, 0x0000, 0x0000, 0x0000, 0x0000,
  0x0000, 0x18e3, 0xce59, 0xbdd7, 0xc5d7, 0xce38, 0xdeba, 0xb575, 0xb555, 0xa4d2, 0x9471, 0x8c10, 0x83cf, 0x7baf, 0x7bae, 0x7b8e,
  0x8c74, 0x7bf3, 0x7bf2, 0x7bf3, 0x8413, 0x8413, 0x8433, 0x8434, 0x8454, 0x8c54, 0x8c74, 0x8c74, 0x7bf2, 0x8454, 0x2125, 0x0000,
  0x0000, 0x0000, 0x0000, 0x0000, 0x0000, 0x0000, 0x0861, 0x94d6, 0x94b6, 0x94b5, 0x8c95, 0x8c95, 0x8c95, 0x9495, 0x94b6, 0x94d6,
  0x9cd6, 0x94b6, 0x8433, 0x8432, 0x8411, 0x8c52, 0x8c51, 0x7bcf, 0x526a, 0x3145, 0x2104, 0x2104, 0x2104, 0x2104, 0xe71c, 0xb597,
  0xb577, 0xb576, 0xad56, 0xad15, 0xa4d4, 0x734e, 0x5acc, 0x6b0d, 0x62ec, 0x62ec, 0x5aab, 0x7390, 0x7bd1, 0x7bd1, 0x7bb1, 0x8412,
  0xad57, 0x736f, 0x736f, 0x736f, 0x7370, 0x7390, 0x7390, 0x7390, 0x7bb1, 0x73b1, 0x7bb1, 0x7bb1, 0x7bb1, 0x7bb1, 0x73b1, 0x18e5,
  0x8454, 0x7bf3, 0x7bf3, 0x8413, 0x7bf3, 0x7bf3, 0x7bf3, 0x7bf3, 0x7bf3, 0x7bf2, 0x7bd2, 0x7390, 0x630f, 0x7bd0, 0x83d0, 0x738e,
  0x736e, 0x7baf, 0x7baf, 0x83f0, 0x8410, 0x8c31, 0x9451, 0x9c92, 0xa4d2, 0xacf3, 0xad13, 0xb554, 0xbd75, 0xc5b6, 0xc5d6, 0xce17,
  0xce38, 0xdeba, 0xef5d, 0xef7d, 0xef3c, 0xe71c, 0xe71c, 0xe71c, 0x4208, 0x0000, 0x0000, 0x0000, 0x0000, 0x0000, 0x0000, 0x0000,
  0x0000, 0x0000, 0x0000, 0x0000, 0x0000, 0x0000, 0x0000, 0x0000, 0x0000, 0x0000, 0x0000, 0x0000, 0x0000, 0xd679, 0xbd96, 0xa4f4,
  0xa515, 0xce38, 0xdeba, 0xa4f4, 0xad14, 0x9c91, 0x8c10, 0x7baf, 0x738e, 0x736d, 0x6b4e, 0x734e, 0x6b4d, 0x7c13, 0x7c13, 0x8413,
  0x8433, 0x8434, 0x8454, 0x8c74, 0x8c74, 0x8c95, 0x8c95, 0x94b5, 0x94b5, 0x6370, 0x0000, 0x0000, 0x0000, 0x0000, 0x0000, 0x0000,
  0x0000, 0x0000, 0x0000, 0x94d6, 0x94b6, 0x8c95, 0x8c75, 0x8c75, 0x8c75, 0x8c95, 0x8c95, 0x9495, 0x9495, 0x8c95, 0x8c95, 0x8c95,
  0x8c95, 0x8c95, 0x8c75, 0x8c95, 0x8c95, 0x94b6, 0x94b6, 0x8413, 0x7390, 0xc639, 0xb597, 0xb577, 0xb577, 0xb576, 0xad36, 0xa515,
  0x9cd4, 0x83f0, 0x4a4a, 0x62ed, 0x62ec, 0x62ec, 0x5aab, 0x7390, 0x7bb1, 0x7bd1, 0x7bb1, 0x83f2, 0xa557, 0x736f, 0x7370, 0x7390,
  0x7bb0, 0x7bb1, 0x7bd1, 0x7bd2, 0x7bf2, 0x83f2, 0x8412, 0x8412, 0x8412, 0x8412, 0x83f2, 0x18e5, 0x8c74, 0x8413, 0x8413, 0x7bf3,
  0x7c13, 0x8413, 0x8413, 0x7bf3, 0x7bf3, 0x7bf2, 0x73b2, 0x6b91, 0x10a4, 0x7bb0, 0x7bb0, 0x736e, 0x736e, 0x7b8f, 0x7baf, 0x7bcf,
  0x83f0, 0x8c10, 0x8c31, 0x9471, 0x9cb2, 0xa4d2, 0xa4f3, 0xad34, 0xad13, 0xb554, 0xbd75, 0xce17, 0xd69a, 0xd679, 0xdedb, 0xef5d,
  0xef7d, 0xe73c, 0xe71c, 0xe71c, 0xe73c, 0x2945, 0x0000, 0x0000, 0x0000, 0x0000, 0x0000, 0x0000, 0x0000, 0x0000, 0x0000, 0x0000,
  0x0000, 0x0000, 0x0000, 0x0000, 0x0000, 0x0000, 0x0000, 0x0000, 0x9492, 0xbdd7, 0x9cd3, 0x8c52, 0x9493, 0xce18, 0x736e, 0xb555,
  0x39c7, 0x5aab, 0x83cf, 0x736e, 0x734d, 0x6b4d, 0x6b4d, 0x6b4d, 0x424b, 0x52cf, 0x8434, 0x8434, 0x8454, 0x8c74, 0x8c75, 0x8c95,
  0x9495, 0x94b5, 0x94d6, 0xbe3c, 0xa578, 0x0041, 0x0000, 0x0000, 0x0000, 0x0000, 0x0000, 0x0000, 0x0000, 0x0000, 0x0000, 0x8cb6,
  0x94b6, 0x9495, 0x8c75, 0x8454, 0x8475, 0x8c75, 0x8c95, 0x8c95, 0x8c95, 0x8c95, 0x8c95, 0x8c95, 0x8c95, 0x8c75, 0x8c75, 0x8c74,
  0x8454, 0x8455, 0x8c75, 0x8c75, 0x8c75, 0xad57, 0xad77, 0xad77, 0xad76, 0xad56, 0xad35, 0xa515, 0x9cb3, 0x8c11, 0x31a7, 0x62cc,
  0x62cc, 0x62cc, 0x5acc, 0x7b90, 0x7bd1, 0x7bd1, 0x7bb1, 0x83f2, 0x9494, 0x7370, 0x7390, 0x7bb1, 0x7bf2, 0x83f2, 0x83f2, 0x8412,
  0x8413, 0x8433, 0x8c33, 0x8c53, 0x9473, 0x9473, 0x9473, 0x2967, 0x8c95, 0x8433, 0x8433, 0x8433, 0x8413, 0x8413, 0x8413, 0x8413,
  0x7bf3, 0x7bf3, 0x73b2, 0x6b91, 0x1082, 0x7bb0, 0x7baf, 0x736e, 0x738f, 0x738f, 0x7baf, 0x7bb0, 0x83d0, 0x83f0, 0x8c10, 0x8c31,
  0x9451, 0x9c91, 0xa4b2, 0xa4d3, 0xad13, 0xb555, 0xbd96, 0xc618, 0xce38, 0xce59, 0xd679, 0xdefb, 0xef5d, 0xef7d, 0xe71c, 0xe71c,
  0xe6fc, 0xe73c, 0x2104, 0x0000, 0x0000, 0x0000, 0x0000, 0x0000, 0x0000, 0x0000, 0x0000, 0x0000, 0x0000, 0x0000, 0x0000, 0x0000,
  0x0000, 0x0000, 0x0000, 0x0020, 0xc5f8, 0xa515, 0x8c31, 0x8411, 0x8411, 0xc638, 0xce18, 0xad34, 0x9cb2, 0x83cf, 0x2925, 0x6b4d,
  0x6b4d, 0x6b4d, 0x6b4e, 0x10c6, 0x10e7, 0x0065, 0x73d3, 0x8c74, 0x8c95, 0x9495, 0x94b5, 0x94b5, 0x9d17, 0xb63d, 0x8cd5, 0x10a2,
  0x0000, 0x0000, 0x0000, 0x0000, 0x0000, 0x0000, 0x0000, 0x0000, 0x0000, 0x0000, 0x0000, 0x8455, 0x94b6, 0x8c96, 0xc361, 0xb300,
  0x8bce, 0x8474, 0x8c75, 0x8c95, 0x8c95, 0x8c95, 0x8c95, 0x8c75, 0x8c75, 0x8c74, 0x8c74, 0x8454, 0x8434, 0x8434, 0x8454, 0x8c54,
  0x8c75, 0x9cd5, 0xad77, 0xad56, 0xad56, 0xad56, 0xad35, 0xa4f5, 0x9cb3, 0x83f0, 0x18e4, 0x5acc, 0x5acc, 0x62cc, 0x5acc, 0x7390,
  0x83f2, 0x7bd2, 0x7bd1, 0x8413, 0x8c73, 0x73b0, 0x7bb1, 0x7bf2, 0x8413, 0x8413, 0x8413, 0x8413, 0x83f2, 0x7bf1, 0x7bd1, 0x8432,
  0x8411, 0xa4f3, 0x9430, 0xad14, 0x8c74, 0x8c74, 0x8c75, 0x8c74, 0x8c54, 0x8433, 0x8413, 0x8413, 0x8413, 0x7bf3, 0x73b2, 0x73d2,
  0x4a4a, 0x7bd0, 0x7390, 0x736f, 0x7bb0, 0x73b0, 0x7bb0, 0x7bb0, 0x7bf0, 0x83f0, 0x83f0, 0x8c10, 0x8c30, 0x9451, 0x9471, 0x9c92,
  0xa4d3, 0xc5f8, 0xbdb7, 0xbdd7, 0xc5f8, 0xce18, 0xce59, 0xd679, 0xe6fb, 0xef5d, 0xef7d, 0xe71c, 0xe71c, 0xe6fc, 0xe73d, 0x0861,
  0x0000, 0x0000, 0x0000, 0x0000, 0x0000, 0x0000, 0x0000, 0x0000, 0x0000, 0x0000, 0x0000, 0x0000, 0x0000, 0x0000, 0x0000, 0x7bcf,
  0xb596, 0x8c52, 0x7bd0, 0x73b0, 0x7bd0, 0xad76, 0x41e8, 0x41e8, 0x7bcf, 0x7baf, 0x5aab, 0x6b4e, 0x6b4e, 0x736e, 0x0043, 0x0865,
  0x1927, 0x0862, 0x0020, 0x9496, 0x94b6, 0x94d6, 0xa558, 0xb63d, 0x6b8f, 0x0000, 0x0000, 0x0000, 0x0000, 0x0000, 0x0000, 0x0000,
  0x0000, 0x0000, 0x0000, 0x0000, 0x0000, 0x0000, 0x0000, 0x6bb1, 0x94b6, 0xb4d0, 0x9c50, 0x6aa9, 0xa2a0, 0x7c13, 0x8c74, 0x8c75,
  0x8c95, 0x8c95, 0x8c95, 0x8c75, 0x8c75, 0x8c74, 0x8455, 0xb429, 0xcbc0, 0x93cd, 0x8413, 0x8c54, 0x8c74, 0x8434, 0xad56, 0xad56,
  0xad56, 0xad56, 0xad15, 0xa4f4, 0x9c93, 0x83f0, 0x1082, 0x5acd, 0x5acc, 0x62cc, 0x62cc, 0x736f, 0x7bd1, 0x7bd2, 0x7bd2, 0x8413,
  0x8c74, 0x7bd2, 0x7bf2, 0x7bd2, 0x7bd2, 0x7bb2, 0x73b1, 0x7391, 0x7370, 0x736f, 0x7bd0, 0x8411, 0x8411, 0xa4d2, 0xa4f3, 0xbdb7,
  0xd69a, 0xce39, 0x7b2c, 0x7b4d, 0x8c12, 0x8c74, 0x8c74, 0x8c74, 0x8433, 0x8413, 0x7bd2, 0x7c13, 0x5acd, 0x83f2, 0x7bb1, 0x7390,
  0x7bd1, 0x7bd1, 0x7bd1, 0x7bd1, 0x7bd0, 0x7bd0, 0x83f1, 0x83f0, 0x8c11, 0x8c11, 0x9452, 0x9472, 0xbdb7, 0xad56, 0xb576, 0xbd97,
  0xbdd7, 0xc5f8, 0xce38, 0xce59, 0xd69a, 0xe71c, 0xef7d, 0xef7d, 0xe71c, 0xe6fc, 0xe71c, 0xe71c, 0x0841, 0x0000, 0x0000, 0x0000,
  0x0000, 0x0000, 0x0000, 0x0000, 0x0000, 0x0000, 0x0000, 0x0000, 0x0000, 0x0000, 0x0000, 0xbdd7, 0xa4f4, 0x7bd0, 0x738f, 0x736f,
  0x2968, 0xf79e, 0xb555, 0xa4f3, 0xb555, 0x3165, 0x6b0d, 0x7bb0, 0x7bd0, 0x0001, 0x0841, 0x0000, 0x0000, 0x0000, 0x0000, 0x3a2a,
  0xadba, 0xb61c, 0x4a6a, 0x0000, 0x0000, 0x0000, 0x0000, 0x0000, 0x0000, 0x0000, 0x0000, 0x0000, 0x0000, 0x0000, 0x0000, 0x0000,
  0x0000, 0x0000, 0x0000, 0x31c8, 0x94d6, 0x9cf7, 0xc4ce, 0x836c, 0xaae0, 0x6b91, 0x8434, 0x8c75, 0x8c75, 0x8c75, 0x8c75, 0x8c75,
  0x8c75, 0x8c74, 0x8c54, 0x9308, 0x8b8d, 0xbb00, 0x73d2, 0x8434, 0x8c74, 0x7c13, 0xad56, 0xad56, 0xad36, 0xad35, 0xad15, 0xa4d4,
  0x9c73, 0x83d0, 0x10a3, 0x5acd, 0x5acc, 0x62ec, 0x62ec, 0x7390, 0x7bd1, 0x7bb1, 0x7bb1, 0x8413, 0x8c54, 0x73b1, 0x73b1, 0x7391,
  0x7390, 0x6b70, 0x6b50, 0x6b4f, 0x6b4f, 0x736f, 0x7bb0, 0x8411, 0x8410, 0x7b2b, 0xb576, 0xce39, 0xd6ba, 0xdeda, 0x7b2c, 0x838d,
  0x83ae, 0x83d0, 0x8bf0, 0x9452, 0x9494, 0x9474, 0x8413, 0x8454, 0x6b90, 0x8433, 0x8413, 0x83f2, 0x83f2, 0x8411, 0x7bf1, 0x7bf1,
  0x7bd1, 0x7bf0, 0x83f0, 0x8411, 0x8411, 0x8411, 0x8411, 0xa515, 0xa4f4, 0xad15, 0xb536, 0xb576, 0xbd97, 0xc5d7, 0xc5f8, 0xce38,
  0xce59, 0xd69a, 0xe73c, 0xef5d, 0xef5d, 0xe71c, 0xe6fc, 0xe71c, 0xce59, 0x0000, 0x0000, 0x0000, 0x0000, 0x0000, 0x0000, 0x0000,
  0x0000, 0x0000, 0x0000, 0x0000, 0x0000, 0x0000, 0x0000, 0xb596, 0x9472, 0x7bb0, 0x6b6f, 0x6b4f, 0x2125, 0xc618, 0x9c91, 0x9430,
  0x83cf, 0x7bae, 0x8c73, 0x8c53, 0x1906, 0x0000, 0x0000, 0x0000, 0x0000, 0x0000, 0x0000, 0x0000, 0x0841, 0x0000, 0x0000, 0x0000,
  0x0000, 0x0000, 0x0000, 0x0000, 0x0000, 0x0000, 0x0000, 0x0000, 0x0000, 0x0000, 0x0000, 0x0000, 0x0000, 0x0000, 0x0000, 0x0021,
  0x94d6, 0x94d6, 0xbc09, 0xbb83, 0x9b48, 0x7391, 0x7c13, 0x8c54, 0x8c75, 0x8c75, 0x8c75, 0x8c75, 0x8c74, 0x8c74, 0x8c94, 0x832a,
  0x8b07, 0x72c9, 0x734e, 0x8413, 0x8c54, 0x8454, 0xad36, 0xad36, 0xad36, 0xad35, 0xa4f5, 0xa4b4, 0x9472, 0x7bd0, 0x2105, 0x5acd,
  0x62ed, 0x62ed, 0x62ed, 0x7390, 0x7bd1, 0x7bd1, 0x7bb2, 0x8413, 0x8413, 0x6b70, 0x6b50, 0x6b50, 0x6b2f, 0x632f, 0x630f, 0x6b0e,
  0x6b2e, 0x734e, 0x738f, 0x83f0, 0x736e, 0x9c72, 0xbd97, 0xce39, 0xd69a, 0xdefb, 0xa4b2, 0x838d, 0x838e, 0x83cf, 0x8bf0, 0x8c31,
  0x9452, 0x9473, 0x94b4, 0x8c55, 0x632f, 0x94b5, 0x9495, 0x8c74, 0x8433, 0x8412, 0x8412, 0x8412, 0x7bf1, 0x7bf1, 0x83f1, 0x7bd1,
  0x8411, 0x7bd0, 0x9493, 0x9493, 0x9cb4, 0xa4f5, 0xad15, 0xb556, 0xb576, 0xbdb7, 0xc5d7, 0xc5f8, 0xce38, 0xd659, 0xd69a, 0xe73c,
  0xef7d, 0xef5d, 0xe71c, 0xdebb, 0xb5b7, 0x0000, 0x0000, 0x0000, 0x0000, 0x0000, 0x0000, 0x0000, 0x0000, 0x0000, 0x0000, 0x0000,
  0x0000, 0x0000, 0x0000, 0xa515, 0x8411, 0x736f, 0x6b2f, 0x0884, 0x2125, 0x39a6, 0x9cf7, 0x83f1, 0x62ec, 0xb598, 0xad77, 0x73b0,
  0x0000, 0x0000, 0x0000, 0x0000, 0x0000, 0x0000, 0x0000, 0x0000, 0x0000, 0x0000, 0x0000, 0x0000, 0x0000, 0x0000, 0x0000, 0x0000,
  0x0000, 0x0000, 0x0000, 0x0000, 0x0000, 0x0000, 0x0000, 0x0000, 0x0000, 0x0000, 0x0000, 0x0000, 0x94d6, 0x94b6, 0x9495, 0x8c54,
  0x7bd2, 0x7bb2, 0x7bf2, 0x8454, 0x8c74, 0x8c75, 0x8c75, 0x8c75, 0x8c74, 0x8c74, 0x8c74, 0xb365, 0x738e, 0xab23, 0x73b1, 0x7bf2,
  0x8454, 0x8454, 0xad36, 0xad36, 0xad36, 0xad15, 0xa4f5, 0xa4b2, 0x9452, 0x7bb0, 0x39a7, 0x5aed, 0x62ed, 0x630d, 0x6b0e, 0x7bb1,
  0x83d2, 0x7bd1, 0x7bd2, 0x8434, 0x7bd2, 0x632f, 0x630f, 0x630e, 0x62ee, 0x62ed, 0x62ed, 0x62ed, 0x6b0d, 0x6b4e, 0x7b6e, 0x7baf,
  0x5a8a, 0xc619, 0xc618, 0xce59, 0xd679, 0xdefb, 0xef5d, 0x836d, 0x83ae, 0x83cf, 0x8bf0, 0x8c31, 0x9452, 0x9c93, 0xa4d5, 0x9cd5,
  0xa515, 0xc619, 0xc619, 0xad78, 0xad58, 0x8c74, 0x8c33, 0x8c32, 0x8412, 0x8412, 0x8411, 0x83f1, 0x7bf0, 0x8c33, 0x8c33, 0x9473,
  0x9c93, 0x9cb4, 0xa4f5, 0xad15, 0xb556, 0xb576, 0xbdb7, 0xc5d7, 0xc5f8, 0xce38, 0xce59, 0xd69a, 0xef5c, 0xdedb, 0x630c, 0x6b4d,
  0x2966, 0x0000, 0x0000, 0x0000, 0x0000, 0x0000, 0x0000, 0x0000, 0x0000, 0x0000, 0x0000, 0x0000, 0x0000, 0x0000, 0x0000, 0x0885,
  0x2988, 0x31c8, 0x0863, 0x0862, 0x9d39, 0x9d39, 0x94d7, 0x8c54, 0x8c53, 0xad57, 0xb5b8, 0x0841, 0x0000, 0x0000, 0x0000, 0x0000,
  0x0000, 0x0000, 0x0000, 0x0000, 0x0000, 0x0000, 0x0000, 0x0000, 0x0000, 0x0000, 0x0000, 0x0000, 0x0000, 0x0000, 0x0000, 0x0000,
  0x0000, 0x0000, 0x0000, 0x0000, 0x0000, 0x0000, 0x0000, 0x0000, 0x94b6, 0x94b6, 0x9495, 0x8c54, 0x7bd2, 0x7bd2, 0x7c13, 0x8434,
  0x8c74, 0x8c74, 0x8c75, 0x8c75, 0x8c75, 0x8c74, 0x8c74, 0x8c54, 0x8c32, 0x7bb0, 0x7390, 0x7bd1, 0x8433, 0x8c54, 0xa536, 0xa516,
  0xa515, 0xa516, 0xd3c1, 0xe400, 0xd320, 0x73b1, 0x4a29, 0x5aed, 0x630e, 0x632e, 0x6b2e, 0x7390, 0x7bd1, 0x7bd1, 0x7bd2, 0x8434,
  0x7391, 0x5aee, 0x5acd, 0x5acd, 0x5acd, 0x5acd, 0x5acc, 0x62ec, 0x630c, 0x6b0c, 0x732d, 0x6aeb, 0xa4d4, 0xbd96, 0xce59, 0xce59,
  0xce59, 0xdedb, 0xef5d, 0x836d, 0x83ae, 0x8bcf, 0x8bf0, 0x8c32, 0x9452, 0x9c94, 0xa4f5, 0xad57, 0xbdd8, 0xc619, 0xc619, 0xc619,
  0xc639, 0xce5a, 0x9495, 0x8c73, 0x8c33, 0x8432, 0x8412, 0x8411, 0x8433, 0x8433, 0x8433, 0x8c53, 0x9473, 0x9c93, 0x9cb4, 0xa4f5,
  0xad15, 0xb556, 0xb576, 0xbdb7, 0xc5d7, 0xc5f8, 0xce38, 0xd69a, 0x9493, 0x838d, 0xd658, 0xdeba, 0xb575, 0x0000, 0x0000, 0x0000,
  0x0000, 0x0000, 0x0000, 0x0000, 0x0000, 0x0000, 0x0000, 0x0000, 0x0000, 0x0000, 0x0000, 0x4aae, 0x424d, 0x10a4, 0x1906, 0x7c35,
  0x7414, 0x4aac, 0x8cd8, 0x8433, 0x8432, 0x9cd5, 0xb598, 0x0000, 0x0000, 0x0000, 0x0000, 0x0000, 0x0000, 0x0000, 0x0000, 0x0000,
  0x0000, 0x0000, 0x0000, 0x0000, 0x0000, 0x0000, 0x0000, 0x0000, 0x0000, 0x0000, 0x0000, 0x0000, 0x0000, 0x0000, 0x0000, 0x0000,
  0x0000, 0x0000, 0x0000, 0x0000, 0x8454, 0x94b6, 0x9496, 0x8c54, 0xc383, 0x7bb2, 0x7c13, 0x8434, 0x8c74, 0x8c74, 0x8c75, 0x8c75,
  0x8c75, 0x8c74, 0x8c74, 0x8c53, 0x8c32, 0x7bb0, 0x7390, 0x7bd2, 0x8413, 0x8c54, 0xa516, 0xa516, 0xa4f5, 0xbc4a, 0xc360, 0xbc4a,
  0x6267, 0xb304, 0x528b, 0x5aee, 0x632e, 0x6b2f, 0x6b2f, 0x7390, 0x7bd1, 0x7bd1, 0x7bd2, 0x8434, 0x6b70, 0x5aac, 0x52ac, 0x528c,
  0x528c, 0x5aab, 0x5aab, 0x5acb, 0x62cc, 0x6aec, 0x6b2c, 0x9410, 0xb556, 0xbd97, 0xce39, 0xce18, 0xb575, 0xdeba, 0xe71b, 0x8bef,
  0x83ae, 0x8bcf, 0x8bf0, 0x8c32, 0x9452, 0x9c94, 0xa4f5, 0xad77, 0xbdb8, 0xc619, 0xc619, 0xc639, 0xc639, 0xc63a, 0xce5a, 0xa517,
  0x9495, 0x8c53, 0x8c32, 0x8c54, 0x8413, 0x8433, 0x8433, 0x8c33, 0x8c53, 0x9473, 0x9c93, 0x9cb4, 0xa4f5, 0xad15, 0xb556, 0xb576,
  0xbdb7, 0xbdd7, 0x9451, 0x4229, 0x9c50, 0xc5b5, 0xde78, 0xdeb9, 0xe6da, 0xd658, 0x0000, 0x0000, 0x0000, 0x0000, 0x0000, 0x0000,
  0x0000, 0x0000, 0x0000, 0x0000, 0x0000, 0x0000, 0x0000, 0x424b, 0x8c77, 0x7c35, 0x8456, 0x8c97, 0x0000, 0x0000, 0x84d9, 0x8413,
  0x83f2, 0x8c74, 0x9cf6, 0x0000, 0x0000, 0x0000, 0x0000, 0x0000, 0x0000, 0x0000, 0x0000, 0x0000, 0x0000, 0x0000, 0x0000, 0x0000,
  0x0000, 0x0000, 0x0000, 0x0000, 0x0000, 0x0000, 0x0000, 0x0000, 0x0000, 0x0000, 0x0000, 0x0000, 0x0000, 0x0000, 0x0000, 0x0000,
  0x5b0e, 0x94d6, 0x94b7, 0xcc25, 0x7a65, 0xaac0, 0x7bb1, 0x8454, 0x8c74, 0x8c74, 0x8c74, 0x8c75, 0x8c75, 0x8c74, 0x8c74, 0x8c53,
  0x8413, 0x7bb1, 0x73b1, 0x7bd1, 0x8413, 0x8454, 0x9cd5, 0xa4f5, 0xa4f5, 0xaac0, 0xb2e1, 0x51c6, 0x6b4d, 0x838c, 0x62ed, 0x5aee,
  0x6b2f, 0x6b4f, 0x6b4f, 0x736f, 0x83f2, 0x7bd1, 0x7bd2, 0x8434, 0x73b1, 0x4a6b, 0x4a6b, 0x528b, 0x526b, 0x526b, 0x528a, 0x5a8b,
  0x5aaa, 0x62cb, 0x5249, 0x9452, 0xa4f4, 0xbdb7, 0xc618, 0xc5d7, 0xad14, 0xd679, 0xe6fb, 0xce17, 0x8bcf, 0x8bef, 0x8bf0, 0x8c31,
  0x9452, 0x9cb4, 0xa4f5, 0xad77, 0xbdb8, 0xc619, 0xc619, 0xc639, 0xc63a, 0xc63a, 0xc61a, 0xbe1a, 0x94b4, 0x9495, 0x94b6, 0x8c75,
  0x8454, 0x8433, 0x8433, 0x8433, 0x8c33, 0x8c53, 0x9473, 0x9c93, 0x9cb4, 0xa4f5, 0xad15, 0xad56, 0xb597, 0x8431, 0x5aab, 0x9450,
  0xbd74, 0xc5b5, 0xd637, 0xde78, 0xdeb9, 0xe6fa, 0xe6da, 0x10a2, 0x0000, 0x0000, 0x0000, 0x0000, 0x0000, 0x0000, 0x0000, 0x0000,
  0x0000, 0x0000, 0x0000, 0x0000, 0x7c55, 0x94f8, 0x94f8, 0x0021, 0x0000, 0x0000, 0x0861, 0x8cda, 0x8434, 0x8434, 0x1904, 0x0000,
  0x0000, 0x0000, 0x0000, 0x0000, 0x0000, 0x0000, 0x0000, 0x0000, 0x0000, 0x0000, 0x0000, 0x0000, 0x0000, 0x0000, 0x0000, 0x0000,
  0x0000, 0x0000, 0x0000, 0x0000, 0x0000, 0x0000, 0x0000, 0x0000, 0x0000, 0x0000, 0x0000, 0x0000, 0x2125, 0x94d6, 0x9cd7, 0xcbe4,
  0xb46c, 0x8242, 0x92e5, 0x8433, 0x8c74, 0x8c74, 0x8c75, 0x8c75, 0x8c75, 0x8c74, 0x8c74, 0x8c55, 0xd423, 0xa2c1, 0x7287, 0x7bd2,
  0x8413, 0x8454, 0x8c74, 0xa4f5, 0x9cf5, 0x8a41, 0xa2a2, 0x3187, 0x62ed, 0x7baf, 0x734e, 0x6b4f, 0x6b4f, 0x6b4f, 0x6b4f, 0x6b4f,
  0x83f2, 0x7bd1, 0x7bd2, 0x8433, 0x8412, 0x1082, 0x18c3, 0x18a3, 0x524a, 0x5249, 0x524a, 0x5249, 0x5a89, 0x4185, 0x9432, 0xad15,
  0xa515, 0xb576, 0xc5f8, 0xbd75, 0xacf3, 0xce38, 0xdedb, 0xef5d, 0x8bcf, 0x8bef, 0x8c10, 0x9432, 0x9473, 0x9cb4, 0xa515, 0xad76,
  0xbdb8, 0xc619, 0xc619, 0xc61a, 0xbe1a, 0xbdfa, 0xb5da, 0xb5ba, 0x1082, 0x6350, 0x8c95, 0x8c75, 0x8c75, 0x8433, 0x8433, 0x8433,
  0x8c33, 0x8c33, 0x8c53, 0x9473, 0x9494, 0x9cb4, 0xa4f4, 0xa515, 0x738f, 0x39c8, 0x8bef, 0xa4b1, 0xacd2, 0xb533, 0xce16, 0xd637,
  0xd678, 0xdeb9, 0xe6fa, 0xef1b, 0x4228, 0x0000, 0x0000, 0x0000, 0x0000, 0x0000, 0x0000, 0x0000, 0x0000, 0x0000, 0x0000, 0x0000,
  0x0000, 0x0000, 0x0000, 0x0000, 0x0000, 0x0000, 0x0000, 0x0000, 0x3a2a, 0x0021, 0x0000, 0x0000, 0x0000, 0x0000, 0x0000, 0x0000,
  0x0000, 0x0000, 0x0000, 0x0000, 0x0000, 0x0000, 0x0000, 0x0000, 0x0000, 0x0000, 0x0000, 0x0000, 0x0000, 0x0000, 0x0000, 0x0000,
  0x0000, 0x0000, 0x0000, 0x0000, 0x0000, 0x0000, 0x0000, 0x0000, 0x0020, 0x94d6, 0x9cd6, 0xa4b3, 0xc4ac, 0xab66, 0x83f1, 0x7bf3,
  0x8c54, 0x8c74, 0x8c75, 0x8c75, 0x8c75, 0x8c74, 0x8c74, 0x8c33, 0x6247, 0x92e5, 0xab02, 0x6b4f, 0x8413, 0x8453, 0x8433, 0x9cf5,
  0x9cb5, 0x79e1, 0x92a3, 0x18c3, 0x4a6c, 0x4a6c, 0x6b4f, 0x7390, 0x5aed, 0x3187, 0x18c4, 0x2104, 0x7bd1, 0x83f2, 0x7bd2, 0x8413,
  0x9cd6, 0x4a4a, 0x4209, 0x10a3, 0x4a29, 0x4a08, 0x4a08, 0x4a28, 0x62cb, 0x83af, 0x8c11, 0x9c93, 0xa515, 0xad56, 0xce59, 0xb575,
  0x9c92, 0xce18, 0xdeba, 0xef5d, 0x8bcf, 0x8bf0, 0x9411, 0x9432, 0x9473, 0x9cb4, 0xa4f5, 0xad57, 0xbdb8, 0xbdf9, 0xbe1a, 0xbdfa,
  0xb5da, 0xb5da, 0xb5ba, 0x8cb6, 0x0000, 0x7bf2, 0x8c95, 0x8c95, 0x8c95, 0x8c74, 0x8433, 0x8433, 0x8433, 0x8433, 0x8c33, 0x8c53,
  0x9473, 0x9493, 0x83f1, 0x31a7, 0x528b, 0x7b8e, 0xa4b2, 0xad13, 0xc5b5, 0xc5b5, 0xd617, 0xce37, 0xce37, 0xd678, 0xdeb9, 0xe6fa,
  0xef1b, 0x5acb, 0x0000, 0x0000, 0x0000, 0x0000, 0x0000, 0x0000, 0x0000, 0x0000, 0x0000, 0x0000, 0x0000, 0x0000, 0x0000, 0x0000,
  0x0000, 0x0000, 0x0000, 0x0000, 0x0000, 0x0000, 0x0000, 0x0000, 0x0000, 0x0000, 0x0000, 0x0000, 0x0000, 0x0000, 0x0000, 0x0000,
  0x0000, 0x0000, 0x0000, 0x0000, 0x0000, 0x0000, 0x0000, 0x0000, 0x0000, 0x0000, 0x0000, 0x0000, 0x0000, 0x0000, 0x0000, 0x0000,
  0x0000, 0x0000, 0x0000, 0x0000, 0x0000, 0x8454, 0x94d6, 0x94d6, 0x94d6, 0x8c54, 0x8413, 0x8413, 0x8434, 0x8c74, 0x8c75, 0x8c75,
  0x8c75, 0x8c74, 0x8c74, 0x8c96, 0xc3e5, 0x9b05, 0xa2e2, 0x734e, 0x7bf2, 0x8433, 0x8433, 0x9cd5, 0x9494, 0x6206, 0x9283, 0x832b,
  0x18c4, 0x422b, 0x4209, 0x526a, 0x5acc, 0x6b4f, 0x6b2e, 0x6b2e, 0x7bd1, 0x83f2, 0x7bd2, 0x83f3, 0x8c74, 0x4a29, 0x4a29, 0x3166,
  0x39a7, 0x41c7, 0x41a7, 0x62aa, 0x6b0d, 0x734e, 0x7bd0, 0x8c32, 0xa4d5, 0xb556, 0xc5d7, 0xb554, 0x9430, 0xc5f7, 0xdeba, 0xe73c,
  0x8bcf, 0x8bf0, 0x8c11, 0x9432, 0x9473, 0x9c94, 0xa4f5, 0xad36, 0xb598, 0xbdd9, 0xb5d9, 0xb5ba, 0xad9a, 0xad9a, 0xa579, 0x0020,
  0x0000, 0x0000, 0xbe3b, 0x9495, 0x8c75, 0x8c95, 0x8c54, 0x8433, 0x8433, 0x8433, 0x8433, 0x8433, 0x8c32, 0x7bb0, 0x39e8, 0x528b,
  0x62ec, 0x7b8e, 0x8c30, 0xa4d2, 0xb533, 0xbd95, 0xc5d6, 0xd637, 0xce37, 0xde78, 0xde98, 0xe6b9, 0xb575, 0xc618, 0x0861, 0x0000,
  0x0000, 0x0000, 0x0000, 0x0000, 0x0000, 0x0000, 0x0000, 0x0000, 0x0000, 0x0000, 0x0000, 0x0000, 0x0000, 0x0000, 0x0000, 0x0000,
  0x0000, 0x0000, 0x0000, 0x0000, 0x0000, 0x0000, 0x0000, 0x0000, 0x0000, 0x0000, 0x0000, 0x0000, 0x0000, 0x0000, 0x0000, 0x0000,
  0x0000, 0x0000, 0x0000, 0x0000, 0x0000, 0x0000, 0x0000, 0x0000, 0x0000, 0x0000, 0x0000, 0x0000, 0x0000, 0x0000, 0x0000, 0x0000,
  0x0000, 0x0000, 0x0000, 0x0000, 0x18c3, 0x94b5, 0x8434, 0x8433, 0x8434, 0x8c74, 0x8c74, 0x8c74, 0x8c74, 0x8c74, 0x8c74, 0x8c74,
  0x8c55, 0xbba4, 0xb343, 0x73b1, 0x7bd2, 0x8433, 0x8433, 0x9cb5, 0x9474, 0x5acd, 0x5acd, 0x4a4b, 0x18c4, 0x1083, 0x8412, 0xdefc,
  0x734f, 0x6b4f, 0x6b2e, 0x6b2e, 0x7bd1, 0x83f2, 0x7bd2, 0x7bf2, 0x8433, 0x9494, 0x4a09, 0x2925, 0x3986, 0x3986, 0x6aec, 0x6aec,
  0x6aec, 0x734e, 0x7bb0, 0x8c54, 0x9cb4, 0xb555, 0xc5d7, 0xad14, 0xa4b2, 0xc618, 0xdeba, 0xe71c, 0x8bef, 0x8bf0, 0x8c11, 0x8c12,
  0x8c33, 0x8c53, 0x9495, 0x9cf6, 0xa558, 0xad99, 0xad9a, 0xad9a, 0xad9a, 0xa559, 0x0041, 0x0000, 0x0000, 0x0000, 0x0000, 0xadba,
  0x9495, 0x8c75, 0x8c95, 0x8c54, 0x8433, 0x8433, 0x8413, 0x8412, 0x83f2, 0x39c9, 0x52ac, 0x62cc, 0x6b0d, 0x7b6d, 0x9430, 0xacf3,
  0xacf3, 0xad13, 0xb554, 0xc5f6, 0xd658, 0xde98, 0xde98, 0xb575, 0x9cb2, 0xe6da, 0xce58, 0x0000, 0x0000, 0x0000, 0x0000, 0x0000,
  0x0000, 0x0000, 0x0000, 0x0000, 0x0000, 0x0000, 0x0000, 0x0000, 0x0000, 0x0000, 0x0000, 0x0000, 0x0000, 0x0000, 0x0000, 0x0000,
  0x0000, 0x0000, 0x0000, 0x0000, 0x0000, 0x0000, 0x0000, 0x0000, 0x0000, 0x0000, 0x0000, 0x0000, 0x0000, 0x0000, 0x0000, 0x0000,
  0x0000, 0x0000, 0x0000, 0x0000, 0x0000, 0x0000, 0x0000, 0x0000, 0x0000, 0x0000, 0x0000, 0x0000, 0x0000, 0x0000, 0x0000, 0x0000,
  0x0000, 0x8c95, 0x9495, 0x8c54, 0x8c33, 0x734e, 0x7390, 0x8433, 0x8c74, 0x8c74, 0x8c74, 0x8c54, 0x8c54, 0x8433, 0x7bd2, 0x7bd1,
  0x7bd2, 0x8413, 0x8433, 0x94b4, 0x8c53, 0x630e, 0x62ed, 0x630e, 0x8434, 0x8434, 0x8434, 0xc619, 0x7bb0, 0x6b4f, 0x6b4e, 0x6b2e,
  0x6b2f, 0x7bd1, 0x83f2, 0x7bd2, 0x83f2, 0x8c33, 0x4a29, 0x1061, 0x5208, 0x6acc, 0x6aec, 0x6aec, 0x6b0d, 0x736f, 0x7bf2, 0x8c74,
  0xad14, 0xb555, 0xbd96, 0xacf3, 0x9430, 0xc5d7, 0xde9a, 0xe71c, 0x8c10, 0x9411, 0x8c11, 0x8c12, 0x8c33, 0x8c53, 0x8c74, 0x94d6,
  0xa538, 0xad9a, 0xad9a, 0xad79, 0x73d1, 0x0000, 0x0000, 0x0000, 0x0000, 0x0000, 0x0000, 0x1082, 0x8cb6, 0x9495, 0x8c95, 0x8c95,
  0x8434, 0x8413, 0x8412, 0x83f2, 0x420a, 0x5aac, 0x5acd, 0x6b4d, 0x83af, 0x9c71, 0xacf3, 0xb554, 0xbd95, 0xbd95, 0xc5d6, 0xce17,
  0xd658, 0xde78, 0x83cf, 0x9471, 0xde99, 0xde99, 0xdeba, 0x738d, 0x0000, 0x0000, 0x0000, 0x0000, 0x0000, 0x0000, 0x0000, 0x0000,
  0x0000, 0x0000, 0x0000, 0x0000, 0x0000, 0x0000, 0x0000, 0x0000, 0x0000, 0x0000, 0x0000, 0x0000, 0x0000, 0x0000, 0x0000, 0x0000,
  0x0000, 0x0000, 0x0000, 0x0000, 0x0000, 0x0000, 0x0000, 0x0000, 0x0000, 0x0000, 0x0000, 0x0000, 0x0000, 0x0000, 0x0000, 0x0000,
  0x0000, 0x0000, 0x0000, 0x0000, 0x0000, 0x0000, 0x0000, 0x0000, 0x0000, 0x0000, 0x0000, 0x0000, 0x0000, 0x632e, 0x9495, 0x8c54,
  0x8c33, 0x83f1, 0x736f, 0x7bb0, 0x8412, 0x8c33, 0x8c33, 0x8433, 0x8412, 0x7390, 0x73b1, 0x8413, 0x8413, 0x8413, 0x8433, 0x9494,
  0x8412, 0x736f, 0x736f, 0x736f, 0x8413, 0x6b91, 0x7bf3, 0xb597, 0xce59, 0x6b4f, 0x6b4f, 0x6b2e, 0x6b2e, 0x7bd1, 0x83f2, 0x7bf2,
  0x7bf2, 0x8413, 0x8433, 0x7390, 0x6b2e, 0x62ab, 0x62ac, 0x6aed, 0x6b2f, 0x7bf3, 0x8433, 0x9cb3, 0xad15, 0xb555, 0xbd96, 0xa491,
  0x9c71, 0xc5d7, 0xde9a, 0xe71c, 0x9430, 0x9451, 0x9452, 0x8c52, 0x8c53, 0x8c54, 0x8c75, 0x94d6, 0xad79, 0xad79, 0x8cb5, 0x0841,
  0x0000, 0x0000, 0x0000, 0x0000, 0x0000, 0x0000, 0x0000, 0x0000, 0x2125, 0x8c95, 0x9495, 0x8c95, 0x8c75, 0x8433, 0x8433, 0x528c,
  0x5acd, 0x5aed, 0x6b2e, 0x83f0, 0x9451, 0x9cd3, 0xad13, 0xb554, 0xbd95, 0xc5f7, 0xc5f7, 0xce38, 0xd658, 0x39e8, 0xd658, 0xd678,
  0xd679, 0xd678, 0xde99, 0xe6da, 0x0841, 0x0000, 0x0000, 0x0000, 0x0000, 0x0000, 0x0000, 0x0000, 0x0000, 0x0000, 0x0000, 0x0000,
  0x0000, 0x0000, 0x0000, 0x0000, 0x0000, 0x0000, 0x0000, 0x0000, 0x0000, 0x0000, 0x0000, 0x0000, 0x0000, 0x0000, 0x0000, 0x0000,
  0x0000, 0x0000, 0x0000, 0x0000, 0x0000, 0x0000, 0x0000, 0x0000, 0x0000, 0x0000, 0x0000, 0x0000, 0x0000, 0x0000, 0x0000, 0x0000,
  0x0000, 0x0000, 0x0000, 0x0000, 0x0000, 0x0000, 0x0000, 0x0000, 0x0000, 0x8c93, 0x9cd6, 0x8c74, 0x8c33, 0x8412, 0x8c12, 0x7bb0,
  0x83f2, 0x8c33, 0x8c33, 0x8412, 0x83f2, 0x83f1, 0x630d, 0x2946, 0x7bb0, 0x7bb1, 0x7bd1, 0x7bd1, 0x7bb1, 0x7bb0, 0x7bb0, 0x7390,
  0x7390, 0x73b2, 0x73b2, 0x8c54, 0xb577, 0x9cf5, 0x6b4f, 0x6b4f, 0x6b2e, 0x7370, 0x7bd2, 0x83f2, 0x7bf2, 0x7bf2, 0x8412, 0x7390,
  0x6b50, 0x6b2f, 0x6b4f, 0x7391, 0x7c14, 0x83f1, 0x9452, 0x9cb3, 0xad14, 0xb535, 0xb575, 0x9c50, 0xa4d3, 0xce18, 0xdeba, 0xe73c,
  0x9c51, 0x9c72, 0x9c73, 0x9473, 0x9494, 0x9495, 0x94d6, 0xa559, 0xa559, 0x1082, 0x0000, 0x0000, 0x0000, 0x0000, 0x0000, 0x0000,
  0x0000, 0x0000, 0x0000, 0x0000, 0x0000, 0x422a, 0x94b5, 0x9495, 0x8c95, 0x8c54, 0x62ee, 0x630e, 0x632e, 0x6b4f, 0x8411, 0x9cd3,
  0x9c92, 0xb555, 0xa4f4, 0xb534, 0xbdb6, 0xd658, 0xd679, 0x18e4, 0x5acb, 0xd678, 0xd658, 0xd658, 0xd658, 0xd658, 0xd679, 0xdeba,
  0xbd96, 0x0000, 0x0000, 0x0000, 0x0000, 0x0000, 0x0000, 0x0000, 0x0000, 0x0000, 0x0000, 0x0000, 0x0000, 0x0000, 0x0000, 0x0000,
  0x0000, 0x0000, 0x0000, 0x0000, 0x0000, 0x0000, 0x0000, 0x0000, 0x0000, 0x0000, 0x0000, 0x0000, 0x0000, 0x0000, 0x0000, 0x0000,
  0x0000, 0x0000, 0x0000, 0x0000, 0x0000, 0x0000, 0x0000, 0x0000, 0x0000, 0x0000, 0x0000, 0x0000, 0x0000, 0x0000, 0x0000, 0x0000,
  0x0000, 0x0000, 0x0000, 0x0000, 0x0000, 0xad97, 0xa517, 0x9495, 0x8c54, 0x8c32, 0xa536, 0x8c33, 0x8412, 0x8412, 0x8c13, 0x8412,
  0x83f2, 0x83f2, 0x6b4f, 0x52ac, 0x7390, 0x7bb1, 0x7bd1, 0x7bd1, 0x7bd1, 0x7bd1, 0x7bd1, 0x7bd1, 0x7bd1, 0x7bb1, 0x7bb2, 0x7bd2,
  0xa537, 0xbdf9, 0xce7a, 0x6b2f, 0x630d, 0x62ed, 0x7bb1, 0x7bd2, 0x7bb2, 0x7391, 0x7391, 0x7391, 0x7391, 0x73b2, 0x7bd3, 0x7bb1,
  0x7bd0, 0x8c11, 0x9452, 0xa4b3, 0xa4f4, 0xad14, 0xb555, 0x93ef, 0xad14, 0xce59, 0xdeba, 0xce18, 0xa492, 0xa4b3, 0xa4b4, 0xa4d4,
  0xa4f5, 0xa516, 0xa537, 0x2945, 0x0000, 0x0000, 0x0000, 0x0000, 0x0000, 0x0000, 0x0000, 0x0000, 0x0000, 0x0000, 0x0000, 0x0000,
  0x0000, 0x0000, 0x5b2e, 0x94b6, 0x9495, 0x31c8, 0x7390, 0x7390, 0x73b0, 0x8c72, 0x9cd4, 0xa515, 0xb556, 0xb596, 0xbdb6, 0xc5f7,
  0xce18, 0x18e4, 0x5269, 0xcdf6, 0xc5b6, 0xc5f7, 0xd678, 0xde78, 0xd658, 0xce38, 0xd638, 0xde9a, 0xdeba, 0x0000, 0x0000, 0x0000,
  0x0000, 0x0000, 0x0000, 0x0000, 0x0000, 0x0000, 0x0000, 0x0000, 0x0000, 0x0000, 0x0000, 0x0000, 0x0000, 0x0000, 0x0000, 0x0000,
  0x0000, 0x0000, 0x0000, 0x0000, 0x0000, 0x0000, 0x0000, 0x0000, 0x0000, 0x0000, 0x0000, 0x0000, 0x0000, 0x0000, 0x0000, 0x0000,
  0x0000, 0x0000, 0x0000, 0x0000, 0x0000, 0x0000, 0x0000, 0x0000, 0x0000, 0x0000, 0x0000, 0x0000, 0x0000, 0x0000, 0x0000, 0x0000,
  0x0000, 0xce9b, 0xbdf9, 0x9495, 0x9474, 0x9474, 0xa516, 0x8c33, 0x8c53, 0x8c33, 0x8412, 0x8412, 0x83f2, 0x83f1, 0x7bd1, 0x41e9,
  0x736f, 0x73b0, 0x7bb0, 0x7bd1, 0x7bd1, 0x7bd1, 0x7bd1, 0x7bd1, 0x7bd1, 0x7bb1, 0x7bd2, 0x7bb2, 0x7bf2, 0xa536, 0xb5b8, 0xbdf9,
  0xbdd8, 0x9493, 0x62ee, 0x7370, 0x6b50, 0x6b70, 0x73b2, 0x73b2, 0x73b2, 0x6b6f, 0x736f, 0x7baf, 0x83d0, 0x8c11, 0x9472, 0xa4b3,
  0xa4d3, 0xad14, 0xb534, 0x628a, 0xbdb7, 0xd69a, 0xdeba, 0xe6fb, 0xad15, 0xad35, 0xad56, 0xad77, 0x8c52, 0x10a2, 0x0000, 0x0000,
  0x0000, 0x0000, 0x0000, 0x0000, 0x0000, 0x0000, 0x0000, 0x0000, 0x0000, 0x0000, 0x0000, 0x0000, 0x0000, 0x0000, 0x0000, 0x528b,
  0x1082, 0x0000, 0x8433, 0x8412, 0x9cb4, 0xa515, 0xa535, 0xad35, 0xb576, 0xbd96, 0xc618, 0x10a3, 0x5aab, 0xc5d6, 0xc5d6, 0xad34,
  0xb555, 0xbd75, 0xc5d6, 0xd679, 0xd679, 0xce38, 0xc5f7, 0xd658, 0xdeba, 0x0841, 0x0000, 0x0000, 0x0000, 0x0000, 0x0000, 0x0000,
  0x0000, 0x0000, 0x0000, 0x0000, 0x0000, 0x0000, 0x0000, 0x0000, 0x0000, 0x0000, 0x0000, 0x0000, 0x0000, 0x0000, 0x0000, 0x0000,
  0x0000, 0x0000, 0x0000, 0x0000, 0x0000, 0x0000, 0x0000, 0x0000, 0x0000, 0x0000, 0x0000, 0x0000, 0x0000, 0x0000, 0x0000, 0x0000,
  0x0000, 0x0000, 0x0000, 0x0000, 0x0000, 0x0000, 0x0000, 0x0000, 0x0000, 0x0000, 0x0000, 0x0000, 0x0000, 0xce7a, 0xad99, 0x94b5,
  0x9474, 0x9474, 0xa516, 0x8c32, 0x8c33, 0x8c74, 0x8c53, 0x8c33, 0x8412, 0x83d2, 0x7bd1, 0x630e, 0x5acc, 0x7390, 0x7390, 0x7bb0,
  0x7bb0, 0x7bb1, 0x7bd1, 0x7bd1, 0x7bd1, 0x7bf1, 0x7bd1, 0x7bd2, 0x7bd2, 0x7bd2, 0x8c74, 0xad77, 0xb5b8, 0xad77, 0xb598, 0x7390,
  0x6b50, 0x630e, 0x4209, 0x630e, 0x6b4e, 0x734e, 0x736f, 0x7baf, 0x83f0, 0x8c11, 0x9451, 0x9c72, 0xa4b3, 0xa4f3, 0x8bf0, 0xbdd7,
  0xc5f7, 0xd69a, 0xd6ba, 0xdeba, 0x0000, 0x0000, 0x0000, 0x0000, 0x0000, 0x0000, 0x0000, 0x0000, 0x0000, 0x0000, 0x0000, 0x0000,
  0x0000, 0x0000, 0x0000, 0x0000, 0x0000, 0x0000, 0x0000, 0x0000, 0x0000, 0x0000, 0x0000, 0x0000, 0x0000, 0x0000, 0x2966, 0xa4f5,
  0xa515, 0xad35, 0xad55, 0xb576, 0xb596, 0x39e8, 0x3186, 0xc5d6, 0xbdb6, 0xbdb6, 0xbdb6, 0xb554, 0xa4d3, 0xa4d3, 0xad34, 0xbdb6,
  0xd699, 0xd658, 0xad34, 0xb555, 0xce38, 0x0000, 0x0000, 0x0000, 0x0000, 0x0000, 0x0000, 0x0000, 0x0000, 0x0000, 0x0000, 0x0000,
  0x0000, 0x0000, 0x0000, 0x0000, 0x0000, 0x0000, 0x0000, 0x0000, 0x0000, 0x0000, 0x0000, 0x0000, 0x0000, 0x0000, 0x0000, 0x0000,
  0x0000, 0x0000, 0x0000, 0x0000, 0x0000, 0x0000, 0x0000, 0x0000, 0x0000, 0x0000, 0x0000, 0x0000, 0x0000, 0x0000, 0x0000, 0x0000,
  0x0000, 0x0000, 0x0000, 0x0000, 0x0000, 0x0000, 0x0000, 0x0000, 0x0000, 0x528a, 0xad78, 0x9cb5, 0x9495, 0x9494, 0x9cb5, 0x7bf0,
  0x8c53, 0x8c32, 0x8c32, 0x8c33, 0x8c32, 0x83f2, 0x7bd1, 0x7bd1, 0x630e, 0x41e7, 0x6b4f, 0x7390, 0x7390, 0x7390, 0x7390, 0x7390,
  0x7390, 0x738f, 0x738f, 0x738f, 0x7bb1, 0x7bf3, 0x7bf2, 0x8413, 0xa516, 0xad36, 0xa4f6, 0xa516, 0x7bd1, 0x6b50, 0x4a6b, 0x4a2a,
  0x6b4e, 0x736e, 0x738f, 0x7baf, 0x83d0, 0x8c30, 0x9451, 0x9471, 0x9c92, 0x9c92, 0x41c7, 0x9430, 0xd679, 0xd69a, 0xd69a, 0xdeba,
  0x0841, 0x0000, 0x0000, 0x0000, 0x0000, 0x0000, 0x0000, 0x0000, 0x0000, 0x0000, 0x0000, 0x0000, 0x0000, 0x0000, 0x0000, 0x0000,
  0x0000, 0x0000, 0x0000, 0x0000, 0x0000, 0x0000, 0x0000, 0x0000, 0x0000, 0x0000, 0x0000, 0xb577, 0xb576, 0xb576, 0xb576, 0xb596,
  0x10a3, 0xa4f3, 0xad55, 0xad55, 0xb575, 0xb575, 0xbd96, 0xbd95, 0xa4f3, 0x9c92, 0x9c92, 0xa4d3, 0xbdd7, 0xce38, 0x9cb2, 0x9472,
  0x9cb3, 0x0000, 0x0000, 0x0000, 0x0000, 0x0000, 0x0000, 0x0000, 0x0000, 0x0000, 0x0000, 0x0000, 0x0000, 0x0000, 0x0000, 0x0000,
  0x0000, 0x0000, 0x0000, 0x0000, 0x0000, 0x0000, 0x0000, 0x0000, 0x0000, 0x0000, 0x0000, 0x0000, 0x0000, 0x0000, 0x0000, 0x0000,
  0x0000, 0x0000, 0x0000, 0x0000, 0x0000, 0x0000, 0x0000, 0x0000, 0x0000, 0x0000, 0x0000, 0x0000, 0x0000, 0x0000, 0x0000, 0x0000,
  0x0000, 0x0000, 0x0000, 0x0000, 0x0000, 0x0000, 0x5aed, 0x9cd6, 0x9495, 0x9495, 0x31a7, 0x9cd4, 0x8c53, 0x8c33, 0x8c32, 0x8412,
  0x83f2, 0x83f1, 0x83d1, 0x7bd1, 0x7bd0, 0x630e, 0x39c8, 0x526a, 0x736f, 0x736f, 0x736f, 0x736f, 0x736f, 0x736f, 0x7390, 0x7bd1,
  0x7bd1, 0x7bd1, 0x8413, 0x7bf3, 0x7bf3, 0x8413, 0x8c74, 0x9cd5, 0x9494, 0x7391, 0x5acd, 0x31a9, 0x6b4e, 0x736e, 0x738e, 0x7baf,
  0x83cf, 0x83f0, 0x8c30, 0x9451, 0x8c31, 0x39a7, 0xbd96, 0xce18, 0xd69a, 0xd69a, 0xd659, 0xdeba, 0x632c, 0x0000, 0x0000, 0x0000,
  0x0000, 0x0000, 0x0000, 0x0000, 0x0000, 0x0000, 0x0000, 0x0000, 0x0000, 0x0000, 0x0000, 0x0000, 0x0000, 0x0000, 0x0000, 0x0000,
  0x0000, 0x0000, 0x0000, 0x0000, 0x0000, 0x0000, 0x0000, 0xb597, 0xb597, 0xb576, 0x8431, 0x2125, 0x9472, 0x9493, 0x9472, 0x9472,
  0xad14, 0xad35, 0xb555, 0xb575, 0xa4f3, 0x8c30, 0x83cf, 0x8c10, 0xa514, 0xce38, 0x83f0, 0x83f0, 0x2965, 0x0000, 0x0000, 0x0000,
  0x0000, 0x0000, 0x0000, 0x0000, 0x0000, 0x0000, 0x0000, 0x0000, 0x0000, 0x0000, 0x0000, 0x0000, 0x0000, 0x0000, 0x0000, 0x0000,
  0x0000, 0x0000, 0x0000, 0x0000, 0x0000, 0x0000, 0x0000, 0x0000, 0x0000, 0x0000, 0x0000, 0x0000, 0x0000, 0x0000, 0x0000, 0x0000,
  0x0000, 0x0000, 0x0000, 0x0000, 0x0000, 0x0000, 0x0000, 0x0000, 0x0000, 0x0000, 0x0000, 0x0000, 0x0000, 0x0000, 0x0000, 0x0000,
  0x0000, 0x0000, 0x0000, 0x0000, 0x1082, 0x0041, 0x0000, 0x52ac, 0xad57, 0x9474, 0x8c53, 0x8c32, 0x8412, 0x83f1, 0x83f1, 0x7bb0,
  0x7bb0, 0x7bb0, 0x7bb0, 0x738f, 0x738f, 0x738f, 0x7390, 0x7bb0, 0x7bb0, 0x7bd1, 0x7bd1, 0x7bd1, 0x7bd1, 0x7bd1, 0x7bf1, 0x7bd1,
  0x8413, 0x7bf3, 0x8413, 0x8413, 0x8433, 0x9474, 0x630e, 0x39c9, 0x734e, 0x734e, 0x734e, 0x738e, 0x7bae, 0x83cf, 0x83f0, 0x5a8b,
  0x39a7, 0x528b, 0xbdd7, 0xce18, 0xce59, 0xd67a, 0xd679, 0xde9a, 0xc5f7, 0x0000, 0x0000, 0x0000, 0x0000, 0x0000, 0x0000, 0x0000,
  0x0000, 0x0000, 0x0000, 0x0000, 0x0000, 0x0000, 0x0000, 0x0000, 0x0000, 0x0000, 0x0000, 0x0000, 0x0000, 0x0000, 0x0000, 0x0000,
  0x0000, 0x0000, 0x0861, 0x9493, 0xbdb8, 0x736e, 0x526a, 0x8c31, 0x8411, 0x7bf0, 0x83f0, 0x83f0, 0x8411, 0x8c31, 0xad14, 0xb596,
  0xad34, 0x8c30, 0x738e, 0x7baf, 0xa4f4, 0xc5f8, 0x7baf, 0x9cb3, 0x0000, 0x0000, 0x0000, 0x0000, 0x0000, 0x0000, 0x0000, 0x0000,
  0x0000, 0x0000, 0x0000, 0x0000, 0x0000, 0x0000, 0x0000, 0x0000, 0x0000, 0x0000, 0x0000, 0x0000, 0x0000, 0x0000, 0x0000, 0x0000,
  0x0000, 0x0000, 0x0000, 0x0000, 0x0000, 0x0000, 0x0000, 0x0000, 0x0000, 0x0000, 0x0000, 0x0000, 0x0000, 0x0000, 0x0000, 0x0000,
  0x0000, 0x0000, 0x0000, 0x0000, 0x0000, 0x0000, 0x0000, 0x0000, 0x0000, 0x0000, 0x0000, 0x0000, 0x0000, 0x0000, 0x0000, 0x0000,
  0x0000, 0x0000, 0x0000, 0x2104, 0xa4f5, 0x8c53, 0x7bd1, 0x8c33, 0x8412, 0x83f1, 0x83f1, 0x7bb0, 0x7bb0, 0x7bb0, 0x7bb0, 0x7bb0,
  0x7b90, 0x7bb0, 0x7bb0, 0x7bb0, 0x7bb0, 0x7bd1, 0x7bd1, 0x7bd1, 0x7bd1, 0x7bf1, 0x7bf1, 0x7bf1, 0x7bf1, 0x8413, 0x8413, 0x7bf3,
  0x8413, 0x8c33, 0x8c53, 0x39c8, 0x6b2d, 0x6b0d, 0x6b2d, 0x6b4d, 0x736e, 0x5aab, 0x39a7, 0x3187, 0x9452, 0xce18, 0xce59, 0xce38,
  0xce39, 0xc5f7, 0xce38, 0xd699, 0xdeba, 0x0000, 0x0000, 0x0000, 0x0000, 0x0000, 0x0000, 0x0000, 0x0000, 0x0000, 0x0000, 0x0000,
  0x0000, 0x0000, 0x0000, 0x0000, 0x0000, 0x0000, 0x0000, 0x0000, 0x0000, 0x0000, 0x0000, 0x0000, 0x0000, 0x0000, 0xad76, 0xad76,
  0x10a3, 0x528b, 0x7bf1, 0x7bb0, 0x738f, 0x738f, 0x7bd0, 0x83f1, 0x83f0, 0x83f0, 0x8411, 0x9cd3, 0xad55, 0x8c10, 0x734d, 0x736e,
  0x8410, 0xce39, 0x8c51, 0x9472, 0x0000, 0x0000, 0x0000, 0x0000, 0x0000, 0x0000, 0x0000, 0x0000, 0x0000, 0x0000, 0x0000, 0x0000,
  0x0000, 0x0000, 0x0000, 0x0000, 0x0000, 0x0000, 0x0000, 0x0000, 0x0000, 0x0000, 0x0000, 0x0000, 0x0000, 0x0000, 0x0000, 0x0000,
  0x0000, 0x0000, 0x0000, 0x0000, 0x0000, 0x0000, 0x0000, 0x0000, 0x0000, 0x0000, 0x0000, 0x0000, 0x0000, 0x0000, 0x0000, 0x0000,
  0x0000, 0x0000, 0x0000, 0x0000, 0x0000, 0x0000, 0x0000, 0x0000, 0x0000, 0x0000, 0x0000, 0x0000, 0x0000, 0x0000, 0x0000, 0x8c73,
  0x9cd5, 0x9494, 0x7bd1, 0x52ac, 0x5aac, 0x83f1, 0x7bd1, 0x7bb0, 0x7bb0, 0x7baf, 0x7390, 0x7390, 0x7390, 0x7b90, 0x7bb0, 0x7bb0,
  0x7bb0, 0x7bb0, 0x7bd1, 0x7bd1, 0x7bd1, 0x7bd1, 0x7bd1, 0x7bf1, 0x7bf1, 0x7bf1, 0x8433, 0x8413, 0x7bf3, 0x7bf3, 0x7bf2, 0x8433,
  0x6b0d, 0x62cc, 0x5aab, 0x4a4a, 0x2946, 0x10a3, 0x736e, 0xbdb7, 0xc618, 0xc5d7, 0xce59, 0xc618, 0xb596, 0xc5f7, 0xce38, 0xd679,
  0xdeba, 0x0861, 0x0000, 0x0000, 0x0000, 0x0000, 0x0000, 0x0000, 0x0000, 0x0000, 0x0000, 0x0000, 0x0000, 0x0000, 0x0000, 0x0000,
  0x0000, 0x0000, 0x0000, 0x0000, 0x0000, 0x0000, 0x0000, 0x0000, 0x0000, 0x2986, 0xad57, 0xa536, 0x8c73, 0x4209, 0x73b0, 0x6b6f,
  0x6b4f, 0x6b6f, 0x7bd1, 0x83f1, 0x7bf1, 0x83f0, 0x8411, 0x9cb3, 0xb596, 0x83cf, 0x6b0c, 0x736e, 0x8c31, 0xc5f8, 0x9472, 0xb576,
  0x0000, 0x0000, 0x0000, 0x0000, 0x0000, 0x0000, 0x0000, 0x0000, 0x0000, 0x0000, 0x0000, 0x0000, 0x0000, 0x0000, 0x0000, 0x0000,
  0x0000, 0x0000, 0x0000, 0x0000, 0x0000, 0x0000, 0x0000, 0x0000, 0x0000, 0x0000, 0x0000, 0x0000, 0x0000, 0x0000, 0x0000, 0x0000,
  0x0000, 0x0000, 0x0000, 0x0000, 0x0000, 0x0000, 0x0000, 0x0000, 0x0000, 0x0000, 0x0000, 0x0000, 0x0000, 0x0000, 0x0000, 0x0000,
  0x0000, 0x0000, 0x0000, 0x0000, 0x0000, 0x0000, 0x0000, 0x0000, 0x0000, 0x0000, 0x0020, 0xad36, 0xa4f5, 0x9493, 0x8c52, 0x8411,
  0x736f, 0x2925, 0x3167, 0x4a2a, 0x738f, 0x7390, 0x738f, 0x738f, 0x736f, 0x738f, 0x738f, 0x7390, 0x7390, 0x73b0, 0x7bb0, 0x7bb1,
  0x7bd1, 0x7bd1, 0x7bd1, 0x7bd1, 0x7bd1, 0x7bd0, 0x7bd1, 0x8c74, 0x8413, 0x7bf3, 0x7bd2, 0x7bd2, 0x83f2, 0x8c12, 0x18a3, 0x2104,
  0x62cb, 0xb576, 0xbd96, 0xb576, 0xbdb7, 0xbd97, 0xb577, 0xb577, 0x8c51, 0xbdb6, 0xce58, 0xce59, 0xd699, 0x31a6, 0x0000, 0x0000,
  0x0000, 0x0000, 0x0000, 0x0000, 0x0000, 0x0000, 0x0000, 0x0000, 0x0000, 0x0000, 0x0000, 0x0000, 0x0000, 0x0000, 0x0000, 0x0000,
  0x0000, 0x0000, 0x0000, 0x0000, 0x0000, 0x632e, 0xa536, 0x94d5, 0x8c73, 0x0841, 0x73b0, 0x632f, 0x634f, 0x6b70, 0x8432, 0x8c53,
  0x8453, 0x8411, 0x83f1, 0x8c72, 0xbd96, 0x7baf, 0x6b2c, 0x734e, 0x8410, 0xb576, 0xa4f4, 0x8410, 0x0000, 0x0000, 0x0000, 0x0000,
  0x0000, 0x0000, 0x0000, 0x0000, 0x0000, 0x0000, 0x0000, 0x0000, 0x0000, 0x0000, 0x0000, 0x0000, 0x0000, 0x0000, 0x0000, 0x0000,
  0x0000, 0x0000, 0x0000, 0x0000, 0x0000, 0x0000, 0x0000, 0x0000, 0x0000, 0x0000, 0x0000, 0x0000, 0x0000, 0x0000, 0x0000, 0x0000,
  0x0000, 0x0000, 0x0000, 0x0000, 0x0000, 0x0000, 0x0000, 0x0000, 0x0000, 0x0000, 0x0000, 0x0000, 0x0000, 0x0000, 0x0000, 0x0000,
  0x0000, 0x0000, 0x0000, 0x0000, 0x0000, 0x0000, 0x738e, 0x9cd4, 0xad36, 0x9494, 0x8c52, 0x8432, 0x83f1, 0x7bd0, 0x7390, 0x6b4f,
  0x18e4, 0x20e4, 0x3146, 0x2925, 0x4a4a, 0x630e, 0x6b2f, 0x6b4f, 0x6b4f, 0x736f, 0x7370, 0x7390, 0x7390, 0x7390, 0x6b6f, 0x6b2e,
  0x5aed, 0x5acc, 0x528c, 0x39a8, 0x8c75, 0x8454, 0x8413, 0x7c13, 0x7bd2, 0x7bb1, 0x83d1, 0x8c11, 0x9c72, 0x9c93, 0x9cb4, 0x9cd4,
  0xa516, 0xa516, 0xa516, 0xb556, 0xc618, 0xad35, 0xbdd7, 0xce59, 0xd679, 0x6b4d, 0x0000, 0x0000, 0x0000, 0x0000, 0x0000, 0x0000,
  0x0000, 0x0000, 0x0000, 0x0000, 0x0000, 0x0000, 0x0000, 0x0000, 0x0000, 0x0000, 0x0000, 0x0000, 0x0000, 0x0000, 0x0000, 0x0000,
  0x0020, 0xbdfa, 0x1082, 0x8c74, 0x6b90, 0x0842, 0x73b1, 0x630e, 0x632f, 0x6b90, 0x8432, 0x8c73, 0x8c53, 0x8432, 0x83f1, 0x9493,
  0xad35, 0x9c92, 0x6b2d, 0x734d, 0x7bd0, 0xa4f4, 0xc5f8, 0x3166, 0x0000, 0x0000, 0x0000, 0x0000, 0x0000, 0x0000, 0x0000, 0x0000,
  0x0000, 0x0000, 0x0000, 0x0000, 0x0000, 0x0000, 0x0000, 0x0000, 0x0000, 0x0000, 0x0000, 0x0000, 0x0000, 0x0000, 0x0000, 0x0000,
  0x0000, 0x0000, 0x0000, 0x0000, 0x0000, 0x0000, 0x0000, 0x0000, 0x0000, 0x0000, 0x0000, 0x0000, 0x0000, 0x0000, 0x0000, 0x0000,
  0x0000, 0x0000, 0x0000, 0x0000, 0x0000, 0x0000, 0x0000, 0x0000, 0x0000, 0x0000, 0x0000, 0x0000, 0x0000, 0x0000, 0x0000, 0x0000,
  0x0000, 0x0000, 0xd6db, 0xb597, 0xce7a, 0xbdb7, 0x9473, 0x8c32, 0x83f1, 0x83d0, 0x83d0, 0x7bd0, 0x7bb0, 0x738f, 0x630d, 0x630d,
  0x4209, 0x2104, 0x18c4, 0x2925, 0x2946, 0x2946, 0x2946, 0x2126, 0x2125, 0x2126, 0x2947, 0x2126, 0x18e5, 0x18e5, 0x2967, 0x528b,
  0x8c53, 0x8c75, 0x8c54, 0x8433, 0x7bd3, 0x7bd2, 0x7bd2, 0x7bd2, 0x83f2, 0x7bd1, 0x8412, 0x8c33, 0x9474, 0xa4f6, 0x9cd5, 0xad56,
  0xbdd7, 0x39c7, 0xce38, 0xce18, 0xd679, 0xa4f3, 0x0000, 0x0000, 0x0000, 0x0000, 0x0000, 0x0000, 0x0000, 0x0000, 0x0000, 0x0000,
  0x0000, 0x0000, 0x0000, 0x0000, 0x0000, 0x0000, 0x0000, 0x0000, 0x0000, 0x0000, 0x0000, 0x0000, 0x1904, 0x9d17, 0x9cf6, 0x3187,
  0x0841, 0x3187, 0x6b90, 0x5b0e, 0x6350, 0x2967, 0x0000, 0x73b1, 0x8c74, 0x8c53, 0x83f1, 0x8c52, 0xa4f4, 0xc638, 0x630d, 0x6b2d,
  0x7baf, 0xa515, 0xd69a, 0x0000, 0x0000, 0x0000, 0x0000, 0x0000, 0x0000, 0x0000, 0x0000, 0x0000, 0x0000, 0x0000, 0x0000, 0x0000,
  0x0000, 0x0000, 0x0000, 0x0000, 0x0000, 0x0000, 0x0000, 0x0000, 0x0000, 0x0000, 0x0000, 0x0000, 0x0000, 0x0000, 0x0000, 0x0000,
  0x0000, 0x0000, 0x0000, 0x0000, 0x0000, 0x0000, 0x0000, 0x0000, 0x0000, 0x0000, 0x0000, 0x0000, 0x0000, 0x0000, 0x0000, 0x0000,
  0x0000, 0x0000, 0x0000, 0x0000, 0x0000, 0x0000, 0x0000, 0x0000, 0x0000, 0x0000, 0x0000, 0x0000, 0x0000, 0x5aec, 0xd6ba, 0xbdb7,
  0xb555, 0xa4d3, 0x9471, 0x83f0, 0x83f0, 0x83d0, 0x7bd0, 0x7bb0, 0x7baf, 0x7baf, 0x7baf, 0x7baf, 0x738f, 0x738f, 0x738f, 0x7390,
  0x7bb0, 0x7bb0, 0x7bb0, 0x7bd0, 0x7bd1, 0x7bd1, 0x7bd1, 0x7bd1, 0x7bd1, 0x7bd1, 0x73b1, 0x73b0, 0x73b0, 0x7390, 0x8413, 0x8c95,
  0x8c75, 0x8454, 0x8434, 0x8413, 0x7c13, 0x7bf3, 0x8434, 0x94b5, 0x8432, 0xa4f5, 0xad56, 0xb576, 0xb597, 0x528a, 0xbdb6, 0xc618,
  0xce59, 0xce38, 0x0000, 0x0000, 0x0000, 0x0000, 0x0000, 0x0000, 0x0000, 0x0000, 0x0000, 0x0000, 0x0000, 0x0000, 0x0000, 0x0000,
  0x0000, 0x0000, 0x0000, 0x0000, 0x0000, 0x0000, 0x0000, 0x0000, 0x31c8, 0x94d7, 0x8454, 0x73b2, 0x6b91, 0x39e9, 0x39c8, 0x6372,
  0x31c9, 0x0000, 0x0000, 0x0041, 0x8c95, 0x8c53, 0x8411, 0x8431, 0x9cb3, 0xc5f8, 0x62ec, 0x6b2d, 0x7b8e, 0x9cb3, 0xbdd7, 0x0000,
  0x0000, 0x0000, 0x0000, 0x0000, 0x0000, 0x0000, 0x0000, 0x0000, 0x0000, 0x0000, 0x0000, 0x0000, 0x0000, 0x0000, 0x0000, 0x0000,
  0x0000, 0x0000, 0x0000, 0x0000, 0x0000, 0x0000, 0x0000, 0x0000, 0x0000, 0x0000, 0x0000, 0x0000, 0x0000, 0x0000, 0x0000, 0x0000,
  0x0000, 0x0000, 0x0000, 0x0000, 0x0000, 0x0000, 0x0000, 0x0000, 0x0000, 0x0000, 0x0000, 0x0000, 0x0000, 0x0000, 0x0000, 0x0000,
  0x0000, 0x0000, 0x0000, 0x0000, 0x0000, 0x0000, 0x0000, 0x0000, 0x0020, 0xc5f8, 0xbdb6, 0xc5f8, 0xc5d7, 0xbd96, 0xb535, 0xa4f3,
  0x8c10, 0x738e, 0x7baf, 0x7b8f, 0x7b8f, 0x738f, 0x7b8f, 0x7b8f, 0x7baf, 0x7baf, 0x7bb0, 0x7bb0, 0x7bd0, 0x7bd0, 0x7bd0, 0x7bd1,
  0x7bd1, 0x7bd1, 0x7bd1, 0x7bd1, 0x7bd1, 0x7bd1, 0x73d1, 0x73b0, 0x73b0, 0x7390, 0x7390, 0x7370, 0x7390, 0x8433, 0x8c95, 0x8c95,
  0x8c75, 0x8c95, 0x6b4f, 0x736f, 0x8412, 0x9cb4, 0xad36, 0xb597, 0xb577, 0xbdb7, 0xce38, 0xbdd7, 0xce38, 0xd69a, 0x0000, 0x0000,
  0x0000, 0x0000, 0x0000, 0x0000, 0x0000, 0x0000, 0x0000, 0x0000, 0x0000, 0x0000, 0x0000, 0x0000, 0x0000, 0x0000, 0x0000, 0x0000,
  0x0000, 0x0000, 0x0000, 0x0000, 0x5b0e, 0x94d7, 0x73d3, 0x6b71, 0x6b91, 0x6330, 0x6350, 0x5b51, 0x0000, 0x0000, 0x0000, 0x0000,
  0x8c74, 0x8c53, 0x7bf1, 0x7bd0, 0x8c72, 0xb576, 0x62ec, 0x6b2d, 0x7b8f, 0x8c52, 0xb597, 0x0000, 0x0000, 0x0000, 0x0000, 0x0000,
  0x0000, 0x0000, 0x0000, 0x0000, 0x0000, 0x0000, 0x0000, 0x0000, 0x0000, 0x0000, 0x0000, 0x0000, 0x0000, 0x0000, 0x0000, 0x0000,
  0x0000, 0x0000, 0x0000, 0x0000, 0x0000, 0x0000, 0x0000, 0x0000, 0x0000, 0x0000, 0x0000, 0x0000, 0x0000, 0x0000, 0x0000, 0x0000,
  0x0000, 0x0000, 0x0000, 0x0000, 0x0000, 0x0000, 0x0000, 0x0000, 0x0000, 0x0000, 0x0000, 0x0000, 0x0000, 0x0000, 0x0000, 0x0000,
  0x0000, 0x0000, 0x0000, 0x0000, 0xb596, 0xce59, 0xce38, 0xc5f8, 0xbdb6, 0xb575, 0xad14, 0xa4d3, 0x9c91, 0x8c10, 0x5aaa, 0x6b2d,
  0x736e, 0x736e, 0x738e, 0x738f, 0x738f, 0x7baf, 0x7baf, 0x7bb0, 0x7bb0, 0x7bd0, 0x7bb0, 0x7bd1, 0x7bd1, 0x7bd1, 0x7bd1, 0x7bd1,
  0x7bd1, 0x73b1, 0x73b1, 0x73b1, 0x7390, 0x7390, 0x7390, 0x7370, 0x7370, 0x736f, 0x6b70, 0x6b6f, 0x6b4f, 0x73b0, 0x7bb0, 0x8c53,
  0x9cb4, 0x9cb4, 0xa515, 0xad36, 0xb597, 0xc619, 0xb555, 0xc5f7, 0xce18, 0xd69a, 0x0020, 0x0000, 0x0000, 0x0000, 0x0000, 0x0000,
  0x0000, 0x0000, 0x0000, 0x0000, 0x0000, 0x0000, 0x0000, 0x0000, 0x0000, 0x0000, 0x0000, 0x0000, 0x0000, 0x0000, 0x0000, 0x0000,
  0x5b0e, 0x8cb7, 0x7bf4, 0x6b92, 0x6351, 0x6330, 0x7417, 0x0000, 0x0000, 0x0000, 0x0000, 0x0000, 0x6b70, 0x8c73, 0x7bf1, 0x7bd0,
  0x8c52, 0x9cf4, 0x62ec, 0x6b2d, 0x738f, 0x8c52, 0xa535, 0x0000, 0x0000, 0x0000, 0x0000, 0x0000, 0x0000, 0x0000, 0x0000, 0x0000,
  0x0000, 0x0000, 0x0000, 0x0000, 0x0000, 0x0000, 0x0000, 0x0000, 0x0000, 0x0000, 0x0000, 0x0000, 0x0000, 0x0000, 0x0000, 0x0000,
  0x0000, 0x0000, 0x0000, 0x0000, 0x0000, 0x0000, 0x0000, 0x0000, 0x0000, 0x0000, 0x0000, 0x0000, 0x0000, 0x0000, 0x0000, 0x0000,
  0x0000, 0x0000, 0x0000, 0x0000, 0x0000, 0x0000, 0x0000, 0x0000, 0x0000, 0x0000, 0x0000, 0x0000, 0x0000, 0x0000, 0x0000, 0x8c51,
  0xd67a, 0xce39, 0xc5f8, 0xbdb7, 0xb576, 0xb555, 0xad14, 0x9cb2, 0x9471, 0x8c30, 0x83ef, 0x6b0c, 0x4a08, 0x62cb, 0x6b2d, 0x6b4e,
  0x736e, 0x738f, 0x738f, 0x7baf, 0x7bb0, 0x7bb0, 0x7bb0, 0x7bb0, 0x7bd0, 0x7bd1, 0x7bd1, 0x7bd1, 0x7bd1, 0x7bb1, 0x73b1, 0x73b1,
  0x73b1, 0x7390, 0x7390, 0x7390, 0x7390, 0x7390, 0x7390, 0x7390, 0x7390, 0x7390, 0x7bf1, 0x9c93, 0x9cd4, 0xa4f5, 0xa4d4, 0xa4f5,
  0xb576, 0xb576, 0xb576, 0xb597, 0xc5f7, 0xd69a, 0x2965, 0x0000, 0x0000, 0x0000, 0x0000, 0x0000, 0x0000, 0x0000, 0x0000, 0x0000,
  0x0000, 0x0000, 0x0000, 0x0000, 0x0000, 0x0000, 0x0000, 0x0000, 0x0000, 0x0000, 0x0000, 0x0000, 0x18e4, 0x8c97, 0x7415, 0x6bd4,
  0x6bb3, 0x7c99, 0x0000, 0x0000, 0x0000, 0x0000, 0x0000, 0x0000, 0x94b5, 0x8c54, 0x73b1, 0x73b0, 0x7bf1, 0x9cd5, 0x62ed, 0x6b2e,
  0x738f, 0x8432, 0x630d, 0x0000, 0x0000, 0x0000, 0x0000, 0x0000, 0x0000, 0x0000, 0x0000, 0x0000, 0x0000, 0x0000, 0x0000, 0x0000,
  0x0000, 0x0000, 0x0000, 0x0000, 0x0000, 0x0000, 0x0000, 0x0000, 0x0000, 0x0000, 0x0000, 0x0000, 0x0000, 0x0000, 0x0000, 0x0000,
  0x0000, 0x0000, 0x0000, 0x0000, 0x0000, 0x0000, 0x0000, 0x0000, 0x0000, 0x0000, 0x0000, 0x0000, 0x0000, 0x0000, 0x0000, 0x0000,
  0x0000, 0x0000, 0x0000, 0x0000, 0x0000, 0x0000, 0x0000, 0x0000, 0x0000, 0x0000, 0x4208, 0xd69a, 0xc619, 0xad56, 0xb598, 0xad57,
  0x9cd5, 0x8c53, 0x7b8f, 0x9452, 0x9452, 0x8c10, 0x83f0, 0x7baf, 0x734d, 0x5aab, 0x4a08, 0x5a8a, 0x62cb, 0x6b0c, 0x6b4e, 0x736f,
  0x738f, 0x7390, 0x7bb0, 0x7bb0, 0x7bb0, 0x7bd0, 0x7bd0, 0x7bb1, 0x7bd1, 0x7bb1, 0x73b1, 0x73b1, 0x73b1, 0x73b1, 0x7391, 0x7390,
  0x7390, 0x7390, 0x7390, 0x73b0, 0x7bd1, 0x8412, 0x8c32, 0x8c32, 0x9493, 0x9cb4, 0xa515, 0xad36, 0xa515, 0xbd97, 0x8c30, 0xc5d7,
  0xc5d7, 0xd69a, 0x9cf3, 0x0000, 0x0000, 0x0000, 0x0000, 0x0000, 0x0000, 0x0000, 0x0000, 0x0000, 0x0000, 0x0000, 0x0000, 0x0000,
  0x0000, 0x0000, 0x0000, 0x0000, 0x0000, 0x0000, 0x0000, 0x0000, 0x0000, 0x29a8, 0x7c36, 0x7c36, 0x5b50, 0x0000, 0x0000, 0x0000,
  0x0000, 0x0000, 0x0000, 0x0883, 0x94d6, 0x8433, 0x7390, 0x6b70, 0x73d1, 0x8c94, 0x0883, 0x2968, 0x31ea, 0x1085, 0x0020, 0x0000,
  0x0000, 0x0000, 0x0000, 0x0000, 0x0000, 0x0000, 0x0000, 0x0000, 0x0000, 0x0000, 0x0000, 0x0000, 0x0000, 0x0000, 0x0000, 0x0000,
  0x0000, 0x0000, 0x0000, 0x0000, 0x0000, 0x0000, 0x0000, 0x0000, 0x0000, 0x0000, 0x0000, 0x0000, 0x0000, 0x0000, 0x0000, 0x0000,
  0x0000, 0x0000, 0x0000, 0x0000, 0x0000, 0x0000, 0x0000, 0x0000, 0x0000, 0x0000, 0x0000, 0x0000, 0x0000, 0x0000, 0x0000, 0x0000,
  0x0000, 0x0000, 0x0000, 0x0000, 0x0000, 0x18e4, 0xd6bc, 0xd6bc, 0xc65b, 0xb5b8, 0xa516, 0x9494, 0x8c53, 0x8c32, 0x83f1, 0x83d1,
  0x7bb0, 0x736f, 0x8c10, 0x83cf, 0x7b8f, 0x734e, 0x6b0c, 0x5aab, 0x526a, 0x5a8a, 0x62ec, 0x630c, 0x6b2e, 0x736e, 0x738f, 0x7390,
  0x73b0, 0x73b0, 0x7bb0, 0x7bb1, 0x73d1, 0x7bb1, 0x73b1, 0x73b1, 0x73b1, 0x73b1, 0x73b1, 0x73b1, 0x73b1, 0x73b1, 0x7bb1, 0x7bd1,
  0x83f2, 0x8412, 0x8c12, 0x9453, 0x9453, 0x9494, 0x9cb4, 0xa4f5, 0xa4f5, 0xad36, 0x6b2d, 0xb555, 0xc5d7, 0xd659, 0xd69a, 0x0000,
  0x0000, 0x0000, 0x0000, 0x0000, 0x0000, 0x0000, 0x0000, 0x0000, 0x0000, 0x0000, 0x0000, 0x0000, 0x0000, 0x0000, 0x0000, 0x0000,
  0x0000, 0x0000, 0x0000, 0x0000, 0x0000, 0x0000, 0x0000, 0x0000, 0x0000, 0x0000, 0x0000, 0x0000, 0x0000, 0x0000, 0x0000, 0x0884,
  0x6b90, 0x7c34, 0x6b91, 0x6350, 0x7390, 0x8c74, 0x8456, 0x73b4, 0x7c36, 0x31ca, 0x0000, 0x0000, 0x0000, 0x0000, 0x0000, 0x0000,
  0x0000, 0x0000, 0x0000, 0x0000, 0x0000, 0x0000, 0x0000, 0x0000, 0x0000, 0x0000, 0x0000, 0x0000, 0x0000, 0x0000, 0x0000, 0x0000,
  0x0000, 0x0000, 0x0000, 0x0000, 0x0000, 0x0000, 0x0000, 0x0000, 0x0000, 0x0000, 0x0000, 0x0000, 0x0000, 0x0000, 0x0000, 0x0000,
  0x0000, 0x0000, 0x0000, 0x0000, 0x0000, 0x0000, 0x0000, 0x0000, 0x0000, 0x0000, 0x0000, 0x0000, 0x0000, 0x0000, 0x0000, 0x0000,
  0x1082, 0xe75e, 0xc61a, 0xa557, 0xad77, 0xad78, 0xa516, 0x9cb5, 0x8c53, 0x83f1, 0x7bb0, 0x7bb0, 0x7390, 0x736f, 0x736f, 0x738e,
  0x83cf, 0x7b8f, 0x736e, 0x6b4d, 0x6b2d, 0x6b0d, 0x630d, 0x6b0d, 0x6b2e, 0x6b4e, 0x736f, 0x736f, 0x7390, 0x7390, 0x73b0, 0x73b1,
  0x7bb1, 0x7bb1, 0x7bb1, 0x7bb1, 0x7bb1, 0x7bb1, 0x7bb1, 0x7bb1, 0x7bb1, 0x7bd1, 0x7bd1, 0x7bf2, 0x83f2, 0x8412, 0x8c53, 0x9494,
  0x9cb4, 0x9494, 0x9cb4, 0xad36, 0xa515, 0xb576, 0x6b0c, 0xad35, 0xc618, 0xce59, 0xd69a, 0x8c71, 0x0000, 0x0000, 0x0000, 0x0000,
  0x0000, 0x0000, 0x0000, 0x0000, 0x0000, 0x0000, 0x0000, 0x0000, 0x0000, 0x0000, 0x0000, 0x0000, 0x0000, 0x0000, 0x0000, 0x0000,
  0x0000, 0x0000, 0x0000, 0x0000, 0x0000, 0x0000, 0x0000, 0x0000, 0x0000, 0x0000, 0x0000, 0x3a2c, 0x10a3, 0x18a4, 0x4a8d, 0x52ae,
  0x18e6, 0x10a3, 0x2105, 0x3a2a, 0x0021, 0x0000, 0x0000, 0x0000, 0x0000, 0x0000, 0x0000, 0x0000, 0x0000, 0x0000, 0x0000, 0x0000,
  0x0000, 0x0000, 0x0000, 0x0000, 0x0000, 0x0000, 0x0000, 0x0000, 0x0000, 0x0000, 0x0000, 0x0000, 0x0000, 0x0000, 0x0000, 0x0000,
  0x0000, 0x0000, 0x0000, 0x0000, 0x0000, 0x0000, 0x0000, 0x0000, 0x0000, 0x0000, 0x0000, 0x0000, 0x0000, 0x0000, 0x0000, 0x0000,
  0x0000, 0x0000, 0x0000, 0x0000, 0x0000, 0x0000, 0x0000, 0x0000, 0x0000, 0x0000, 0x0000, 0x0861, 0xc63b, 0x94d6, 0x8c94, 0xbe19,
  0xc619, 0xb5b7, 0xad36, 0xa4f5, 0x9494, 0x8c12, 0x83f1, 0x7bb0, 0x7390, 0x736f, 0x736f, 0x736f, 0x6b4e, 0x83f0, 0x83cf, 0x7baf,
  0x738f, 0x736e, 0x736e, 0x736e, 0x738f, 0x738f, 0x738f, 0x736f, 0x738f, 0x7390, 0x73b0, 0x73b0, 0x7bb1, 0x7bb1, 0x7bd1, 0x7bd1,
  0x7bd1, 0x7bd1, 0x7bd1, 0x7bd2, 0x7bd2, 0x7bd2, 0x7bd2, 0x7bf2, 0x8412, 0x8433, 0x8c33, 0x8c33, 0x8c53, 0x9473, 0x9494, 0x9cb4,
  0xa4f5, 0xa4f5, 0x62ec, 0xa4d3, 0xbdb7, 0xce59, 0xd67a, 0xd6ba, 0x2124, 0x0000, 0x0000, 0x0000, 0x0000, 0x0000, 0x0000, 0x0000,
  0x0000, 0x0000, 0x0000, 0x0000, 0x0000, 0x0000, 0x0000, 0x0000, 0x0000, 0x0000, 0x0000, 0x0000, 0x0000, 0x0000, 0x0000, 0x0000,
  0x0000, 0x0000, 0x0000, 0x0000, 0x0000, 0x0000, 0x0000, 0x2987, 0x8497, 0x7c56, 0x5b31, 0x6372, 0x4acf, 0x0000, 0x0000, 0x0000,
  0x0000, 0x0000, 0x0000, 0x0000, 0x0000, 0x0000, 0x0000, 0x0000, 0x0000, 0x0000, 0x0000, 0x0000, 0x0000, 0x0000, 0x0000, 0x0000,
  0x0000, 0x0000, 0x0000, 0x0000, 0x0000, 0x0000, 0x0000, 0x0000, 0x0000, 0x0000, 0x0000, 0x0000, 0x0000, 0x0000, 0x0000, 0x0000,
  0x0000, 0x0000, 0x0000, 0x0000, 0x0000, 0x0000, 0x0000, 0x0000, 0x0000, 0x0000, 0x0000, 0x0000, 0x0000, 0x0000, 0x0000, 0x0000,
  0x0000, 0x0000, 0x0000, 0x0000, 0x0000, 0x0000, 0x0000, 0x94f8, 0x7c13, 0xce9b, 0xc63a, 0xc61a, 0xbdd8, 0xad77, 0xa515, 0x9cd4,
  0x9c93, 0x9473, 0x9472, 0x8411, 0x7bd1, 0x7bb0, 0x7390, 0x7390, 0x7390, 0x7390, 0x8c11, 0x83f0, 0x83d0, 0x7bd0, 0x7bd0, 0x7bb0,
  0x7bb0, 0x7bb0, 0x7bb0, 0x7390, 0x7390, 0x7390, 0x73b0, 0x73b0, 0x73b1, 0x7bb1, 0x7bb1, 0x7bd1, 0x7bd2, 0x7bd2, 0x7bd2, 0x7bd2,
  0x7bf2, 0x7bf2, 0x7bf2, 0x83f2, 0x8412, 0x8413, 0x8c33, 0x8c33, 0x8c53, 0x8c53, 0x9473, 0x9cb4, 0xa4d5, 0xa4f5, 0x5acb, 0x9cb3,
  0xbdb6, 0xce38, 0xd69a, 0xdedb, 0xd69a, 0x0000, 0x0000, 0x0000, 0x0000, 0x0000, 0x0000, 0x0000, 0x0000, 0x0000, 0x0000, 0x0000,
  0x0000, 0x0000, 0x0000, 0x0000, 0x0000, 0x0000, 0x0000, 0x0000, 0x0000, 0x0000, 0x0000, 0x0000, 0x0000, 0x0000, 0x0000, 0x0000,
  0x0000, 0x0000, 0x0000, 0x0000, 0x2987, 0x6bf3, 0x73f4, 0x1905, 0x0000, 0x0000, 0x0000, 0x0000, 0x0000, 0x0000, 0x0000, 0x0000,
  0x0000, 0x0000, 0x0000, 0x0000, 0x0000, 0x0000, 0x0000, 0x0000, 0x0000, 0x0000, 0x0000, 0x0000, 0x0000, 0x0000, 0x0000, 0x0000,
  0x0000, 0x0000, 0x0000, 0x0000, 0x0000, 0x0000, 0x0000, 0x0000, 0x0000, 0x0000, 0x0000, 0x0000, 0x0000, 0x0000, 0x0000, 0x0000,
  0x0000, 0x0000, 0x0000, 0x0000, 0x0000, 0x0000, 0x0000, 0x0000, 0x0000, 0x0000, 0x0000, 0x0000, 0x0000, 0x0000, 0x0000, 0x0000,
  0x0000, 0x0000, 0x7c35, 0x8475, 0xd6bc, 0xc63a, 0x3166, 0x0820, 0x0000, 0x0820, 0x39a7, 0x9cb4, 0x9cb4, 0x9493, 0x9472, 0x9452,
  0x9472, 0x7bb0, 0x7bf1, 0x7bb0, 0x7bd1, 0x7bd1, 0x7bb1, 0x8c51, 0x8c31, 0x8c11, 0x8411, 0x8411, 0x83f1, 0x7bd0, 0x7bd0, 0x7bb0,
  0x73b0, 0x73b0, 0x73b1, 0x73b1, 0x73b1, 0x7bd1, 0x7bd1, 0x7bd2, 0x7bd2, 0x7bd2, 0x7bf2, 0x7bf2, 0x7bf2, 0x7bf2, 0x7bf2, 0x83f3,
  0x8412, 0x8413, 0x8433, 0x8c53, 0x8c73, 0x9494, 0x94b4, 0x94b4, 0x9cd5, 0xa4f5, 0x6b4d, 0xa514, 0xbd96, 0xce18, 0xd679, 0xdedb,
  0xd6bb, 0x4208, 0x0000, 0x0000, 0x0000, 0x0000, 0x0000, 0x0000, 0x0000, 0x0000, 0x0000, 0x0000, 0x0000, 0x0000, 0x0000, 0x0000,
  0x0000, 0x0000, 0x0000, 0x0000, 0x0000, 0x0000, 0x0000, 0x0000, 0x0000, 0x0000, 0x0000, 0x0000, 0x0000, 0x0000, 0x0000, 0x0000,
  0x0000, 0x0000, 0x0000, 0x0000, 0x0000, 0x0000, 0x0000, 0x0000, 0x0000, 0x0000, 0x0000, 0x0000, 0x0000, 0x0000, 0x0000, 0x0000,
  0x0000, 0x0000, 0x0000, 0x0000, 0x0000, 0x0000, 0x0000, 0x0000, 0x0000, 0x0000, 0x0000, 0x0000, 0x0000, 0x0000, 0x0000, 0x0000,
  0x0000, 0x0000, 0x0000, 0x0000, 0x0000, 0x0000, 0x0000, 0x0000, 0x0000, 0x0000, 0x0000, 0x0000, 0x0000, 0x0000, 0x0000, 0x0000,
  0x0000, 0x0000, 0x0000, 0x0000, 0x0000, 0x0000, 0x0000, 0x0000, 0x0000, 0x0000, 0x0000, 0x0000, 0x0000, 0x31ea, 0x7434, 0xd6dc,
  0xce59, 0xb576, 0x9cb3, 0xa4f4, 0xad56, 0xad15, 0xa4f5, 0x630c, 0x0000, 0x2945, 0x9cb4, 0x9472, 0x9472, 0x9473, 0x7bd1, 0x83f2,
  0x83f1, 0x8412, 0x8412, 0x83f1, 0x8c52, 0x8c52, 0x8c32, 0x8c32, 0x8411, 0x8411, 0x7bf1, 0x7bd1, 0x7bd1, 0x7bb1, 0x73b1, 0x73b1,
  0x7bd1, 0x7bd1, 0x7bd2, 0x7bd2, 0x7bd2, 0x7bd2, 0x7bf2, 0x7bf2, 0x7bf2, 0x7bf3, 0x7bf3, 0x8413, 0x8413, 0x8413, 0x8433, 0x8c33,
  0x8c53, 0x8c53, 0x9474, 0x9494, 0x9cb4, 0xa4d4, 0x8411, 0xa514, 0xbdb7, 0xce18, 0xce59, 0xd6bb, 0xd6db, 0xa515, 0x0000, 0x0000,
  0x0000, 0x0000, 0x0000, 0x0000, 0x0000, 0x0000, 0x0000, 0x0000, 0x0000, 0x0000, 0x0000, 0x0000, 0x0000, 0x0000, 0x0000, 0x0000,
  0x0000, 0x0000, 0x0000, 0x0000, 0x0000, 0x0000, 0x0000, 0x0000, 0x0000, 0x0000, 0x0000, 0x0000, 0x0000, 0x0000, 0x0000, 0x0000,
  0x0000, 0x0000, 0x0000, 0x0000, 0x0000, 0x0000, 0x0000, 0x0000, 0x0000, 0x0000, 0x0000, 0x0000, 0x0000, 0x0000, 0x0000, 0x0000,
  0x0000, 0x0000, 0x0000, 0x0000, 0x0000, 0x0000, 0x0000, 0x0000, 0x0000, 0x0000, 0x0000, 0x0000, 0x0000, 0x0000, 0x0000, 0x0000,
  0x0000, 0x0000, 0x0000, 0x0000, 0x0000, 0x0000, 0x0000, 0x0000, 0x0000, 0x0000, 0x0000, 0x0000, 0x0000, 0x0000, 0x0000, 0x0000,
  0x0000, 0x0000, 0x0000, 0x0000, 0x0000, 0x0000, 0x0000, 0x0000, 0x0000, 0x7c55, 0xc618, 0xb598, 0xce7c, 0xc65b, 0xbe19, 0xb5b8,
  0x736e, 0x0820, 0x0841, 0x8411, 0x9c73, 0x736e, 0x0000, 0x4a09, 0x9c93, 0x9473, 0x9cb3, 0x7bd1, 0x8413, 0x8412, 0x8433, 0x8c53,
  0x9473, 0x9473, 0x8c53, 0x8c52, 0x8c32, 0x8412, 0x8412, 0x7bf1, 0x7bf1, 0x7bd1, 0x7bd1, 0x7bd2, 0x7bd2, 0x7bd2, 0x7bd2, 0x7bd2,
  0x7bf2, 0x7bf2, 0x7bf2, 0x7bf2, 0x7bf3, 0x7bf3, 0x7bf3, 0x8413, 0x8413, 0x8433, 0x8433, 0x8c53, 0x8c74, 0x9474, 0x9474, 0x9494,
  0x9cb4, 0x9cb4, 0x9472, 0xad35, 0xbdb7, 0xc618, 0xdedb, 0xd6bb, 0xd6bb, 0xa514, 0x0000, 0x0000, 0x0000, 0x0000, 0x0000, 0x3983,
  0x9b64, 0xc443, 0xbc03, 0x72a4, 0x0840, 0x0000, 0x0000, 0x0000, 0x0000, 0x0000, 0x0000, 0x0000, 0x0000, 0x0000, 0x0000, 0x0000,
  0x0000, 0x0000, 0x0000, 0x0000, 0x0000, 0x0000, 0x0000, 0x0000, 0x0000, 0x0000, 0x0000, 0x0000, 0x0000, 0x0000, 0x0000, 0x0000,
  0x0000, 0x0000, 0x0000, 0x0000, 0x0000, 0x0000, 0x0000, 0x0000, 0x0000, 0x0000, 0x0000, 0x0000, 0x0000, 0x0000, 0x0000, 0x0000,
  0x0000, 0x0000, 0x0000, 0x0000, 0x0000, 0x0000, 0x0000, 0x0000, 0x0000, 0x0000, 0x0000, 0x0000, 0x0000, 0x0000, 0x0000, 0x0000,
  0x0000, 0x0000, 0x0000, 0x0000, 0x0000, 0x0000, 0x0000, 0x0000, 0x0000, 0x0000, 0x0000, 0x0000, 0x0000, 0x0000, 0x0000, 0x0000,
  0x0000, 0x0000, 0x0000, 0x0000, 0x5b0d, 0xef7e, 0x5aab, 0x1084, 0x20e5, 0x2106, 0x20e5, 0x18c4, 0x39c8, 0xad57, 0xad36, 0x2104,
  0x0000, 0x9472, 0x9cb4, 0x0841, 0x0861, 0xa4d4, 0x9cb4, 0x9cd4, 0x7bd2, 0x8c53, 0x8c53, 0x8c74, 0x8c74, 0x9493, 0x9473, 0x9473,
  0x8c53, 0x8c33, 0x8412, 0x8412, 0x83f2, 0x7bf2, 0x7bd2, 0x7bd2, 0x7bd2, 0x7bf2, 0x7bf2, 0x7bf2, 0x7bf3, 0x7bf3, 0x7bf3, 0x7bf3,
  0x7bf3, 0x7c13, 0x8413, 0x8413, 0x8413, 0x8433, 0x8433, 0x8c33, 0x8c53, 0x8c74, 0x8c74, 0x9494, 0x9494, 0x83d0, 0x9cd4, 0xad35,
  0xb596, 0xce39, 0xd69a, 0xd6bb, 0xd6bb, 0xe73d, 0xe75d, 0xe73c, 0xce9a, 0xdf1c, 0xf7be, 0xe77f, 0xef7e, 0xef5d, 0xef7d, 0xf79e,
  0xf651, 0xf4e2, 0x3962, 0x0000, 0x0000, 0x0000, 0x0000, 0x0000, 0x0000, 0x0000, 0x0000, 0x0000, 0x0000, 0x0000, 0x0000, 0x0000,
  0x0000, 0x0000, 0x0000, 0x0000, 0x0000, 0x0000, 0x0000, 0x0000, 0x0000, 0x0000, 0x0000, 0x0000, 0x0000, 0x0000, 0x0000, 0x0000,
  0x0000, 0x0000, 0x0000, 0x0000, 0x0000, 0x0000, 0x0000, 0x0000, 0x0000, 0x0000, 0x0000, 0x0000, 0x0000, 0x0000, 0x0000, 0x0000,
  0x0000, 0x0000, 0x0000, 0x0000, 0x0000, 0x0000, 0x0000, 0x0000, 0x0000, 0x0000, 0x0000, 0x0000, 0x0000, 0x0000, 0x0000, 0x0000,
  0x0000, 0x0000, 0x0000, 0x0000, 0x0000, 0x0000, 0x0000, 0x0000, 0x0000, 0x0000, 0x0000, 0x0000, 0x0000, 0x0000, 0x0000, 0x2104,
  0xd6bb, 0xc619, 0xe73c, 0xe71c, 0xd6bb, 0xad76, 0x5acc, 0x18a4, 0x18c4, 0x18a3, 0x1062, 0xa536, 0xa515, 0x0000, 0x3186, 0x9cb4,
  0x18c3, 0x0862, 0xa515, 0xa4d4, 0xa4f5, 0x7bf3, 0x8c74, 0x8c94, 0x8c95, 0x9494, 0x9494, 0x9473, 0x9473, 0x8c53, 0x8c33, 0x8433,
  0x8412, 0x8412, 0x7bf2, 0x7bf2, 0x7bf3, 0x7bf3, 0x7bf3, 0x7bf3, 0x7bf3, 0x7bf3, 0x7bf3, 0x7bf3, 0x8413, 0x8413, 0x8413, 0x8413,
  0x8413, 0x8433, 0x8c33, 0x8c53, 0x8c53, 0x8c53, 0x8c54, 0x8c53, 0x9474, 0x7b8f, 0xa516, 0xad35, 0xbdb7, 0xd69a, 0xd69b, 0xd6bb,
  0xd6bb, 0xa515, 0xef5d, 0xe73c, 0xe73d, 0xe75d, 0xe73d, 0xef7e, 0xef9e, 0xef7e, 0xe73c, 0xe73d, 0xef5d, 0xef7d, 0xf652, 0xc404,
  0x0000, 0x0000, 0x0000, 0x0000, 0x0000, 0x0000, 0x0000, 0x0000, 0x0000, 0x0000, 0x0000, 0x0000, 0x0000, 0x0000, 0x0000, 0x0000,
  0x0000, 0x0000, 0x0000, 0x0000, 0x0000, 0x0000, 0x0000, 0x0000, 0x0000, 0x0000, 0x0000, 0x0000, 0x0000, 0x0000, 0x0000, 0x0000,
  0x0000, 0x0000, 0x0000, 0x0000, 0x0000, 0x0000, 0x0000, 0x0000, 0x0000, 0x0000, 0x0000, 0x0000, 0x0000, 0x0000, 0x0000, 0x0000,
  0x0000, 0x0000, 0x0000, 0x0000, 0x0000, 0x0000, 0x0000, 0x0000, 0x0000, 0x0000, 0x0000, 0x0000, 0x0000, 0x0000, 0x0000, 0x0000,
  0x0000, 0x0000, 0x0000, 0x0000, 0x0000, 0x0000, 0x0000, 0x0000, 0x0000, 0x0000, 0xc659, 0xdefd, 0xdedc, 0xdedb, 0xdedb, 0xdedb,
  0xdeba, 0xd6ba, 0xd6ba, 0xdeba, 0xdeba, 0x4a29, 0x18c4, 0x1083, 0x20e5, 0xa516, 0x18c3, 0x0821, 0x9cb4, 0x1082, 0x0841, 0xa4f5,
  0xa4f5, 0x7bf2, 0x8434, 0x8c74, 0x8c95, 0x8c74, 0x94b4, 0x9494, 0x9474, 0x8c73, 0x8c53, 0x8c33, 0x8433, 0x8413, 0x8413, 0x8413,
  0x8413, 0x8413, 0x8413, 0x8413, 0x8413, 0x8413, 0x8413, 0x8413, 0x8413, 0x8413, 0x8413, 0x8413, 0x8413, 0x8433, 0x8433, 0x8c33,
  0x8c53, 0x8c53, 0x8c33, 0x8c54, 0x7bd1, 0x8412, 0xad36, 0xacf4, 0xc5f8, 0xc63a, 0xd69b, 0xd69b, 0xb5b7, 0xef5d, 0xdedb, 0xef3c,
  0xe71c, 0xe71c, 0xe73c, 0xe73d, 0xe73d, 0xef5d, 0xe73d, 0xe75d, 0xe71c, 0xe73c, 0xef5d, 0xf77c, 0xdc64, 0x0000, 0x0000, 0x0000,
  0x0000, 0x0000, 0x0000, 0x0000, 0x0000, 0x0000, 0x0000, 0x0000, 0x0000, 0x0000, 0x0000, 0x0000, 0x0000, 0x0000, 0x0000, 0x0000,
  0x0000, 0x0000, 0x0000, 0x0000, 0x0000, 0x0000, 0x0000, 0x0000, 0x0000, 0x0000, 0x0000, 0x0000, 0x0000, 0x0000, 0x0000, 0x0000,
  0x0000, 0x0000, 0x0000, 0x0000, 0x0000, 0x0000, 0x0000, 0x0000, 0x0000, 0x0000, 0x0000, 0x0000, 0x0000, 0x0000, 0x0000, 0x0000,
  0x0000, 0x0000, 0x0000, 0x0000, 0x0000, 0x0000, 0x0000, 0x0000, 0x0000, 0x0000, 0x0000, 0x0000, 0x0000, 0x0000, 0x0000, 0x0000,
  0x0000, 0x0000, 0x0000, 0x0000, 0x4a49, 0xdf1d, 0xd6db, 0xd6bb, 0xd6ba, 0xd6ba, 0xd69a, 0xd69a, 0xd69a, 0xd69a, 0xd69a, 0xd69a,
  0xd69a, 0xd69a, 0xd69a, 0x2925, 0x18c4, 0x0842, 0xad37, 0x18e4, 0x10a3, 0x9cb4, 0x0862, 0x4a4a, 0xa4f5, 0xa4f5, 0x7bf3, 0x8c75,
  0x94b5, 0x94b6, 0x94b5, 0x94b4, 0x9494, 0x8c74, 0x8c74, 0x8c54, 0x8c54, 0x8434, 0x8434, 0x8434, 0x8434, 0x8434, 0x8434, 0x8434,
  0x8434, 0x8434, 0x8434, 0x8434, 0x8434, 0x8433, 0x8434, 0x8434, 0x8433, 0x8433, 0x8433, 0x8433, 0x8433, 0x8413, 0x8433, 0x8c53,
  0x736f, 0x9474, 0xad16, 0xb555, 0xb5b8, 0xc63a, 0xce7a, 0xd6bb, 0x1082, 0xef9e, 0xd6bc, 0xef3c, 0xe71c, 0xe71b, 0xe71b, 0xe71b,
  0xe73c, 0xe73d, 0xdefc, 0xe73d, 0xe73d, 0xe73c, 0xe73c, 0xef5d, 0xf73a, 0xa384, 0x0000, 0x0000, 0x0000, 0x0000, 0x0000, 0x0000,
  0x0000, 0x0000, 0x0000, 0x0000, 0x0000, 0x0000, 0x0000, 0x0000, 0x0000, 0x0000, 0x0000, 0x0000, 0x0000, 0x0000, 0x0000, 0x0000,
  0x0000, 0x0000, 0x0000, 0x0000, 0x0000, 0x0000, 0x0000, 0x0000, 0x0000, 0x0000, 0x0000, 0x0000, 0x0000, 0x0000, 0x0000, 0x0000,
  0x0000, 0x0000, 0x0000, 0x0000, 0x0000, 0x0000, 0x0000, 0x0000, 0x0000, 0x0000, 0x0000, 0x0000, 0x0000, 0x0000, 0x0000, 0x0000,
  0x0000, 0x0000, 0x0000, 0x0000, 0x0000, 0x0000, 0x0000, 0x0000, 0x0000, 0x0000, 0x0000, 0x0000, 0x0000, 0x0000, 0x0000, 0x73cf,
  0xdefd, 0xd69b, 0xd69a, 0xd69a, 0xd6ba, 0xd6ba, 0xd6ba, 0xd69a, 0xd679, 0xd679, 0xd679, 0xd659, 0xce59, 0xce59, 0xce59, 0xce39,
  0x3187, 0x18c4, 0x0842, 0xa516, 0x0842, 0x5aac, 0x8c53, 0x0841, 0xad57, 0xa4f5, 0x73b3, 0x8c55, 0x94b5, 0x94b6, 0x94b5, 0x9495,
  0x9495, 0x8c74, 0x8c74, 0x8c74, 0x8c75, 0x8c75, 0x8c75, 0x8c75, 0x8c75, 0x8c75, 0x8c75, 0x8c74, 0x8c54, 0x8c54, 0x8c54, 0x8454,
  0x8454, 0x8434, 0x8434, 0x8434, 0x8434, 0x8434, 0x8434, 0x8433, 0x8413, 0x8413, 0x8c54, 0x7b90, 0x7bd1, 0x9cb4, 0x9cd4, 0xb5b8,
  0xbdf9, 0xc619, 0xce5a, 0xdefc, 0x0862, 0xef5d, 0xdf1c, 0xe71c, 0xe71b, 0xe71b, 0xe6fb, 0xe6fb, 0xe71b, 0xe71c, 0xe73c, 0xce7a,
  0xdedc, 0xe71c, 0xdefc, 0xe73c, 0xef5d, 0xedad, 0x18a0, 0x0000, 0x0000, 0x0000, 0x0000, 0x0000, 0x0000, 0x0000, 0x0000, 0x0000,
  0x0000, 0x0000, 0x0000, 0x0000, 0x0000, 0x0000, 0x0000, 0x0000, 0x0000, 0x0000, 0x0000, 0x0000, 0x0000, 0x0000, 0x0000, 0x0000,
  0x0000, 0x0000, 0x0000, 0x0000, 0x0000, 0x0000, 0x0000, 0x0000, 0x0000, 0x0000, 0x0000, 0x0000, 0x0000, 0x0000, 0x0000, 0x0000,
  0x0000, 0x0000, 0x0000, 0x0000, 0x0000, 0x0000, 0x0000, 0x0000, 0x0000, 0x0000, 0x0000, 0x0000, 0x0000, 0x0000, 0x0000, 0x0000,
  0x0000, 0x0000, 0x0000, 0x0000, 0x0000, 0x0000, 0x0000, 0x0000, 0x0000, 0x0000, 0x528a, 0xdefd, 0xce7a, 0xd69a, 0xdedb, 0xdedb,
  0xdedb, 0xdedb, 0xdebb, 0xd69a, 0xd659, 0xce39, 0xce39, 0xce38, 0xce39, 0xce39, 0x94b3, 0xbdd8, 0xbdf9, 0x2945, 0x10a3, 0x1083,
  0xa536, 0x0021, 0x9cd6, 0x1083, 0x5acc, 0xa4f5, 0x8413, 0x8434, 0x94b6, 0x94b6, 0x94b5, 0x9495, 0x9495, 0x9495, 0x9495, 0x9496,
  0x94b6, 0x94b6, 0x94d6, 0x94d6, 0x94d6, 0x94b6, 0x94b6, 0x94b6, 0x9495, 0x8c95, 0x8c75, 0x8c75, 0x8c54, 0x8c54, 0x8c54, 0x8c54,
  0x8434, 0x8454, 0x8434, 0x8413, 0x8433, 0x8c54, 0x83f2, 0x738f, 0x8c32, 0x9473, 0xad77, 0xb598, 0xb5b8, 0xbdf9, 0xce5a, 0x18c3,
  0x2986, 0xad35, 0xe71c, 0xce79, 0xe6fb, 0xe6fb, 0xe6fb, 0xe6fb, 0xe6fb, 0xe6fb, 0xe71c, 0xe73c, 0xe75d, 0xdefc, 0xdefc, 0xdefb,
  0xe73d, 0xef7e, 0xeca4, 0x0000, 0x0000, 0x0000, 0x0000, 0x0000, 0x0000, 0x0000, 0x0000, 0x0000, 0x0000, 0x0000, 0x0000, 0x0000,
  0x0000, 0x0000, 0x0000, 0x0000, 0x0000, 0x0000, 0x0000, 0x0000, 0x0000, 0x0000, 0x0000, 0x0000, 0x0000, 0x0000, 0x0000, 0x0000,
  0x0000, 0x0000, 0x0000, 0x0000, 0x0000, 0x0000, 0x0000, 0x0000, 0x0000, 0x0000, 0x0000, 0x0000, 0x0000, 0x0000, 0x0000, 0x0000,
  0x0000, 0x0000, 0x0000, 0x0000, 0x0000, 0x0000, 0x0000, 0x0000, 0x0000, 0x0000, 0x0000, 0x0000, 0x0000, 0x0000, 0x0000, 0x0000,
  0x0000, 0x0000, 0x0000, 0x0000, 0x0000, 0x1082, 0xdf1e, 0xc63a, 0xce5a, 0xd6bb, 0xd6ba, 0xd69a, 0xd69a, 0xce59, 0xce39, 0xce38,
  0xce18, 0xc618, 0xc618, 0xc618, 0xc618, 0xc618, 0xce18, 0xad56, 0xce59, 0xad56, 0x2125, 0x1062, 0x9493, 0x4209, 0x2105, 0x7bf2,
  0x0842, 0xa4f5, 0x8c54, 0x7c14, 0x8cb6, 0x94b7, 0x94b6, 0x94b6, 0x94b6, 0x94b7, 0x9cf7, 0x9d18, 0x9d18, 0xa518, 0xa538, 0xa538,
  0xa518, 0x9d18, 0x9d17, 0x9cf7, 0x9cd7, 0x94d6, 0x94b6, 0x94b5, 0x8c95, 0x8c75, 0x8c75, 0x8c54, 0x8c54, 0x8434, 0x8434, 0x8c54,
  0x8c54, 0x83f2, 0x7bb0, 0x7bb0, 0x8c73, 0xa537, 0xa557, 0xad77, 0xb598, 0xbdd9, 0xbdfa, 0x0042, 0xbdb7, 0x10a3, 0xe73d, 0xbdd7,
  0xe6fb, 0xe6fb, 0xe6fb, 0xe6fb, 0xe6da, 0xe6fb, 0xe6fb, 0xe71c, 0xdefc, 0xce5a, 0xd6bb, 0xdedb, 0xdefb, 0xe73d, 0xeed7, 0x18c2,
  0x0000, 0x0000, 0x0000, 0x0000, 0x0000, 0x0000, 0x0000, 0x0000, 0x0000, 0x0000, 0x0000, 0x0000, 0x0000, 0x0000, 0x0000, 0x0000,
  0x0000, 0x0000, 0x0000, 0x0000, 0x0000, 0x0000, 0x0000, 0x0000, 0x0000, 0x0000, 0x0000, 0x0000, 0x0000, 0x0000, 0x0000, 0x0000,
  0x0000, 0x0000, 0x0000, 0x0000, 0x0000, 0x0000, 0x0000, 0x0000, 0x0000, 0x0000, 0x0000, 0x0000, 0x0000, 0x0000, 0x0000, 0x0000,
  0x0000, 0x0000, 0x0000, 0x0000, 0x0000, 0x0000, 0x0000, 0x0000, 0x0000, 0x0000, 0x0000, 0x0000, 0x0000, 0x0000, 0x0000, 0x0000,
  0x0000, 0xad97, 0xc63a, 0xc619, 0xce7a, 0xb535, 0xa4d3, 0xa4b3, 0xa492, 0xa492, 0x9c92, 0xa492, 0x9c72, 0xa492, 0xa492, 0xa492,
  0xa4b2, 0xa4b2, 0xa4b2, 0x7bae, 0xc639, 0xc619, 0xce7b, 0x10a3, 0x0841, 0x9cf7, 0x0862, 0x94b6, 0x1063, 0x9cf6, 0x8434, 0x7c15,
  0x8c97, 0x94d7, 0x94d7, 0x94d7, 0x94f8, 0x52cd, 0x1904, 0x0841, 0x0020, 0x0020, 0x0861, 0x2145, 0x7bf1, 0xa559, 0xa559, 0xa538,
  0x9d18, 0x9d17, 0x9cf7, 0x9cd6, 0x94b6, 0x9495, 0x8c95, 0x8c75, 0x8c75, 0x8c74, 0x8c54, 0x8434, 0x8412, 0x7bd1, 0x7bb0, 0x83f2,
  0x9cd5, 0x9cf6, 0xa537, 0xa557, 0xb577, 0xa517, 0x4209, 0x1083, 0xdefb, 0x0863, 0xe73c, 0xc5f7, 0xdeda, 0xdeda, 0xdeda, 0xdeda,
  0xdeda, 0xdeda, 0xdefb, 0xdefb, 0xdf1c, 0xe73d, 0xc63a, 0xd6bb, 0xd6bb, 0xe73c, 0xe75d, 0xce59, 0x0000, 0x0000, 0x0000, 0x0000,
  0x0000, 0x0000, 0x0000, 0x0000, 0x0000, 0x0000, 0x0000, 0x0000, 0x0000, 0x0000, 0x0000, 0x0000, 0x0000, 0x0000, 0x0000, 0x0000,
  0x0000, 0x0000, 0x0000, 0x0000, 0x0000, 0x0000, 0x0000, 0x0000, 0x0000, 0x0000, 0x0000, 0x0000, 0x0000, 0x0000, 0x0000, 0x0000,
  0x0000, 0x0000, 0x0000, 0x0000, 0x0000, 0x0000, 0x0000, 0x0000, 0x0000, 0x0000, 0x0000, 0x0000, 0x0000, 0x0000, 0x0000, 0x0000,
  0x0000, 0x0000, 0x0000, 0x0000, 0x0000, 0x0000, 0x0000, 0x0000, 0x0000, 0x0000, 0x0000, 0x0000, 0x0000, 0xd6bc, 0xbdd8, 0xa4b3,
  0xa4b3, 0xbd75, 0xdeda, 0xe6fb, 0xe6db, 0xdeda, 0xdeba, 0xdeba, 0xdeda, 0xdeba, 0xd679, 0xce17, 0xbd95, 0xb534, 0xad13, 0xa4d3,
  0x4a6b, 0xb5b9, 0xc63a, 0x4209, 0x1082, 0x8c95, 0x18e4, 0x8c96, 0x1083, 0x9cf6, 0x73d3, 0x7c15, 0x94b7, 0x94d7, 0x6370, 0x0020,
  0x0000, 0x0000, 0x0000, 0x0000, 0x0000, 0x0000, 0x0000, 0x0000, 0x0000, 0x0000, 0x10a2, 0x94d6, 0xad79, 0xa558, 0x9d38, 0x9cf7,
  0x9cd6, 0x94d6, 0x94b6, 0x8c95, 0x8c75, 0x8c54, 0x8433, 0x8413, 0x7bf2, 0x73b0, 0x8412, 0x8c54, 0x94b5, 0x9cd6, 0x9cf6, 0xa516,
  0xa537, 0xa559, 0x0842, 0x39e8, 0xa514, 0x18c4, 0xbdd7, 0xd69a, 0xdeba, 0xdeda, 0xdeda, 0xdeba, 0xdeba, 0xdeba, 0xdedb, 0xdefb,
  0xdefc, 0xdf1c, 0xb5b8, 0xce7a, 0xd69b, 0xe71c, 0xe73d, 0xef5d, 0x2965, 0x0000, 0x0000, 0x0000, 0x0000, 0x0000, 0x0000, 0x0000,
  0x0000, 0x0000, 0x0000, 0x0000, 0x0000, 0x0000, 0x0000, 0x0000, 0x0000, 0x0000, 0x0000, 0x0000, 0x0000, 0x0000, 0x0000, 0x0000,
  0x0000, 0x0000, 0x0000, 0x0000, 0x0000, 0x0000, 0x0000, 0x0000, 0x0000, 0x0000, 0x0000, 0x0000, 0x0000, 0x0000, 0x0000, 0x0000,
  0x0000, 0x0000, 0x0000, 0x0000, 0x0000, 0x0000, 0x0000, 0x0000, 0x0000, 0x0000, 0x0000, 0x0000, 0x0000, 0x0000, 0x0000, 0x0000,
  0x0000, 0x0000, 0x0000, 0x0000, 0x0000, 0x0000, 0x0000, 0x0000, 0x1082, 0xa516, 0xa515, 0xdeba, 0xdeba, 0xdeba, 0xdeba, 0xdeba,
  0xdeba, 0xdeba, 0xdeba, 0xdeba, 0xde99, 0xd699, 0xd679, 0xd658, 0xd658, 0xce38, 0xce38, 0xce17, 0x7bd0, 0x94d5, 0xad57, 0xad77,
  0x1082, 0x18c4, 0x73d3, 0x73b3, 0x1084, 0x9cf7, 0x6bb4, 0x8456, 0x94d9, 0x0021, 0x0000, 0x0000, 0x0000, 0x0000, 0x0000, 0x0000,
  0x0000, 0x0000, 0x0000, 0x0000, 0x0000, 0x0000, 0x0000, 0x0000, 0x52cc, 0xa559, 0xa538, 0x9d17, 0x9cd7, 0x94d6, 0x94b5, 0x8c95,
  0x8c54, 0x8454, 0x8413, 0x7bf2, 0x7370, 0x8434, 0x7c13, 0x8c75, 0x8c95, 0x94b5, 0x9cd6, 0x9cf6, 0x8c97, 0x31a8, 0x1083, 0xc619,
  0x0863, 0xc639, 0x2968, 0xdeba, 0xde9a, 0xdeba, 0xdeba, 0xdeba, 0xdeba, 0xdeba, 0xdeba, 0xdedb, 0xd67a, 0xdefc, 0xbdf8, 0xc619,
  0xce7a, 0xd69b, 0xe73c, 0xe73d, 0xdefc, 0x0000, 0x0000, 0x0000, 0x0000, 0x0000, 0x0000, 0x0000, 0x0000, 0x0000, 0x0000, 0x0000,
  0x0000, 0x0000, 0x0000, 0x0000, 0x0000, 0x0000, 0x0000, 0x0000, 0x0000, 0x0000, 0x0000, 0x0000, 0x0000, 0x0000, 0x0000, 0x0000,
  0x0000, 0x0000, 0x0000, 0x0000, 0x0000, 0x0000, 0x0000, 0x0000, 0x0000, 0x0000, 0x0000, 0x0000, 0x0000, 0x0000, 0x0000, 0x0000,
  0x0000, 0x0000, 0x0000, 0x0000, 0x0000, 0x0000, 0x0000, 0x0000, 0x0000, 0x0000, 0x0000, 0x0000, 0x0000, 0x0000, 0x0000, 0x0000,
  0x0000, 0x0000, 0x0000, 0x0000, 0x2965, 0xdefc, 0xdeba, 0xdeba, 0xdeba, 0xdeba, 0xdeba, 0xdeba, 0xdeba, 0xdeba, 0xdeba, 0xdeba,
  0xde99, 0xd679, 0xd679, 0xd658, 0xce38, 0xce18, 0xcdf7, 0xc617, 0xce17, 0x4a8c, 0xad57, 0x9cf5, 0x632e, 0x1062, 0x8cb7, 0x6b91,
  0x10a4, 0x7bf4, 0x7bf5, 0x94d9, 0x0000, 0x0000, 0x0000, 0x0000, 0x0000, 0x0000, 0x0000, 0x0000, 0x0000, 0x0000, 0x0000, 0x0000,
  0x0000, 0x0000, 0x0000, 0x0000, 0x0000, 0x94f8, 0xa558, 0x9d18, 0x9cf7, 0x94d6, 0x94b5, 0x8c75, 0x8c54, 0x8434, 0x7390, 0x7bf2,
  0x7391, 0x8414, 0x8414, 0x8434, 0x8c75, 0x8c95, 0x94d6, 0x8456, 0x94f8, 0x0842, 0x528c, 0xad56, 0x0022, 0xce7a, 0x18c7, 0xd679,
  0xd679, 0xdeba, 0xdeba, 0xd69a, 0xd69a, 0xd69a, 0xd6ba, 0xd6bb, 0xd6bb, 0xdefc, 0xdedc, 0xb5b8, 0xce5a, 0xce7a, 0xdf1c, 0xe73d,
  0xe73d, 0x738e, 0x0000, 0x0000, 0x0000, 0x0000, 0x0000, 0x0000, 0x0000, 0x0000, 0x0000, 0x0000, 0x0000, 0x0000, 0x0000, 0x0000,
  0x0000, 0x0000, 0x0000, 0x0000, 0x0000, 0x0000, 0x0000, 0x0000, 0x0000, 0x0000, 0x0000, 0x0000, 0x0000, 0x0000, 0x0000, 0x0000,
  0x0000, 0x0000, 0x0000, 0x0000, 0x0000, 0x0000, 0x0000, 0x0000, 0x0000, 0x0000, 0x0000, 0x0000, 0x0000, 0x0000, 0x0000, 0x0000,
  0x0000, 0x0000, 0x0000, 0x0000, 0x0000, 0x18e3, 0x73af, 0xad75, 0xbdf7, 0xa514, 0x6b6d, 0x18e3, 0x0000, 0x0000, 0x0000, 0x0000,
  0xa514, 0xdeba, 0xd6ba, 0xdeba, 0xdeba, 0xdeba, 0xdeba, 0xdeba, 0xdeba, 0xdeba, 0xdeba, 0xdeba, 0xde99, 0xd699, 0xd679, 0xd679,
  0xd658, 0xce38, 0xce38, 0xce18, 0xc5f8, 0xc617, 0x632f, 0x9cd5, 0xa516, 0x0862, 0x94d9, 0x7c34, 0x8cb7, 0x73d6, 0x7c36, 0x0000,
  0x0000, 0x0000, 0x0000, 0x0000, 0x0000, 0x0000, 0x0000, 0x0000, 0x0000, 0x0000, 0x0000, 0x0000, 0x0000, 0x0000, 0x0000, 0x0000,
  0x0000, 0x0882, 0xa53a, 0x8434, 0x8433, 0x8453, 0x7bf2, 0x6b6f, 0x632f, 0x73b2, 0x73b2, 0x7bf4, 0x7bf4, 0x7c14, 0x7c14, 0x8434,
  0x8455, 0x8c96, 0x8436, 0x8c97, 0x0000, 0x1082, 0xad57, 0x0001, 0x9cd6, 0x736f, 0x8c74, 0xd69a, 0xd679, 0xd699, 0xd69a, 0xd679,
  0xd679, 0xd69a, 0xd69a, 0xd6bb, 0xd6bb, 0xdedc, 0xdefc, 0xb598, 0xc63a, 0xc65a, 0xbdd7, 0xe73d, 0xe73d, 0xe73d, 0x0000, 0x0000,
  0x0000, 0x0000, 0x0000, 0x0000, 0x0000, 0x0000, 0x0000, 0x0000, 0x0000, 0x0000, 0x0000, 0x0000, 0x0000, 0x0000, 0x0000, 0x0000,
  0x0000, 0x0000, 0x0000, 0x0000, 0x0000, 0x0000, 0x0000, 0x0000, 0x0000, 0x0000, 0x0000, 0x0000, 0x0000, 0x0000, 0x0000, 0x0000,
  0x0000, 0x0000, 0x0000, 0x0000, 0x0000, 0x0000, 0x0000, 0x0000, 0x0000, 0x0000, 0x0000, 0x0000, 0x0000, 0x0000, 0x0000, 0x9492,
  0xdf1c, 0xdefc, 0xdefc, 0xe71c, 0xe71c, 0xe71c, 0xe6fc, 0xe6fc, 0xe6fb, 0xce59, 0x3186, 0x10a2, 0xdedb, 0xdeba, 0xdeba, 0xdeba,
  0x8c51, 0x6b2d, 0x738e, 0x6b2c, 0x4a28, 0x738e, 0xe6fb, 0xe6fb, 0xdeba, 0xde99, 0xd679, 0xd679, 0xd659, 0xce58, 0xce38, 0xce18,
  0xc5f7, 0xc5f7, 0xc5d7, 0x8c75, 0x9cd5, 0x0841, 0x9d19, 0xa539, 0x73d7, 0x3a0b, 0x0000, 0x0000, 0x0000, 0x0000, 0x0000, 0x0000,
  0x0000, 0x0000, 0x0000, 0x0000, 0x0000, 0x0000, 0x0000, 0x0000, 0x0000, 0x0000, 0x0000, 0x0000, 0x0000, 0x0000, 0x5aed, 0xa57b,
  0x9cf8, 0x8c76, 0x8435, 0x7c15, 0x7c15, 0x7c15, 0x7bf4, 0x7c14, 0x7bf4, 0x7bf4, 0x7c14, 0x8435, 0x8436, 0x7c15, 0x7c36, 0x0021,
  0x0842, 0x8c95, 0x2945, 0x10c4, 0xad79, 0x0885, 0xc61a, 0xd679, 0xce38, 0xd679, 0xd679, 0xd679, 0xd679, 0xd679, 0xd69a, 0xd6bb,
  0xd69b, 0xd6db, 0xd6dc, 0xad78, 0xbdfa, 0xc63a, 0xdefb, 0xc618, 0xe73d, 0xe73d, 0xce59, 0x0000, 0x0000, 0x0000, 0x0000, 0x0000,
  0x0000, 0x0000, 0x0000, 0x0000, 0x0000, 0x0000, 0x0000, 0x0000, 0x0000, 0x0000, 0x0000, 0x0000, 0x0000, 0x0000, 0x0000, 0x0000,
  0x0000, 0x0000, 0x0000, 0x0000, 0x0000, 0x0000, 0x0000, 0x0000, 0x0000, 0x0000, 0x0000, 0x0000, 0x0000, 0x0000, 0x0000, 0x0000,
  0x0000, 0x0000, 0x0000, 0x0000, 0x0000, 0x0000, 0x0000, 0x0000, 0x0000, 0x18c3, 0xdefc, 0xdedb, 0xdedb, 0xdedb, 0xdefb, 0xdedb,
  0xdefb, 0xdefb, 0xe6fb, 0xe71c, 0xe6fb, 0xe6fb, 0xdefb, 0xdefb, 0xdedb, 0xbdb6, 0xd6bb, 0xe6fc, 0xdefb, 0xdedb, 0xdedb, 0xdedb,
  0xdedb, 0xdedb, 0xe73c, 0xb596, 0x4208, 0xe71b, 0xdeba, 0xd679, 0xd679, 0xd659, 0xce38, 0xce18, 0xc5f7, 0xc5f7, 0xc5d7, 0x5acd,
  0x94b5, 0x3188, 0x6bb3, 0x52f1, 0x0000, 0x0000, 0x0000, 0x0000, 0x0000, 0x0000, 0x0000, 0x0000, 0x0000, 0x0000, 0x0000, 0x0000,
  0x0000, 0x0000, 0x0000, 0x0000, 0x0000, 0x0000, 0x0000, 0x0000, 0x0000, 0x0000, 0x0000, 0x52ed, 0xa57b, 0x9cf9, 0x8cb8, 0x8c77,
  0x8456, 0x8435, 0x7c15, 0x7c15, 0x7c14, 0x7c15, 0x8476, 0x7c36, 0x7c15, 0x8436, 0x0000, 0x0841, 0x7c14, 0x7390, 0x0000, 0x8c96,
  0x3188, 0x8413, 0xc619, 0xce38, 0xce18, 0xd659, 0xd679, 0xce59, 0xd6ba, 0xce39, 0xce7a, 0xd69b, 0xd69b, 0xd69b, 0xce7b, 0xa516,
  0xbdfa, 0xbe1a, 0xdedb, 0xe71c, 0xe73d, 0xe73c, 0xe73c, 0x2104, 0x0000, 0x0000, 0x0000, 0x0000, 0x0000, 0x0000, 0x0000, 0x0000,
  0x0000, 0x0000, 0x0000, 0x0000, 0x0000, 0x0000, 0x0000, 0x0000, 0x0000, 0x0000, 0x0000, 0x0000, 0x0000, 0x0000, 0x0000, 0x0000,
  0x0000, 0x0000, 0x0000, 0x0000, 0x0000, 0x0000, 0x0000, 0x0000, 0x0000, 0x0000, 0x0000, 0x0000, 0x0000, 0x0000, 0x0000, 0x0000,
  0x0000, 0x0000, 0x0000, 0x0000, 0x4208, 0xdedc, 0xd6bb, 0xdedb, 0xdefb, 0xdefb, 0xdedb, 0xdeba, 0xdeba, 0xdebb, 0xdedb, 0xdedb,
  0xdefb, 0xe6fb, 0xe6fb, 0xdedb, 0xdebb, 0xdedb, 0xdedb, 0xdedb, 0xdedb, 0xdedb, 0xdedb, 0xdedb, 0xdedb, 0xdedb, 0xe71c, 0xef5d,
  0xef7d, 0xdeba, 0x630c, 0xdeba, 0xd679, 0xd659, 0xce59, 0xce38, 0xc618, 0xc5f7, 0xbdd7, 0xbdb7, 0x9495, 0x6b50, 0x2126, 0x0000,
  0x0000, 0x0000, 0x0000, 0x0000, 0x0000, 0x0000, 0x0000, 0x0000, 0x0000, 0x0000, 0x0000, 0x0000, 0x0000, 0x0000, 0x0000, 0x0000,
  0x0000, 0x0000, 0x0000, 0x0000, 0x0000, 0x0000, 0x0000, 0x0000, 0x0861, 0x8cb6, 0x9d19, 0x94b8, 0x8c97, 0x8456, 0x8456, 0x8cb8,
  0x8c97, 0x8457, 0x7c36, 0x7c16, 0x73f4, 0x0000, 0x0842, 0x73d3, 0x8454, 0x0000, 0x8414, 0x94d5, 0x0844, 0xb5b9, 0xc5f8, 0xc5f8,
  0xc5f7, 0xce38, 0xd659, 0xce38, 0xd69a, 0xc619, 0xce7b, 0xce7b, 0xce5b, 0xce5b, 0x8c74, 0xa537, 0xb5da, 0xc61a, 0xd6bb, 0xd6bb,
  0x738e, 0xe71c, 0xe73c, 0xd6bb, 0x0000, 0x0000, 0x0000, 0x0000, 0x0000, 0x0000, 0x0000, 0x0000, 0x0000, 0x0000, 0x0000, 0x0000,
  0x0000, 0x0000, 0x0000, 0x0000, 0x0000, 0x0000, 0x0000, 0x0000, 0x0000, 0x0000, 0x0000, 0x0000, 0x0000, 0x0000, 0x0000, 0x0000,
  0x0000, 0x0000, 0x0000, 0x0000, 0x0000, 0x0000, 0x0000, 0x0000, 0x0000, 0x0000, 0x0000, 0x0000, 0x0000, 0x0000, 0x0000, 0x2124,
  0xd6dc, 0xce7a, 0xdedb, 0xdefb, 0xdefb, 0xd6ba, 0xd67a, 0xd679, 0xd67a, 0xd69a, 0xdedb, 0xe71c, 0xe6fb, 0xdefb, 0xdefb, 0xdefb,
  0xdedb, 0xdeba, 0xdeba, 0xdedb, 0xdedb, 0xdedb, 0xdedb, 0xdedb, 0xdedb, 0xdefb, 0xe73c, 0xef7d, 0xef5d, 0xe73c, 0xe73c, 0x630c,
  0xdefb, 0xd679, 0xce59, 0xce38, 0xc618, 0xc5d7, 0xbdd7, 0xbdb7, 0x8c54, 0x6370, 0x0000, 0x0000, 0x0000, 0x0000, 0x0000, 0x0000,
  0x0000, 0x0000, 0x0000, 0x0000, 0x0000, 0x0000, 0x0000, 0x0000, 0x0000, 0x0000, 0x0000, 0x0000, 0x0000, 0x0000, 0x0000, 0x0000,
  0x0000, 0x0000, 0x0000, 0x0000, 0x0000, 0x0000, 0x6392, 0x7c14, 0xad9b, 0x9d1a, 0x94d9, 0x8cb8, 0x8c98, 0x8478, 0x7c36, 0x0021,
  0x0021, 0x2127, 0x7bf4, 0x6b70, 0x0000, 0x73b2, 0xa538, 0x0002, 0xad9a, 0xb577, 0xbdb7, 0xbd97, 0xbdb6, 0xce38, 0xce38, 0xd69a,
  0xc5d7, 0xc619, 0xce5b, 0xce5b, 0xb599, 0xbe1a, 0xa558, 0xad79, 0xb5da, 0xce7a, 0xd67a, 0xd69a, 0xe6fc, 0xe75d, 0xe71c, 0xe73c,
  0x2124, 0x0000, 0x0000, 0x0000, 0x0000, 0x0000, 0x0000, 0x0000, 0x0000, 0x0000, 0x0000, 0x0000, 0x0000, 0x0000, 0x0000, 0x0000,
  0x0000, 0x0000, 0x0000, 0x0000, 0x0000, 0x0000, 0x0000, 0x0000, 0x0000, 0x0000, 0x0000, 0x0000, 0x0000, 0x0000, 0x0000, 0x0000,
  0x0000, 0x0000, 0x0000, 0x0000, 0x0000, 0x0000, 0x0000, 0x0000, 0x0000, 0x0000, 0x0020, 0xdefd, 0xc63a, 0xce7a, 0xdedb, 0xd6bb,
  0xd67a, 0xce39, 0xc618, 0xc618, 0xce39, 0xce39, 0xd67a, 0xdefb, 0xe71c, 0xe6fb, 0xdedb, 0xdedb, 0xdeba, 0xdeba, 0xd69a, 0xdeba,
  0xd69a, 0xdefb, 0xdedb, 0xdedb, 0xdedb, 0xdefb, 0xef3c, 0xef7d, 0xef3c, 0xe71c, 0xdefb, 0xdeba, 0xb575, 0xd679, 0xd679, 0xce39,
  0xc618, 0xc5d8, 0xbdd7, 0xbdb7, 0x7bd3, 0x10c3, 0x0000, 0x0000, 0x0000, 0x0000, 0x0000, 0x0000, 0x0000, 0x0000, 0x0000, 0x0000,
  0x0000, 0x0000, 0x0000, 0x0000, 0x0000, 0x0000, 0x0000, 0x0000, 0x0000, 0x0000, 0x0000, 0x0000, 0x0000, 0x0000, 0x0000, 0x0000,
  0x0000, 0x0000, 0x0000, 0x5b54, 0x6373, 0x0842, 0x0863, 0x0842, 0x0000, 0x0000, 0x0842, 0x2949, 0x6354, 0x8478, 0x18c5, 0x0000,
  0x73d4, 0x9cf7, 0x0002, 0x7c57, 0xa537, 0xad57, 0xb576, 0xb575, 0xc5d7, 0xce18, 0xce38, 0xbdb7, 0xbdf9, 0xc63a, 0xc63a, 0xc63a,
  0xb5da, 0xa579, 0x8455, 0xad79, 0xadba, 0xc63a, 0xce7a, 0xd69a, 0xd6bb, 0x7bef, 0xdf1c, 0xe71c, 0xce7a, 0x0000, 0x0000, 0x0000,
  0x0000, 0x0000, 0x0000, 0x0000, 0x0000, 0x0000, 0x0000, 0x0000, 0x0000, 0x0000, 0x0000, 0x0000, 0x0000, 0x0000, 0x0000, 0x0000,
  0x0000, 0x0000, 0x0000, 0x0000, 0x0000, 0x0000, 0x0000, 0x0000, 0x0000, 0x0000, 0x0000, 0x0000, 0x0000, 0x0000, 0x0000, 0x0000,
  0x0000, 0x0000, 0x0000, 0x0000, 0x0000, 0x0000, 0xb5f8, 0xc63a, 0xbdf9, 0xce3a, 0xce5a, 0xc5f8, 0xbdb7, 0xb597, 0xbdb7, 0xbdb7,
  0xbdd7, 0xc5f8, 0xc618, 0xd679, 0xdefb, 0xdedb, 0xd6ba, 0xd69a, 0xd69a, 0xd69a, 0xd699, 0xd699, 0xe6fb, 0xe6fb, 0xbd96, 0x9430,
  0xce59, 0xe71c, 0xef5d, 0xef5d, 0xe73c, 0xe6fb, 0xdedb, 0xd6ba, 0xd679, 0xa514, 0xd69a, 0xce39, 0xc619, 0xc5d8, 0xbdd7, 0xbdb7,
  0x73d4, 0x0000, 0x0000, 0x0000, 0x0000, 0x0000, 0x0000, 0x0000, 0x0000, 0x0000, 0x0000, 0x0000, 0x0000, 0x0000, 0x0000, 0x0000,
  0x0000, 0x0000, 0x0000, 0x0000, 0x0000, 0x0000, 0x0000, 0x0000, 0x0000, 0x0000, 0x0000, 0x0000, 0x0000, 0x0000, 0x0000, 0x0882,
  0x8c77, 0xad9a, 0x7c17, 0x6b95, 0x6335, 0x6b96, 0x8479, 0x94d9, 0x2947, 0x0000, 0x2968, 0x73d4, 0x94b7, 0x0002, 0x73f5, 0x9cf6,
  0xa4f6, 0xa515, 0xad35, 0xb555, 0xbdb6, 0xb576, 0xbdb8, 0xce5b, 0xbe1a, 0xbe1a, 0xbe1a, 0x9d18, 0xa559, 0x94b7, 0x9d18, 0xad79,
  0xb5b8, 0xc619, 0xc639, 0xce7a, 0xd69a, 0xb596, 0xe71c, 0xdf1c, 0xe71c, 0x0000, 0x0000, 0x0000, 0x0000, 0x0000, 0x0000, 0x0000,
  0x0000, 0x0000, 0x0000, 0x0000, 0x0000, 0x0000, 0x0000, 0x0000, 0x0000, 0x0000, 0x0000, 0x0000, 0x0000, 0x0000, 0x0000, 0x0000,
  0x0000, 0x0000, 0x0000, 0x0000, 0x0000, 0x0000, 0x0000, 0x0000, 0x0000, 0x0000, 0x0000, 0x0000, 0x0000, 0x0000, 0x0000, 0x0000,
  0x0000, 0x0000, 0xd6dd, 0xb5d8, 0xbdd8, 0xbdf8, 0xb577, 0xad56, 0xad56, 0xad56, 0xad56, 0xad56, 0xb556, 0xb576, 0xbdb7, 0xc5f8,
  0xd679, 0xd6ba, 0xd679, 0xd659, 0xd679, 0xd679, 0xd679, 0xd679, 0xdeba, 0xe73c, 0xe6da, 0xe6fb, 0xef3c, 0xdedb, 0xbd74, 0xef5d,
  0xe73c, 0xe6fb, 0xdeba, 0xd69a, 0xd679, 0xce59, 0x5269, 0xce59, 0xc619, 0xbdf8, 0xb5b8, 0xbdb7, 0x6b92, 0x0000, 0x0000, 0x0000,
  0x0000, 0x0000, 0x0000, 0x0000, 0x0000, 0x0000, 0x0000, 0x0000, 0x0000, 0x0000, 0x0000, 0x0000, 0x0000, 0x0000, 0x0000, 0x0000,
  0x0000, 0x0000, 0x0000, 0x0000, 0x0000, 0x0000, 0x0000, 0x0000, 0x0000, 0x0000, 0x0000, 0x0000, 0x2145, 0x94fb, 0x7414, 0x0023,
  0x0003, 0x0001, 0x0000, 0x1083, 0x5b12, 0x73b6, 0x94d8, 0x2125, 0x0002, 0x7c15, 0x9cf6, 0x9cd6, 0xa4f5, 0xad15, 0xad55, 0xb555,
  0xb556, 0xb598, 0xbe1a, 0xbdfa, 0xbdfa, 0xb5da, 0xad79, 0x9d19, 0x8c77, 0x94b7, 0x9d39, 0x9d38, 0xb5b8, 0xbdd8, 0xc619, 0xce39,
  0xce5a, 0xdedb, 0xe71c, 0xdefc, 0xe71c, 0x2965, 0x0000, 0x0000, 0x0000, 0x0000, 0x0000, 0x0000, 0x0000, 0x0000, 0x0000, 0x0000,
  0x0000, 0x0000, 0x0000, 0x0000, 0x0000, 0x0000, 0x0000, 0x0000, 0x0000, 0x0000, 0x0000, 0x0000, 0x0000, 0x0000, 0x0000, 0x0000,
  0x0000, 0x0000, 0x0000, 0x0000, 0x0000, 0x0000, 0x0000, 0x0000, 0x0000, 0x0000, 0x0000, 0x0000, 0x0000, 0x73cf, 0xc63a, 0xb577,
  0xb597, 0xa515, 0xb5b8, 0xbdf9, 0xb577, 0xad57, 0xa557, 0xa4f5, 0x9cb4, 0xa4f5, 0xb556, 0xb576, 0xbdd7, 0xce39, 0xce39, 0xce39,
  0xce39, 0xce59, 0xd659, 0xd659, 0xdedb, 0xdeba, 0xde9a, 0xdeda, 0xe6da, 0xe6da, 0xe6fb, 0xb575, 0xad34, 0xe71b, 0xdeba, 0xd69a,
  0xd679, 0xce59, 0xce39, 0x8c52, 0xc5f8, 0xbdd8, 0xb5b8, 0xb5b7, 0x2125, 0x0000, 0x0000, 0x0000, 0x0000, 0x0000, 0x0000, 0x0000,
  0x0000, 0x0000, 0x0000, 0x0000, 0x0000, 0x0000, 0x0000, 0x0000, 0x0000, 0x0000, 0x0000, 0x0000, 0x0000, 0x0000, 0x0000, 0x0000,
  0x0000, 0x0000, 0x0000, 0x0000, 0x0000, 0x0000, 0x0000, 0x0000, 0x0000, 0x2125, 0x94d9, 0x9cf7, 0x9cf9, 0x9d19, 0x9d3b, 0x9d3a,
  0x73b3, 0x10a4, 0x0001, 0x4a8e, 0x7c13, 0x94b5, 0x94b5, 0x9cb5, 0x9cd4, 0xb555, 0xacf4, 0xb556, 0xb5d9, 0xad99, 0xb5b9, 0xbdda,
  0xadba, 0xa538, 0x94f8, 0x8c97, 0x94b7, 0x9d18, 0x9d19, 0xad57, 0xad77, 0xb597, 0xbdd8, 0xc619, 0xce39, 0xd67a, 0xe71c, 0xdefb,
  0xdefc, 0x9cd3, 0x0000, 0x0000, 0x0000, 0x0000, 0x0000, 0x0000, 0x0000, 0x0000, 0x0000, 0x0000, 0x0000, 0x0000, 0x0000, 0x0000,
  0x0000, 0x0000, 0x0000, 0x0000, 0x0000, 0x0000, 0x0000, 0x0000, 0x0000, 0x0000, 0x0000, 0x0000, 0x0000, 0x0000, 0x0000, 0x0000,
  0x0000, 0x0000, 0x0000, 0x0000, 0x0000, 0x0000, 0x0000, 0x0000, 0x0000, 0xd6dd, 0xb598, 0xad36, 0xc63a, 0x9cf6, 0x9495, 0x9494,
  0x8c75, 0x8434, 0x8434, 0x73d3, 0x8455, 0x8434, 0x9495, 0x9cf6, 0xad56, 0xbdb7, 0xc5d8, 0xc5f8, 0xc618, 0xce38, 0xce39, 0xce59,
  0x62eb, 0xc5f7, 0xd679, 0xde9a, 0xdeba, 0xdeba, 0xdeba, 0xdeba, 0xe71b, 0x6b4d, 0xdedb, 0xd69a, 0xce79, 0xce59, 0xc619, 0xad55,
  0xc5f8, 0xbdd8, 0xb5b8, 0xad57, 0x0000, 0x0000, 0x0000, 0x0000, 0x0000, 0x0000, 0x0000, 0x0000, 0x0000, 0x0000, 0x0000, 0x0000,
  0x0000, 0x0000, 0x0000, 0x0000, 0x0000, 0x0000, 0x0000, 0x0000, 0x0000, 0x0000, 0x0000, 0x0000, 0x0000, 0x0000, 0x0000, 0x0000,
  0x0000, 0x0000, 0x0000, 0x0000, 0x0000, 0x0000, 0x632e, 0xad7a, 0x7c36, 0x6bb5, 0x52f1, 0x52f1, 0x6bb4, 0x73f5, 0x7c14, 0x94b6,
  0x9495, 0x9495, 0x8c95, 0x9cb3, 0x9c92, 0xa4f4, 0xa558, 0x9d18, 0xa539, 0xa559, 0xb5da, 0xad9a, 0x94d8, 0x94b8, 0x8c77, 0x94f8,
  0x9d19, 0x9cf9, 0xa537, 0xa517, 0xa536, 0xad57, 0xb598, 0xbdf8, 0xc619, 0xce59, 0xce7a, 0xdedb, 0xdefb, 0xce9a, 0x0000, 0x0000,
  0x0000, 0x0000, 0x0000, 0x0000, 0x0000, 0x0000, 0x0000, 0x0000, 0x0000, 0x0000, 0x0000, 0x0000, 0x0000, 0x0000, 0x0000, 0x0000,
  0x0000, 0x0000, 0x0000, 0x0000, 0x0000, 0x0000, 0x0000, 0x0000, 0x0000, 0x0000, 0x0000, 0x0000, 0x0000, 0x0000, 0x0000, 0x0000,
  0x0000, 0x0000, 0x0000, 0x0000, 0x0000, 0xd6fe, 0xa557, 0xad98, 0x94b5, 0x8c74, 0x8c74, 0x8454, 0x8414, 0x7bf3, 0x7392, 0x7c14,
  0x7bf4, 0x73b3, 0x7bf4, 0x8434, 0x8c55, 0xa537, 0xb597, 0xbdd7, 0xc5f8, 0xc618, 0xce38, 0xd679, 0xdefb, 0xce38, 0xd659, 0xd699,
  0xde99, 0xdeba, 0xdeba, 0xdeba, 0xdeba, 0xdeba, 0x5269, 0xd69a, 0xce5a, 0xce39, 0xc619, 0xc619, 0xb597, 0xbdd8, 0xb5b8, 0x3187,
  0x0000, 0x0000, 0x0000, 0x0000, 0x0000, 0x0000, 0x0000, 0x0000, 0x0000, 0x0000, 0x0000, 0x0000, 0x0000, 0x0000, 0x0000, 0x0000,
  0x0000, 0x0000, 0x0000, 0x0000, 0x0000, 0x0000, 0x0000, 0x0000, 0x0000, 0x0000, 0x0000, 0x0000, 0x0000, 0x0000, 0x0000, 0x0000,
  0x0000, 0x0000, 0x0000, 0xadb9, 0xad99, 0xad78, 0xa558, 0xa538, 0x9cf7, 0x94b6, 0x9496, 0x8c95, 0x8c75, 0x8412, 0x9c51, 0x9cd5,
  0x9cf7, 0x94d7, 0x94d7, 0x9cf8, 0xa539, 0xadba, 0xa53a, 0x94d8, 0x8cb7, 0x9d19, 0x9d39, 0xa559, 0x9cf7, 0x9d17, 0x9cf6, 0x9cf6,
  0xa516, 0xa536, 0xb577, 0xbdd8, 0xc5f9, 0xce39, 0xc639, 0xdedb, 0xdedb, 0xd6bb, 0x0000, 0x0000, 0x0000, 0x0000, 0x0000, 0x0000,
  0x0000, 0x0000, 0x0000, 0x0000, 0x0000, 0x0000, 0x0000, 0x0000, 0x0000, 0x0000, 0x0000, 0x0000, 0x0000, 0x0000, 0x0000, 0x0000,
  0x0000, 0x0000, 0x0000, 0x0000, 0x0000, 0x0000, 0x0000, 0x0000, 0x0000, 0x0000, 0x0000, 0x0000, 0x0000, 0x0000, 0x0000, 0x0000,
  0x0020, 0xcebd, 0xbdd9, 0x94b5, 0x8c74, 0x7bf2, 0x8456, 0x7c13, 0x7bf3, 0x6b71, 0x7bf5, 0x7bf5, 0x5b10, 0x7bf5, 0x7bf4, 0x6b72,
  0x7c14, 0x8434, 0x94d7, 0xa537, 0xbdd8, 0xc5f8, 0xce18, 0x62eb, 0xbdb7, 0xce18, 0xce58, 0xd679, 0xd679, 0xd699, 0xde99, 0xde99,
  0xde99, 0xde99, 0xdeb9, 0x4a49, 0xce7a, 0xce39, 0xc619, 0xbdf9, 0x9473, 0xb5b8, 0xad78, 0x0000, 0x0000, 0x0000, 0x0000, 0x0000,
  0x0000, 0x0000, 0x0000, 0x0000, 0x0000, 0x0000, 0x0000, 0x0000, 0x0000, 0x0000, 0x0000, 0x0000, 0x0000, 0x0000, 0x0000, 0x0000,
  0x0000, 0x0000, 0x0000, 0x0000, 0x0000, 0x0000, 0x0000, 0x0000, 0x0000, 0x0000, 0x0000, 0x0000, 0x0000, 0x0000, 0x0000, 0x31c8,
  0x9cf7, 0xa558, 0xa538, 0x9cf7, 0x94b6, 0x94b6, 0x8c95, 0x7bb0, 0x7bb0, 0x8c75, 0x8c76, 0x8c76, 0x8c96, 0x8cb7, 0x94d8, 0x9d19,
  0xadba, 0xa559, 0xad9a, 0xad9a, 0xa579, 0x9d38, 0x9d17, 0xa538, 0x9d17, 0x9cf6, 0x94d6, 0x9cd6, 0x9cf6, 0xa516, 0xad57, 0xb5b8,
  0xbdf8, 0xc639, 0xd6bb, 0xd6bb, 0xdedb, 0xd6db, 0x0000, 0x0000, 0x0000, 0x0000, 0x0000, 0x0000, 0x0000, 0x0000, 0x0000, 0x0000,
  0x0000, 0x0000, 0x0000, 0x0000, 0x0000, 0x0000, 0x0000, 0x0000, 0x0000, 0x0000, 0x0000, 0x0000, 0x0000, 0x0000, 0x0000, 0x0000,
  0x0000, 0x0000, 0x0000, 0x0000, 0x0000, 0x0000, 0x0000, 0x0000, 0x0000, 0x0000, 0x0000, 0x0000, 0x1082, 0xc67c, 0x9d17, 0x8433,
  0x8cb6, 0x7c14, 0x7bf3, 0x7bf3, 0x73b4, 0x7c15, 0x7c16, 0x5ad0, 0x7bf5, 0x7bf4, 0x6352, 0x7bf5, 0x7bf4, 0x5b11, 0x7c15, 0x8c55,
  0x9d18, 0xad56, 0x632d, 0xd679, 0xc5d7, 0xc618, 0xce38, 0xce58, 0xd659, 0xd679, 0xd679, 0xd699, 0xd699, 0xd699, 0xd699, 0xdeba,
  0x83f0, 0xc639, 0xc619, 0xbdf9, 0xb598, 0xb598, 0x424a, 0x0000, 0x0000, 0x0000, 0x0000, 0x0000, 0x0000, 0x0000, 0x0000, 0x0000,
  0x0000, 0x0000, 0x0000, 0x0000, 0x0000, 0x0000, 0x0000, 0x0000, 0x0000, 0x0000, 0x0000, 0x0000, 0x0000, 0x0000, 0x0000, 0x0000,
  0x0000, 0x0000, 0x0000, 0x0000, 0x0000, 0x0000, 0x0000, 0x0000, 0x0000, 0x0000, 0x0000, 0x0000, 0x5b2f, 0x8435, 0x7391, 0x632f,
  0x6b2f, 0x7371, 0x7bf4, 0x8435, 0x8435, 0x8c56, 0x8c76, 0x8c97, 0x94b7, 0x94d8, 0x9d39, 0xb5db, 0xadbb, 0xadba, 0xad79, 0xa559,
  0xa538, 0x9d38, 0x9d17, 0x9cf6, 0x94f6, 0x94b6, 0x94b6, 0x94d5, 0x9cd5, 0x9d16, 0xa537, 0xb597, 0xbdd8, 0xc639, 0xdefc, 0xd69b,
  0xd6bb, 0xce9a, 0x0000, 0x0000, 0x0000, 0x0000, 0x0000, 0x0000, 0x0000, 0x0000, 0x0000, 0x0000, 0x0000, 0x0000, 0x0000, 0x0000,
  0x0000, 0x0000, 0x0000, 0x0000, 0x0000, 0x0000, 0x0000, 0x0000, 0x0000, 0x0000, 0x0000, 0x0000, 0x0000, 0x0000, 0x0000, 0x0000,
  0x0000, 0x0000, 0x0000, 0x0000, 0x0000, 0x0000, 0x0000, 0x0000, 0x1082, 0xbe3b, 0x8c96, 0x8434, 0x7c14, 0x8414, 0x6b71, 0x73f6,
  0x7c16, 0x6bb3, 0x73f5, 0x7c15, 0x7c15, 0x52d0, 0x7bf5, 0x7c15, 0x6331, 0x7bf5, 0x7c15, 0x6331, 0x8456, 0x94d7, 0x9cd5, 0xbdb7,
  0xc5d7, 0xc5f8, 0xce18, 0xce38, 0xce58, 0xd659, 0xd679, 0xd679, 0xd679, 0xd679, 0xd699, 0xd699, 0xd679, 0xbdf8, 0xc619, 0xbdf9,
  0xb5b8, 0xa557, 0x0000, 0x0000, 0x0000, 0x0000, 0x0000, 0x0000, 0x0000, 0x0000, 0x0000, 0x0000, 0x0000, 0x0000, 0x0000, 0x0000,
  0x0000, 0x0000, 0x0000, 0x0000, 0x0000, 0x0000, 0x0000, 0x0000, 0x0000, 0x0000, 0x0000, 0x0000, 0x0000, 0x0000, 0x0000, 0x0000,
  0x0000, 0x0000, 0x0000, 0x0000, 0x0000, 0x0000, 0x0000, 0x0000, 0x0000, 0x2125, 0xb61d, 0x9d19, 0x94d8, 0x94b8, 0x8cb7, 0x8cb7,
  0x8cb7, 0x94b8, 0x94d8, 0x94f8, 0x9d19, 0xa57a, 0xadbb, 0x2105, 0x9d37, 0xadba, 0xad79, 0xa538, 0x9d17, 0x9cf7, 0x9cf6, 0x94d6,
  0x94b6, 0x94b5, 0x94b5, 0x94b5, 0x94d5, 0x9cf6, 0xa536, 0xad77, 0xb5b8, 0xad56, 0xd69b, 0xce9b, 0xd69b, 0xb5b7, 0x0000, 0x0000,
  0x0000, 0x0000, 0x0000, 0x0000, 0x0000, 0x0000, 0x0000, 0x0000, 0x0000, 0x0000, 0x0000, 0x0000, 0x0000, 0x0000, 0x0000, 0x0000,
  0x0000, 0x0000, 0x0000, 0x0000, 0x0000, 0x0000, 0x0000, 0x0000, 0x0000, 0x0000, 0x0000, 0x0000, 0x0000, 0x0000, 0x0000, 0x0000,
  0x0000, 0x0000, 0x0000, 0x0000, 0x0000, 0xb5ba, 0x8c75, 0x8434, 0x8413, 0x73d5, 0x7c16, 0x7c36, 0x6331, 0x7c36, 0x7c36, 0x52cf,
  0x7bf4, 0x7c15, 0x8436, 0x4a6e, 0x7bf5, 0x7c15, 0x5b10, 0x7c15, 0x8456, 0x8456, 0x8cb7, 0xad99, 0xc618, 0xc5f8, 0xc618, 0xce18,
  0xce38, 0xce59, 0xd659, 0xd659, 0xd679, 0xd679, 0xd679, 0xd679, 0xd69a, 0x52ab, 0xbdf9, 0xbdd9, 0xb5b9, 0x2986, 0x0000, 0x0000,
  0x0000, 0x0000, 0x0000, 0x0000, 0x0000, 0x0000, 0x0000, 0x0000, 0x0000, 0x0000, 0x0000, 0x0000, 0x0000, 0x0000, 0x0000, 0x0000,
  0x0000, 0x0000, 0x0000, 0x0000, 0x0000, 0x0000, 0x0000, 0x0000, 0x0000, 0x0000, 0x0000, 0x0000, 0x0000, 0x0000, 0x0000, 0x0000,
  0x0000, 0x0000, 0x0000, 0x0000, 0x0000, 0x0000, 0x0000, 0x39e8, 0xbe3d, 0xb5dc, 0xad9b, 0xa57a, 0xa57a, 0xa57a, 0xad9b, 0xadbc,
  0xaddb, 0x4a8b, 0x0000, 0x0000, 0x0841, 0xb5db, 0xad99, 0xa558, 0x9d17, 0x9cf6, 0x94d6, 0x94b6, 0x94b5, 0x8c95, 0x8c95, 0x94b5,
  0x94b5, 0x9cf6, 0xa516, 0xa557, 0xb597, 0x7bf1, 0xce5b, 0xce5b, 0xce9b, 0x4a49, 0x0000, 0x0000, 0x0000, 0x0000, 0x0000, 0x0000,
  0x0000, 0x0000, 0x0000, 0x0000, 0x0000, 0x0000, 0x0000, 0x0000, 0x0000, 0x0000, 0x0000, 0x0000, 0x0000, 0x0000, 0x0000, 0x0000,
  0x0000, 0x0000, 0x0000, 0x0000, 0x0000, 0x0000, 0x0000, 0x0000, 0x0000, 0x0000, 0x0000, 0x0000, 0x0000, 0x0000, 0x0000, 0x0000,
  0x0000, 0xa579, 0x8c95, 0x7c15, 0x7c36, 0x7c36, 0x4a6d, 0x7c36, 0x8436, 0x6331, 0x7bf5, 0x7c15, 0x8436, 0x52cf, 0x7bf5, 0x7c15,
  0x8436, 0x424d, 0x7c15, 0x8436, 0x6b93, 0x8436, 0x73d4, 0x94b7, 0xad9a, 0xc618, 0xc618, 0xce18, 0xce38, 0xce38, 0xce38, 0xce59,
  0xd69a, 0xd679, 0xd679, 0xd679, 0xd679, 0xdedb, 0xbdfa, 0xbdd9, 0xad99, 0x0000, 0x0000, 0x0000, 0x0000, 0x0000, 0x0000, 0x0000,
  0x0000, 0x0000, 0x0000, 0x0000, 0x0000, 0x0000, 0x0000, 0x0000, 0x0000, 0x0000, 0x0000, 0x0000, 0x0000, 0x0000, 0x0000, 0x0000,
  0x0000, 0x0000, 0x0000, 0x0000, 0x0000, 0x0000, 0x0000, 0x0000, 0x0000, 0x0000, 0x0000, 0x0000, 0x0000, 0x0000, 0x0000, 0x0000,
  0x0000, 0x0000, 0x0000, 0x0000, 0x0000, 0x0000, 0x18c3, 0x52cc, 0x73d1, 0x6bb0, 0x2966, 0x0000, 0x0000, 0x0000, 0x0000, 0x0000,
  0x0000, 0x4a6a, 0xadba, 0xad79, 0xa538, 0x9cf6, 0x94b6, 0x94b6, 0x8c95, 0x8c95, 0x8c95, 0x8c95, 0x94b5, 0x94d6, 0x9cf6, 0xa516,
  0x9cf5, 0xc63b, 0xc61a, 0xc65a, 0xce7b, 0x0000, 0x0000, 0x0000, 0x0000, 0x0000, 0x0000, 0x0000, 0x0000, 0x0000, 0x0000, 0x0000,
  0x0000, 0x0000, 0x0000, 0x0000, 0x0000, 0x0000, 0x0000, 0x0000, 0x0000, 0x0000, 0x0000, 0x0000, 0x0000, 0x0000, 0x0000, 0x0000,
  0x0000, 0x0000, 0x0000, 0x0000, 0x0000, 0x0000, 0x0000, 0x0000, 0x0000, 0x0000, 0x0000, 0x0000, 0x0000, 0x9d19, 0x8c77, 0x8456,
  0x6351, 0x7c36, 0x8436, 0x7bf5, 0x6b93, 0x7c16, 0x7c36, 0x5aef, 0x7c15, 0x7c36, 0x8436, 0x6b72, 0x73b3, 0x8436, 0x8436, 0x6351,
  0x8436, 0x73b3, 0x8456, 0x8c76, 0x6331, 0xad79, 0xbdd8, 0xc618, 0xce38, 0xce38, 0xce39, 0xf4e5, 0xf4c4, 0xece6, 0xd69b, 0xd67a,
  0xd679, 0xd67a, 0x73b1, 0xb5da, 0x632e, 0x0000, 0x0000, 0x0000, 0x0000, 0x0000, 0x0000, 0x0000, 0x0000, 0x0000, 0x0000, 0x0000,
  0x0000, 0x0000, 0x0000, 0x0000, 0x0000, 0x0000, 0x0000, 0x0000, 0x0000, 0x0000, 0x0000, 0x0000, 0x0000, 0x0000, 0x0000, 0x0000,
  0x0000, 0x0000, 0x0000, 0x0000, 0x0000, 0x0000, 0x0000, 0x0000, 0x0000, 0x0000, 0x0000, 0x0000, 0x0000, 0x0000, 0x0000, 0x0000,
  0x0000, 0x0000, 0x0000, 0x0000, 0x0000, 0x0000, 0x0000, 0x0000, 0x0000, 0x0000, 0x0000, 0x0000, 0x0000, 0x0000, 0x6b90, 0xad9a,
  0xa538, 0x9cf7, 0x94d6, 0x94b6, 0x8c96, 0x8c95, 0x8c95, 0x8c95, 0x94b5, 0x94b6, 0x94d6, 0xa537, 0xad79, 0xb5da, 0xbdfa, 0xbe1b,
  0x94b4, 0x0000, 0x0000, 0x0000, 0x0000, 0x0000, 0x0000, 0x0000, 0x0000, 0x0000, 0x0000, 0x0000, 0x0000, 0x0000, 0x0000, 0x0000,
  0x0000, 0x0000, 0x0000, 0x0000, 0x0000, 0x0000, 0x0000, 0x0000, 0x0000, 0x0000, 0x0000, 0x0000, 0x0000, 0x0000, 0x0000, 0x0000,
  0x0000, 0x0000, 0x0000, 0x0000, 0x0000, 0x0000, 0x0000, 0x0000, 0x0000, 0x31ea, 0x73b3, 0x8457, 0x8457, 0x8457, 0x52cf, 0x7c36,
  0x8436, 0x52af, 0x7c36, 0x7c36, 0x8456, 0x52cf, 0x73d4, 0x7c36, 0x8457, 0x5af0, 0x8456, 0x8456, 0x6351, 0x8456, 0x8436, 0x5af0,
  0x8456, 0x8435, 0xa538, 0xa516, 0xce39, 0xc618, 0xd658, 0xeca6, 0xf691, 0xf670, 0xf481, 0xd69a, 0xce5a, 0xce59, 0xa536, 0xb5da,
  0x0020, 0x0000, 0x0000, 0x0000, 0x0000, 0x0000, 0x0000, 0x0000, 0x0000, 0x0000, 0x0000, 0x0000, 0x0000, 0x0000, 0x0000, 0x0000,
  0x0000, 0x0000, 0x0000, 0x0000, 0x0000, 0x0000, 0x0000, 0x0000, 0x0000, 0x0000, 0x0000, 0x0000, 0x0000, 0x0000, 0x0000, 0x0000,
  0x0000, 0x0000, 0x0000, 0x0000, 0x0000, 0x0000, 0x0000, 0x0000, 0x0000, 0x0000, 0x0000, 0x0000, 0x0000, 0x0000, 0x0000, 0x0000,
  0x0000, 0x0000, 0x0000, 0x0000, 0x0000, 0x0000, 0x0000, 0x0000, 0x0000, 0x0000, 0x0000, 0x6b90, 0xa579, 0xa538, 0x9cf7, 0x94d6,
  0x94b6, 0x8c96, 0x8c96, 0x8c95, 0x9495, 0x94b5, 0x9cf6, 0x9cf7, 0xa579, 0xad9a, 0xb5da, 0xbdfb, 0x0000, 0x0000, 0x0000, 0x0000,
  0x0000, 0x0000, 0x0000, 0x0000, 0x0000, 0x0000, 0x0000, 0x0000, 0x0000, 0x0000, 0x0000, 0x0000, 0x0000, 0x0000, 0x0000, 0x0000,
  0x0000, 0x0000, 0x0000, 0x0000, 0x0000, 0x0000, 0x0000, 0x0000, 0x0000, 0x0000, 0x0000, 0x0000, 0x0000, 0x0000, 0x0000, 0x0000,
  0x0000, 0x0000, 0x0000, 0x0000, 0x0000, 0x0000, 0x8c98, 0x8477, 0x5b11, 0x8457, 0x8457, 0x73b3, 0x73f4, 0x8436, 0x8436, 0x4a6d,
  0x8456, 0x8456, 0x8477, 0x5b10, 0x7bf5, 0x8456, 0x8477, 0x52ce, 0x8456, 0x8456, 0x6310, 0x8456, 0x8456, 0x7bd4, 0x8c76, 0x94b7,
  0xb599, 0xce39, 0xce59, 0xcdf7, 0xd362, 0xece8, 0xf5ec, 0xf506, 0xde16, 0xce59, 0xd67a, 0x94d6, 0x0000, 0x0000, 0x0000, 0x0000,
  0x0000, 0x0000, 0x0000, 0x0000, 0x0000, 0x0000, 0x0000, 0x0000, 0x0000, 0x0000, 0x0000, 0x0000, 0x0000, 0x0000, 0x0000, 0x0000,
  0x0000, 0x0000, 0x0000, 0x0000, 0x0000, 0x0000, 0x0000, 0x0000, 0x0000, 0x0000, 0x0000, 0x0000, 0x0000, 0x0000, 0x0000, 0x0000,
  0x0000, 0x0000, 0x0000, 0x0000, 0x0000, 0x0000, 0x0000, 0x0000, 0x0000, 0x0000, 0x0000, 0x0000, 0x0000, 0x0000, 0x0000, 0x0000,
  0x0000, 0x0000, 0x0000, 0x0000, 0x0000, 0x0000, 0x0000, 0x0000, 0x424b, 0xad79, 0xa538, 0x9cf7, 0x94d6, 0x94b6, 0x8c96, 0x8c95,
  0x94b6, 0x632e, 0x9d18, 0x9d38, 0xa559, 0xad9a, 0xadba, 0x18e4, 0x0000, 0x0000, 0x0000, 0x0000, 0x0000, 0x0000, 0x0000, 0x0000,
  0x0000, 0x0000, 0x0000, 0x0000, 0x0000, 0x0000, 0x0000, 0x0000, 0x0000, 0x0000, 0x0000, 0x0000, 0x0000, 0x0000, 0x0000, 0x0000,
  0x0000, 0x0000, 0x0000, 0x0000, 0x0000, 0x0000, 0x0000, 0x0000, 0x0000, 0x0000, 0x0000, 0x0000, 0x0000, 0x0000, 0x0000, 0x0000,
  0x0000, 0x0000, 0x2126, 0x8cb9, 0x8497, 0x7c36, 0x6b92, 0x8477, 0x8477, 0x52ae, 0x8436, 0x8457, 0x7c14, 0x52ce, 0x7c36, 0x8457,
  0x8477, 0x528d, 0x8436, 0x8456, 0x73d3, 0x7c15, 0x8436, 0x6b71, 0x8456, 0x8476, 0x6330, 0x8456, 0x94b7, 0xb5b9, 0xbdf8, 0xce59,
  0xd6bc, 0xbb45, 0xe445, 0xecc7, 0xec85, 0xd636, 0xce59, 0x2125, 0x0000, 0x0000, 0x0000, 0x0000, 0x0000, 0x0000, 0x0000, 0x0000,
  0x0000, 0x0000, 0x0000, 0x0000, 0x0000, 0x0000, 0x0000, 0x0000, 0x0000, 0x0000, 0x0000, 0x0000, 0x0000, 0x0000, 0x0000, 0x0000,
  0x0000, 0x0000, 0x0000, 0x0000, 0x0000, 0x0000, 0x0000, 0x0000, 0x0000, 0x0000, 0x0000, 0x0000, 0x0000, 0x0000, 0x0000, 0x0000,
  0x0000, 0x0000, 0x0000, 0x0000, 0x0000, 0x0000, 0x0000, 0x0000, 0x0000, 0x0000, 0x0000, 0x0000, 0x0000, 0x0000, 0x0000, 0x0000,
  0x0000, 0x0000, 0x0000, 0x0000, 0x0000, 0x18e4, 0xa57b, 0x8c76, 0x7bf2, 0x73d1, 0x6b4f, 0x73d3, 0x9d19, 0x9d19, 0x9d19, 0xa539,
  0xa559, 0xad7a, 0x2105, 0x0000, 0x0000, 0x0000, 0x0000, 0x0000, 0x0000, 0x0000, 0x0000, 0x0000, 0x0000, 0x0000, 0x0000, 0x0000,
  0x0000, 0x0000, 0x0000, 0x0000, 0x0000, 0x0000, 0x0000, 0x0000, 0x0000, 0x0000, 0x0000, 0x0000, 0x0000, 0x0000, 0x0000, 0x0000,
  0x0000, 0x0000, 0x0000, 0x0000, 0x0000, 0x0000, 0x0000, 0x0000, 0x0000, 0x0000, 0x0000, 0x0000, 0x0000, 0x0000, 0x0000, 0x424c,
  0x73b4, 0x8c98, 0x8498, 0x5b10, 0x8457, 0x8477, 0x73b3, 0x7c15, 0x8457, 0x8477, 0x8436, 0x4a6c, 0x8457, 0x8477, 0x8497, 0x6330,
  0x8456, 0x8456, 0x73b3, 0x8456, 0x8c76, 0x6b72, 0x8456, 0x8456, 0x52ae, 0x94b7, 0xad79, 0xb597, 0xce39, 0xce5a, 0xc511, 0xd404,
  0xe445, 0xe464, 0xbdfa, 0x0000, 0x0000, 0x0000, 0x0000, 0x0000, 0x0000, 0x0000, 0x0000, 0x0000, 0x0000, 0x0000, 0x0000, 0x0000,
  0x0000, 0x0000, 0x0000, 0x0000, 0x0000, 0x0000, 0x0000, 0x0000, 0x0000, 0x0000, 0x0000, 0x0000, 0x0000, 0x0000, 0x0000, 0x0000,
  0x0000, 0x0000, 0x0000, 0x0000, 0x0000, 0x0000, 0x0000, 0x0000, 0x0000, 0x0000, 0x0000, 0x0000, 0x0000, 0x0000, 0x0000, 0x0000,
  0x0000, 0x0000, 0x0000, 0x0000, 0x0000, 0x0000, 0x0000, 0x0000, 0x0000, 0x0000, 0x0000, 0x0000, 0x0000, 0x0000, 0x0000, 0x0000,
  0x0000, 0x0000, 0x0000, 0x6b90, 0xa57b, 0xa57a, 0xa55a, 0xa53a, 0xa53a, 0xa539, 0xa55a, 0xa55a, 0x9d38, 0x0000, 0x0000, 0x0000,
  0x0000, 0x0000, 0x0000, 0x0000, 0x0000, 0x0000, 0x0000, 0x0000, 0x0000, 0x0000, 0x0000, 0x0000, 0x0000, 0x0000, 0x0000, 0x0000,
  0x0000, 0x0000, 0x0000, 0x0000, 0x0000, 0x0000, 0x0000, 0x0000, 0x0000, 0x0000, 0x0000, 0x0000, 0x0000, 0x0000, 0x0000, 0x0000,
  0x0000, 0x0000, 0x0000, 0x0000, 0x0000, 0x0000, 0x0000, 0x0000, 0x0000, 0x0000, 0x0000, 0x0000, 0x3a0a, 0x6352, 0x8c98, 0x8c98,
  0x73d4, 0x73d4, 0x8478, 0x8477, 0x528e, 0x8457, 0x8477, 0x8478, 0x73d3, 0x5b10, 0x8457, 0x8457, 0x6331, 0x8456, 0x8456, 0x5aef,
  0x8476, 0x8476, 0x7392, 0x8c76, 0x8c76, 0x7bf4, 0x7c14, 0x9d18, 0xbdd9, 0xc639, 0xce39, 0xcdd6, 0xd3e4, 0xe445, 0xdc25, 0x0000,
  0x0000, 0x0000, 0x0000, 0x0000, 0x0000, 0x0000, 0x0000, 0x0000, 0x0000, 0x0000, 0x0000, 0x0000, 0x0000, 0x0000, 0x0000, 0x0000,
  0x0000, 0x0000, 0x0000, 0x0000, 0x0000, 0x0000, 0x0000, 0x0000, 0x0000, 0x0000, 0x0000, 0x0000, 0x0000, 0x0000, 0x0000, 0x0000,
  0x0000, 0x0000, 0x0000, 0x0000, 0x0000, 0x0000, 0x0000, 0x0000, 0x0000, 0x0000, 0x0000, 0x0000, 0x0000, 0x0000, 0x0000, 0x0000,
  0x0000, 0x0000, 0x0000, 0x0000, 0x0000, 0x0000, 0x0000, 0x0000, 0x0000, 0x0000, 0x0000, 0x0000, 0x0000, 0x0000, 0x0000, 0x0000,
  0x0000, 0x2145, 0x7bf2, 0x94f7, 0x9d18, 0x94b7, 0x634f, 0x0841, 0x0000, 0x0000, 0x0000, 0x0000, 0x0000, 0x0000, 0x0000, 0x0000,
  0x0000, 0x0000, 0x0000, 0x0000, 0x0000, 0x0000, 0x0000, 0x0000, 0x0000, 0x0000, 0x0000, 0x0000, 0x0000, 0x0000, 0x0000, 0x0000,
  0x0000, 0x0000, 0x0000, 0x0000, 0x0000, 0x0000, 0x0000, 0x0000, 0x0000, 0x0000, 0x0000, 0x0000, 0x0000, 0x0000, 0x0000, 0x0000,
  0x0000, 0x0000, 0x0000, 0x0000, 0x0000, 0x0000, 0x0000, 0x0000, 0x0000, 0x0862, 0x52f1, 0x8436, 0x8cb8, 0x7c15, 0x6351, 0x8477,
  0x8c98, 0x8456, 0x4a6d, 0x7c36, 0x8457, 0x8477, 0x6352, 0x7c15, 0x8457, 0x7bf4, 0x8456, 0x8477, 0x8476, 0x6b71, 0x8456, 0x8456,
  0x5acf, 0x8436, 0x8436, 0x5af0, 0x9cf7, 0xbdfa, 0xc5f8, 0xc619, 0xc4f0, 0xdc25, 0xe486, 0x0020, 0x0000, 0x0000, 0x0000, 0x0000,
  0x0000, 0x0000, 0x0000, 0x0000, 0x0000, 0x0000, 0x0000, 0x0000, 0x0000, 0x0000, 0x0000, 0x0000, 0x0000, 0x0000, 0x0000, 0x0000,
  0x0000, 0x0000, 0x0000, 0x0000, 0x0000, 0x0000, 0x0000, 0x0000, 0x0000, 0x0000, 0x0000, 0x0000, 0x0000, 0x0000, 0x0000, 0x0000,
  0x0000, 0x0000, 0x0000, 0x0000, 0x0000, 0x0000, 0x0000, 0x0000, 0x0000, 0x0000, 0x0000, 0x0000, 0x0000, 0x0000, 0x0000, 0x0000,
  0x0000, 0x0000, 0x0000, 0x0000, 0x0000, 0x0000, 0x0000, 0x0000, 0x0000, 0x0000, 0x0000, 0x0000, 0x0000, 0x0000, 0x0000, 0x0000,
  0x0000, 0x0000, 0x0000, 0x0000, 0x0000, 0x0000, 0x0000, 0x0000, 0x0000, 0x0000, 0x0000, 0x0000, 0x0000, 0x0000, 0x0000, 0x0000,
  0x0000, 0x0000, 0x0000, 0x0000, 0x0000, 0x0000, 0x0000, 0x0000, 0x0000, 0x0000, 0x0000, 0x0000, 0x0000, 0x0000, 0x0000, 0x0000,
  0x0000, 0x0000, 0x0000, 0x0000, 0x0000, 0x0000, 0x0000, 0x0000, 0x0000, 0x0000, 0x0000, 0x0000, 0x0000, 0x0000, 0x0000, 0x0000,
  0x0000, 0x0000, 0x0000, 0x0000, 0x0000, 0x0000, 0x0000, 0x2988, 0x8457, 0x8cb8, 0x8cb8, 0x528f, 0x7c36, 0x8c98, 0x8c98, 0x8c77,
  0x422b, 0x8457, 0x8477, 0x8477, 0x52cf, 0x8476, 0x8476, 0x52ad, 0x8476, 0x8456, 0x52ce, 0x8456, 0x8436, 0x73b3, 0x8435, 0x8456,
  0x8456, 0x6310, 0xbdd9, 0xbdf9, 0xc63a, 0xcbc5, 0xe486, 0x28e1, 0x0000, 0x0000, 0x0000, 0x0000, 0x0000, 0x0000, 0x0000, 0x0000,
  0x0000, 0x0000, 0x0000, 0x0000, 0x0000, 0x0000, 0x0000, 0x0000, 0x0000, 0x0000, 0x0000, 0x0000, 0x0000, 0x0000, 0x0000, 0x0000,
  0x0000, 0x0000, 0x0000, 0x0000, 0x0000, 0x0000, 0x0000, 0x0000, 0x0000, 0x0000, 0x0000, 0x0000, 0x0000, 0x0000, 0x0000, 0x0000,
  0x0000, 0x0000, 0x0000, 0x0000, 0x0000, 0x0000, 0x0000, 0x0000, 0x0000, 0x0000, 0x0000, 0x0000, 0x0000, 0x0000, 0x0000, 0x0000,
  0x0000, 0x0000, 0x0000, 0x0000, 0x0000, 0x0000, 0x0000, 0x0000, 0x0000, 0x0000, 0x0000, 0x0000, 0x0000, 0x0000, 0x0000, 0x0000,
  0x0000, 0x0000, 0x0000, 0x0000, 0x0000, 0x0000, 0x0000, 0x0000, 0x0000, 0x0000, 0x0000, 0x0000, 0x0000, 0x0000, 0x0000, 0x0000,
  0x0000, 0x0000, 0x0000, 0x0000, 0x0000, 0x0000, 0x0000, 0x0000, 0x0000, 0x0000, 0x0000, 0x0000, 0x0000, 0x0000, 0x0000, 0x0000,
  0x0000, 0x0000, 0x0000, 0x0000, 0x0000, 0x0000, 0x0000, 0x0000, 0x0000, 0x0000, 0x0000, 0x0000, 0x0000, 0x0000, 0x0000, 0x0000,
  0x0000, 0x0000, 0x0000, 0x0000, 0x0000, 0x31eb, 0x8cb9, 0x8cb9, 0x8c97, 0x4a8e, 0x6bb3, 0x8478, 0x8478, 0x8498, 0x5aef, 0x8477,
  0x8477, 0x6331, 0x8456, 0x8456, 0x6b71, 0x7c36, 0x8456, 0x73b3, 0x6b72, 0x8436, 0x8436, 0x5af0, 0x8456, 0x8456, 0x8435, 0xb5b9,
  0xc619, 0xc639, 0xe486, 0x4162, 0x0000, 0x0000, 0x0000, 0x0000, 0x0000, 0x0000, 0x0000, 0x0000, 0x0000, 0x0000, 0x0000, 0x0000,
  0x0000, 0x0000, 0x0000, 0x0000, 0x0000, 0x0000, 0x0000, 0x0000, 0x0000, 0x0000, 0x0000, 0x0000, 0x0000, 0x0000, 0x0000, 0x0000,
  0x0000, 0x0000, 0x0000, 0x0000, 0x0000, 0x0000, 0x0000, 0x0000, 0x0000, 0x0000, 0x0000, 0x0000, 0x0000, 0x0000, 0x0000, 0x0000,
  0x0000, 0x0000, 0x0000, 0x0000, 0x0000, 0x0000, 0x0000, 0x0000, 0x0000, 0x0000, 0x0000, 0x0000, 0x0000, 0x0000, 0x0000, 0x0000,
  0x0000, 0x0000, 0x0000, 0x0000, 0x0000, 0x0000, 0x0000, 0x0000, 0x0000, 0x0000, 0x0000, 0x0000, 0x0000, 0x0000, 0x0000, 0x0000,
  0x0000, 0x0000, 0x0000, 0x0000, 0x0000, 0x0000, 0x0000, 0x0000, 0x0000, 0x0000, 0x0000, 0x0000, 0x0000, 0x0000, 0x0000, 0x0000,
  0x0000, 0x0000, 0x0000, 0x0000, 0x0000, 0x0000, 0x0000, 0x0000, 0x0000, 0x0000, 0x0000, 0x0000, 0x0000, 0x0000, 0x0000, 0x0000,
  0x0000, 0x0000, 0x0000, 0x0000, 0x0000, 0x0000, 0x0000, 0x0000, 0x0000, 0x0000, 0x0000, 0x0000, 0x0000, 0x0000, 0x0000, 0x0000,
  0x0000, 0x0000, 0x0000, 0x4aaf, 0x8cb9, 0x8cb9, 0x8cb9, 0x6351, 0x6351, 0x8478, 0x8478, 0x7c15, 0x7bf4, 0x8456, 0x8435, 0x7c15,
  0x8477, 0x73f4, 0x6bb3, 0x8477, 0x8476, 0x52ae, 0x8436, 0x8456, 0x6b93, 0x7c15, 0x8c76, 0x94d7, 0xad78, 0xc63a, 0xe466, 0x3101,
  0x0000, 0x0000, 0x0000, 0x0000, 0x0000, 0x0000, 0x0000, 0x0000, 0x0000, 0x0000, 0x0000, 0x0000, 0x0000, 0x0000, 0x0000, 0x0000,
  0x0000, 0x0000, 0x0000, 0x0000, 0x0000, 0x0000, 0x0000, 0x0000, 0x0000, 0x0000, 0x0000, 0x0000, 0x0000, 0x0000, 0x0000, 0x0000,
  0x0000, 0x0000, 0x0000, 0x0000, 0x0000, 0x0000, 0x0000, 0x0000, 0x0000, 0x0000, 0x0000, 0x0000, 0x0000, 0x0000, 0x0000, 0x0000,
  0x0000, 0x0000, 0x0000, 0x0000, 0x0000, 0x0000, 0x0000, 0x0000, 0x0000, 0x0000, 0x0000, 0x0000, 0x0000, 0x0000, 0x0000, 0x0000,
  0x0000, 0x0000, 0x0000, 0x0000, 0x0000, 0x0000, 0x0000, 0x0000, 0x0000, 0x0000, 0x0000, 0x0000, 0x0000, 0x0000, 0x0000, 0x0000,
  0x0000, 0x0000, 0x0000, 0x0000, 0x0000, 0x0000, 0x0000, 0x0000, 0x0000, 0x0000, 0x0000, 0x0000, 0x0000, 0x0000, 0x0000, 0x0000,
  0x0000, 0x0000, 0x0000, 0x0000, 0x0000, 0x0000, 0x0000, 0x0000, 0x0000, 0x0000, 0x0000, 0x0000, 0x0000, 0x0000, 0x0000, 0x0000,
  0x0000, 0x0000, 0x0000, 0x0000, 0x0000, 0x0000, 0x0000, 0x0000, 0x0000, 0x0000, 0x0000, 0x0000, 0x0000, 0x0000, 0x0000, 0x0000,
  0x0841, 0x6372, 0x8cb9, 0x8c98, 0x8cb8, 0x73b4, 0x73b3, 0x8456, 0x8456, 0x6b72, 0x8457, 0x73b3, 0x73d4, 0x8477, 0x8456, 0x5acf,
  0x8456, 0x8457, 0x6b72, 0x73d4, 0x8436, 0x8456, 0x6331, 0x8cb7, 0x9d18, 0xbe1a, 0xe445, 0x0840, 0x0000, 0x0000, 0x0000, 0x0000,
  0x0000, 0x0000, 0x0000, 0x0000, 0x0000, 0x0000, 0x0000, 0x0000, 0x0000, 0x0000, 0x0000, 0x0000, 0x0000, 0x0000, 0x0000, 0x0000,
  0x0000, 0x0000, 0x0000, 0x0000, 0x0000, 0x0000, 0x0000, 0x0000, 0x0000, 0x0000, 0x0000, 0x0000, 0x0000, 0x0000, 0x0000, 0x0000,
  0x0000, 0x0000, 0x0000, 0x0000, 0x0000, 0x0000, 0x0000, 0x0000, 0x0000, 0x0000, 0x0000, 0x0000, 0x0000, 0x0000, 0x0000, 0x0000,
  0x0000, 0x0000, 0x0000, 0x0000, 0x0000, 0x0000, 0x0000, 0x0000, 0x0000, 0x0000, 0x0000, 0x0000, 0x0000, 0x0000, 0x0000, 0x0000,
  0x0000, 0x0000, 0x0000, 0x0000, 0x0000, 0x0000, 0x0000, 0x0000, 0x0000, 0x0000, 0x0000, 0x0000, 0x0000, 0x0000, 0x0000, 0x0000,
  0x0000, 0x0000, 0x0000, 0x0000, 0x0000, 0x0000, 0x0000, 0x0000, 0x0000, 0x0000, 0x0000, 0x0000, 0x0000, 0x0000, 0x0000, 0x0000,
  0x0000, 0x0000, 0x0000, 0x0000, 0x0000, 0x0000, 0x0000, 0x0000, 0x0000, 0x0000, 0x0000, 0x0000, 0x0000, 0x0000, 0x0000, 0x0000,
  0x0000, 0x0000, 0x0000, 0x0000, 0x0000, 0x0000, 0x0000, 0x0000, 0x0000, 0x0000, 0x0000, 0x0000, 0x0000, 0x0000, 0x2126, 0x6333,
  0x8457, 0x8478, 0x8c98, 0x6b72, 0x8477, 0x7c36, 0x73b3, 0x8477, 0x8c97, 0x5aef, 0x8457, 0x8477, 0x6330, 0x7bf4, 0x8436, 0x8456,
  0x52cf, 0x7c15, 0x8456, 0x8c77, 0x8435, 0xbdfa, 0xdc45, 0x0000, 0x0000, 0x0000, 0x0000, 0x0000, 0x0000, 0x0000, 0x0000, 0x0000,
  0x0000, 0x0000, 0x0000, 0x0000, 0x0000, 0x0000, 0x0000, 0x0000, 0x0000, 0x0000, 0x0000, 0x0000, 0x0000, 0x0000, 0x0000, 0x0000,
  0x0000, 0x0000, 0x0000, 0x0000, 0x0000, 0x0000, 0x0000, 0x0000, 0x0000, 0x0000, 0x0000, 0x0000, 0x0000, 0x0000, 0x0000, 0x0000,
  0x0000, 0x0000, 0x0000, 0x0000, 0x0000, 0x0000, 0x0000, 0x0000, 0x0000, 0x0000, 0x0000, 0x0000, 0x0000, 0x0000, 0x0000, 0x0000,
  0x0000, 0x0000, 0x0000, 0x0000, 0x0000, 0x0000, 0x0000, 0x0000, 0x0000, 0x0000, 0x0000, 0x0000, 0x0000, 0x0000, 0x0000, 0x0000,
  0x0000, 0x0000, 0x0000, 0x0000, 0x0000, 0x0000, 0x0000, 0x0000, 0x0000, 0x0000, 0x0000, 0x0000, 0x0000, 0x0000, 0x0000, 0x0000,
  0x0000, 0x0000, 0x0000, 0x0000, 0x0000, 0x0000, 0x0000, 0x0000, 0x0000, 0x0000, 0x0000, 0x0000, 0x0000, 0x0000, 0x0000, 0x0000,
  0x0000, 0x0000, 0x0000, 0x0000, 0x0000, 0x0000, 0x0000, 0x0000, 0x0000, 0x0000, 0x0000, 0x0000, 0x0000, 0x0000, 0x0000, 0x0000,
  0x0000, 0x0000, 0x0000, 0x0000, 0x0000, 0x0000, 0x0000, 0x0000, 0x0000, 0x0000, 0x0000, 0x0000, 0x6391, 0x6352, 0x8cb9, 0x8478,
  0x52af, 0x8457, 0x8cb8, 0x4a6d, 0x8457, 0x8477, 0x52ae, 0x8457, 0x8457, 0x8456, 0x420b, 0x8456, 0x8436, 0x8456, 0x6b92, 0x8456,
  0x94d8, 0xc63b, 0x59c3, 0x0000, 0x0000, 0x0000, 0x0000, 0x0000, 0x0000, 0x0000, 0x0000, 0x0000, 0x0000, 0x0000, 0x0000, 0x0000,
  0x0000, 0x0000, 0x0000, 0x0000, 0x0000, 0x0000, 0x0000, 0x0000, 0x0000, 0x0000, 0x0000, 0x0000, 0x0000, 0x0000, 0x0000, 0x0000,
  0x0000, 0x0000, 0x0000, 0x0000, 0x0000, 0x0000, 0x0000, 0x0000, 0x0000, 0x0000, 0x0000, 0x0000, 0x0000, 0x0000, 0x0000, 0x0000,
  0x0000, 0x0000, 0x0000, 0x0000, 0x0000, 0x0000, 0x0000, 0x0000, 0x0000, 0x0000, 0x0000, 0x0000, 0x0000, 0x0000, 0x0000, 0x0000,
  0x0000, 0x0000, 0x0000, 0x0000, 0x0000, 0x0000, 0x0000, 0x0000, 0x0000, 0x0000, 0x0000, 0x0000, 0x0000, 0x0000, 0x0000, 0x0000,
  0x0000, 0x0000, 0x0000, 0x0000, 0x0000, 0x0000, 0x0000, 0x0000, 0x0000, 0x0000, 0x0000, 0x0000, 0x0000, 0x0000, 0x0000, 0x0000,
  0x0000, 0x0000, 0x0000, 0x0000, 0x0000, 0x0000, 0x0000, 0x0000, 0x0000, 0x0000, 0x0000, 0x0000, 0x0000, 0x0000, 0x0000, 0x0000,
  0x0000, 0x0000, 0x0000, 0x0000, 0x0000, 0x0000, 0x0000, 0x0000, 0x0000, 0x0000, 0x0000, 0x0000, 0x0000, 0x0000, 0x0000, 0x0000,
  0x0000, 0x0000, 0x0000, 0x0000, 0x0000, 0x0000, 0x0000, 0x0000, 0x0000, 0x10a3, 0x5b32, 0x8cb8, 0x8c98, 0x5b10, 0x8478, 0x8478,
  0x5aef, 0x8457, 0x8457, 0x73b3, 0x6331, 0x8456, 0x8456, 0x8457, 0x6331, 0x6bb3, 0x8436, 0x8476, 0x8476, 0xac90, 0x0000, 0x0000,
  0x0000, 0x0000, 0x0000, 0x0000, 0x0000, 0x0000, 0x0000, 0x0000, 0x0000, 0x0000, 0x0000, 0x0000, 0x0000, 0x0000, 0x0000, 0x0000,
  0x0000, 0x0000, 0x0000, 0x0000, 0x0000, 0x0000, 0x0000, 0x0000, 0x0000, 0x0000, 0x0000, 0x0000, 0x0000, 0x0000, 0x0000, 0x0000,
  0x0000, 0x0000, 0x0000, 0x0000, 0x0000, 0x0000, 0x0000, 0x0000, 0x0000, 0x0000, 0x0000, 0x0000, 0x0000, 0x0000, 0x0000, 0x0000,
  0x0000, 0x0000, 0x0000, 0x0000, 0x0000, 0x0000, 0x0000, 0x0000, 0x0000, 0x0000, 0x0000, 0x0000, 0x0000, 0x0000, 0x0000, 0x0000,
  0x0000, 0x0000, 0x0000, 0x0000, 0x0000, 0x0000, 0x0000, 0x0000, 0x0000, 0x0000, 0x0000, 0x0000, 0x0000, 0x0000, 0x0000, 0x0000,
  0x0000, 0x0000, 0x0000, 0x0000, 0x0000, 0x0000, 0x0000, 0x0000, 0x0000, 0x0000, 0x0000, 0x0000, 0x0000, 0x0000, 0x0000, 0x0000,
  0x0000, 0x0000, 0x0000, 0x0000, 0x0000, 0x0000, 0x0000, 0x0000, 0x0000, 0x0000, 0x0000, 0x0000, 0x0000, 0x0000, 0x0000, 0x0000,
  0x0000, 0x0000, 0x0000, 0x0000, 0x0000, 0x0000, 0x0000, 0x0000, 0x0000, 0x0000, 0x0000, 0x0000, 0x0000, 0x0000, 0x0000, 0x0000,
  0x0000, 0x0000, 0x0000, 0x0000, 0x0000, 0x0000, 0x0000, 0x426d, 0x94d9, 0x8cb8, 0x52cf, 0x8477, 0x8497, 0x7bf4, 0x73d4, 0x8457,
  0x8457, 0x8456, 0x424d, 0x7c16, 0x7c37, 0x8457, 0x7c35, 0x8456, 0x9d19, 0x0041, 0x0000, 0x0000, 0x0000, 0x0000, 0x0000, 0x0000,
  0x0000, 0x0000, 0x0000, 0x0000, 0x0000, 0x0000, 0x0000, 0x0000, 0x0000, 0x0000, 0x0000, 0x0000, 0x0000, 0x0000, 0x0000, 0x0000,
  0x0000, 0x0000, 0x0000, 0x0000, 0x0000, 0x0000, 0x0000, 0x0000, 0x0000, 0x0000, 0x0000, 0x0000, 0x0000, 0x0000, 0x0000, 0x0000,
  0x0000, 0x0000, 0x0000, 0x0000, 0x0000, 0x0000, 0x0000, 0x0000, 0x0000, 0x0000, 0x0000, 0x0000, 0x0000, 0x0000, 0x0000, 0x0000,
  0x0000, 0x0000, 0x0000, 0x0000, 0x0000, 0x0000, 0x0000, 0x0000, 0x0000, 0x0000, 0x0000, 0x0000, 0x0000, 0x0000, 0x0000, 0x0000,
  0x0000, 0x0000, 0x0000, 0x0000, 0x0000, 0x0000, 0x0000, 0x0000, 0x0000, 0x0000, 0x0000, 0x0000, 0x0000, 0x0000, 0x0000, 0x0000,
  0x0000, 0x0000, 0x0000, 0x0000, 0x0000, 0x0000, 0x0000, 0x0000, 0x0000, 0x0000, 0x0000, 0x0000, 0x0000, 0x0000, 0x0000, 0x0000,
  0x0000, 0x0000, 0x0000, 0x0000, 0x0000, 0x0000, 0x0000, 0x0000, 0x0000, 0x0000, 0x0000, 0x0000, 0x0000, 0x0000, 0x0000, 0x0000,
  0x0000, 0x0000, 0x0000, 0x0000, 0x0000, 0x0000, 0x0000, 0x0000, 0x0000, 0x0000, 0x0000, 0x0000, 0x0000, 0x0000, 0x0000, 0x0000,
  0x0000, 0x0000, 0x0000, 0x0000, 0x10a3, 0x8c99, 0x94d9, 0x7c15, 0x6b93, 0x8477, 0x8c98, 0x5b10, 0x6b72, 0x8437, 0x8457, 0x8457,
  0x73d4, 0x6352, 0x8477, 0x8cb8, 0x29a8, 0x0000, 0x0000, 0x0000, 0x0000, 0x0000, 0x0000, 0x0000, 0x0000, 0x0000, 0x0000, 0x0000,
  0x0000, 0x0000, 0x0000, 0x0000, 0x0000, 0x0000, 0x0000, 0x0000, 0x0000, 0x0000, 0x0000, 0x0000, 0x0000, 0x0000, 0x0000, 0x0000,
  0x0000, 0x0000, 0x0000, 0x0000, 0x0000, 0x0000, 0x0000, 0x0000, 0x0000, 0x0000, 0x0000, 0x0000, 0x0000, 0x0000, 0x0000, 0x0000,
  0x0000, 0x0000, 0x0000, 0x0000, 0x0000, 0x0000, 0x0000, 0x0000, 0x0000, 0x0000, 0x0000, 0x0000, 0x0000, 0x0000, 0x0000, 0x0000,
  0x0000, 0x0000, 0x0000, 0x0000, 0x0000, 0x0000, 0x0000, 0x0000, 0x0000, 0x0000, 0x0000, 0x0000, 0x0000, 0x0000, 0x0000, 0x0000,
  0x0000, 0x0000, 0x0000, 0x0000, 0x0000, 0x0000, 0x0000, 0x0000, 0x0000, 0x0000, 0x0000, 0x0000, 0x0000, 0x0000, 0x0000, 0x0000,
  0x0000, 0x0000, 0x0000, 0x0000, 0x0000, 0x0000, 0x0000, 0x0000, 0x0000, 0x0000, 0x0000, 0x0000, 0x0000, 0x0000, 0x0000, 0x0000,
  0x0000, 0x0000, 0x0000, 0x0000, 0x0000, 0x0000, 0x0000, 0x0000, 0x0000, 0x0000, 0x0000, 0x0000, 0x0000, 0x0000, 0x0000, 0x0000,
  0x0000, 0x0000, 0x0000, 0x0000, 0x0000, 0x0000, 0x0000, 0x0000, 0x0000, 0x0000, 0x0000, 0x0000, 0x0000, 0x0000, 0x0000, 0x0000,
  0x0000, 0x0000, 0x4a8e, 0x94b9, 0x8477, 0x52d0, 0x8457, 0x8478, 0x8c98, 0x7c15, 0x528e, 0x7bf5, 0x8457, 0x8c98, 0x73d4, 0x29a9,
  0x0000, 0x0000, 0x0000, 0x0000, 0x0000, 0x0000, 0x0000, 0x0000, 0x0000, 0x0000, 0x0000, 0x0000, 0x0000, 0x0000, 0x0000, 0x0000,
  0x0000, 0x0000, 0x0000, 0x0000, 0x0000, 0x0000, 0x0000, 0x0000, 0x0000, 0x0000, 0x0000, 0x0000, 0x0000, 0x0000, 0x0000, 0x0000,
  0x0000, 0x0000, 0x0000, 0x0000, 0x0000, 0x0000, 0x0000, 0x0000, 0x0000, 0x0000, 0x0000, 0x0000, 0x0000, 0x0000, 0x0000, 0x0000,
  0x0000, 0x0000, 0x0000, 0x0000, 0x0000, 0x0000, 0x0000, 0x0000, 0x0000, 0x0000, 0x0000, 0x0000, 0x0000, 0x0000, 0x0000, 0x0000,
  0x0000, 0x0000, 0x0000, 0x0000, 0x0000, 0x0000, 0x0000, 0x0000, 0x0000, 0x0000, 0x0000, 0x0000, 0x0000, 0x0000, 0x0000, 0x0000,
  0x0000, 0x0000, 0x0000, 0x0000, 0x0000, 0x0000, 0x0000, 0x0000, 0x0000, 0x0000, 0x0000, 0x0000, 0x0000, 0x0000, 0x0000, 0x0000,
  0x0000, 0x0000, 0x0000, 0x0000, 0x0000, 0x0000, 0x0000, 0x0000, 0x0000, 0x0000, 0x0000, 0x0000, 0x0000, 0x0000, 0x0000, 0x0000,
  0x0000, 0x0000, 0x0000, 0x0000, 0x0000, 0x0000, 0x0000, 0x0000, 0x0000, 0x0000, 0x0000, 0x0000, 0x0000, 0x0000, 0x0000, 0x0000,
  0x0000, 0x0000, 0x0000, 0x0000, 0x0000, 0x0000, 0x0000, 0x0000, 0x0000, 0x0000, 0x0000, 0x0000, 0x0000, 0x0000, 0x0000, 0x0000,
  0x5b52, 0x94fa, 0x6331, 0x6332, 0x8457, 0x8c99, 0x8cb9, 0x94d9, 0x4a8e, 0x7c99, 0x10a3, 0x0000, 0x0000, 0x0000, 0x0000, 0x0000,
  0x0000, 0x0000, 0x0000, 0x0000, 0x0000, 0x0000, 0x0000, 0x0000, 0x0000, 0x0000, 0x0000, 0x0000, 0x0000, 0x0000, 0x0000, 0x0000,
  0x0000, 0x0000, 0x0000, 0x0000, 0x0000, 0x0000, 0x0000, 0x0000, 0x0000, 0x0000, 0x0000, 0x0000, 0x0000, 0x0000, 0x0000, 0x0000,
  0x0000, 0x0000, 0x0000, 0x0000, 0x0000, 0x0000, 0x0000, 0x0000, 0x0000, 0x0000, 0x0000, 0x0000, 0x0000, 0x0000, 0x0000, 0x0000,
  0x0000, 0x0000, 0x0000, 0x0000, 0x0000, 0x0000, 0x0000, 0x0000, 0x0000, 0x0000, 0x0000, 0x0000, 0x0000, 0x0000, 0x0000, 0x0000,
  0x0000, 0x0000, 0x0000, 0x0000, 0x0000, 0x0000, 0x0000, 0x0000, 0x0000, 0x0000, 0x0000, 0x0000, 0x0000, 0x0000, 0x0000, 0x0000,
  0x0000, 0x0000, 0x0000, 0x0000, 0x0000, 0x0000, 0x0000, 0x0000, 0x0000, 0x0000, 0x0000, 0x0000, 0x0000, 0x0000, 0x0000, 0x0000,
  0x0000, 0x0000, 0x0000, 0x0000, 0x0000, 0x0000, 0x0000, 0x0000, 0x0000, 0x0000, 0x0000, 0x0000, 0x0000, 0x0000, 0x0000, 0x0000,
  0x0000, 0x0000, 0x0000, 0x0000, 0x0000, 0x0000, 0x0000, 0x0000, 0x0000, 0x0000, 0x0000, 0x0000, 0x0000, 0x0000, 0x0000, 0x0000,
  0x0000, 0x0000, 0x0000, 0x0000, 0x0000, 0x0000, 0x0000, 0x0000, 0x0000, 0x0000, 0x0000, 0x0000, 0x0000, 0x0000, 0x10c4, 0x5b30,
  0x5b31, 0x5b11, 0x6bd4, 0x52ef, 0x1083, 0x0000, 0x0000, 0x0000, 0x0000, 0x0000, 0x0000, 0x0000, 0x0000, 0x0000, 0x0000, 0x0000,
  0x0000, 0x0000, 0x0000, 0x0000, 0x0000, 0x0000, 0x0000, 0x0000, 0x0000, 0x0000, 0x0000, 0x0000, 0x0000, 0x0000, 0x0000, 0x0000,
  0x0000, 0x0000, 0x0000, 0x0000, 0x0000, 0x0000, 0x0000, 0x0000, 0x0000, 0x0000, 0x0000, 0x0000, 0x0000, 0x0000, 0x0000, 0x0000,
  0x0000, 0x0000, 0x0000, 0x0000, 0x0000, 0x0000, 0x0000, 0x0000, 0x0000, 0x0000, 0x0000, 0x0000, 0x0000, 0x0000, 0x0000, 0x0000,
  0x0000, 0x0000, 0x0000, 0x0000, 0x0000, 0x0000, 0x0000, 0x0000, 0x0000, 0x0000, 0x0000, 0x0000, 0x0000, 0x0000, 0x0000, 0x0000,
  0x0000, 0x0000, 0x0000, 0x0000, 0x0000, 0x0000, 0x0000, 0x0000, 0x0000, 0x0000, 0x0000, 0x0000, 0x0000, 0x0000, 0x0000, 0x0000,
  0x0000, 0x0000, 0x0000, 0x0000, 0x0000, 0x0000, 0x0000, 0x0000, 0x0000, 0x0000, 0x0000, 0x0000, 0x0000, 0x0000, 0x0000, 0x0000,
};
}
